0x2a88b62af6db9861b1859bff5427895d025e63b6,21
0xa5cf9535d8c963fddf8b4d2910688fd08e3d4fd5,16
0x952ea8ac9a65fcacf9ce57cc0797726962c7b614,13
0xd0fd7d903536f3c09fb4e9b969ecfb6295c61217,10
0x821fb3d066b1794b28531487df14a0465aa7759f,9
0x2135e222f465250715646a38e69518ffd4013f39,7
0x277d976de6c9db3f0db3ad2fb9ecaf3581df84ff,5
0x20f316142d7c388e497cdff037ee41ad92b7c420,5
0x64b1091c0626a38d313e06f84b97df828a2d6539,5
0x69d7dcffef87f243bfd72a5d6b0ef4a5385d4a0d,5
0x338994c282376dd729875b5c1c38d49d52e4e68d,4
0x564fc5027be63048121d54608cabf441e1f63473,4
0x675b0eb3f4b69aee250b0939e1aaacb34c0c9faa,4
0x179d778dd381d02c57e1082c73ea1367b9e1711d,4
0x579c870343d855954328ff0dced56b6890099039,4
0xf14e74510bd67cba6a458245e771fdd0f9c38c4b,3
0x4ce9444ab98962ae1cea3cfd00460bea3d67a17b,3
0x6a8c4de1a8b47a5ee21ecb089e2da3ab61b89a28,3
0x0d0cb0e747ef8c376eeba2903166e47d39cf0723,3
0xa28a92fba3c85aa186a4eee67743f9a0a57f70d5,3
0xc3b61b8f367f4ff1a28a9c1b1fb5c2f850bc7ac0,3
0x3f7c91e0c5254de90380696fa9e33c32ca67aa37,3
0xe02ae28eb98d5807379743ae2e6025401ee4a5b3,2
0x10c5348f86c387831272af8967632f4421ae49e2,2
0x8eed6a455fc8bfde703ff097c1ddfc5318d497e4,2
0xa359c7bcda584bca4612161179bf36b6ba13e43a,2
0x2fe972927d0740474a494f34c4fed3fef3948b08,2
0x9b77185d0cb462d27acc1a28a1915a5a332b7729,2
0x6ef63bcab3a3440e1998a4d84fd1e347312f33a9,2
0x0a566270b3659dcdba017309006b63cbd3f4f50f,2
0x0ed1e6ee8b17e4d11074a39affc8b78c40861b84,2
0x672f28a7c84528e277623a70c90600d6efca4362,2
0x7c82a6a8d7c9601f6a2e04d71ead60d7dc12c853,2
0x8bea0eee839a22c83626d57d11a3a15fce6d9adf,2
0xd5d0813ea12172b793b13bc2b8131eeccc34c6e0,2
0x81c35ac5d1699884fe88a7812c6c8e4423d03d74,2
0x98f278aa4c1f35c40197fca9a0a65225a3009246,2
0x01973b582de3fb9eafd41f0280eb81e10078c473,2
0x5079d8a1160657cf20290e9a3a3cf0fd30b835a0,2
0xf18656bcb412036859feb0212b85a9a4fea0e347,2
0xc5c6d849ebcb8bc7ac41a80cefd208a87d7ae5ab,2
0x7a353231179ac5792265a0f407bb7152b192f2ed,2
0x1c5e2d15a35ddb2730023922d13b8d1c5349a5ea,2
0x37c44cb051c2cee4133b3f3b4e3c2ab4812fa829,2
0x4ef878dfed8d83cde4425deff202a6c5724a167e,2
0x5967abffee7740ea10fbdaec2eb613fcd8f4d03d,2
0xa5485d78df364f000cfbfa03aa30dbf8163a705e,2
0x87a5f8247758fdc17ca6317ba074c2c1b84be0fb,2
0xeab2a6a5010dd6ab4ab0bb330336d689fed38538,2
0xb9af57f655438c8378679330884bab6d2acb24b8,1
0x60492a421454a8b06c4a495d263cb7cb7b1c414b,1
0xad1467cfca4eee70f2edf18b27c657e1bd7ebc19,1
0x172d03cedb7b835ea1c8962181f09b9f1aff4516,1
0xc05b1022947220473a4c7c7dee19286d68170f50,1
0x6cc3b02e6f54fe6b90948a10a776ec10539090ce,1
0x5dc45bffd9ce7e3798f08d8fe39ecf84a1ec80b1,1
0x916b601e00a4a369a0f02d0baa5e46aa04b0b818,1
0x74b6d6d3cafa4b0f7dc30d9eed10fb4f09dd3e88,1
0x29d0b3a29fc3844c96c48b7d454ecd9c57835a65,1
0x397369670fd289e1edeca1f679ad359d20dcdd57,1
0xd628db053b1fb216ef8d81790238eb12182b7610,1
0x92317a960b48a29bc124abd4cfa8a054b9bf6766,1
0x15dcc02ed780c95538b3684f7b05c5ce9b766ba0,1
0x06803c599f616c79d50da7184576bc89d7473dcd,1
0x687b322144ceb67675c9066d30b5717751ad56e0,1
0xd61fc0f7fc08ff7ddce705a47ebaec6bd481514e,1
0x78d74e5d07f744fe14ea94879f3158df9d4549a8,1
0x49c4c1b51140e72c7a277a9efb01a13c68ec1ee9,1
0x7a6a8b846f01bd1b03716e2566ddd0bfdeced403,1
0x54927acc4191460dc2c4fcf028c9a1fb7d0d9d9e,1
0xba8403c47246d17eeb3a7c8ab144c1ebfcd625fb,1
0x3445bf5a46decdb46bf60334ff59c83d7aae9cb9,1
0x67ac0f5bd81377e940e74758c8625ac0319d36be,1
0x6d542969fe331aa068c687a07bd47442b418f184,1
0x49c1b2b92a7b8419b49393abc07a271b12279a85,1
0x6dd36ad3e465fec6d7ad6147eb9042027ecd5b16,1
0x8b2cc9dc35e24b8485698723f513102df72295d6,1
0x5954639e5cdf58a32a2f952007563eb52a882240,1
0xb4fbe42cfd1705aeeb5772d654189267a8a3a2b2,1
0xb4ba5fe9f02370879104cbed289b8b048a5973ce,1
0x9f5913055dd2fbc3d6126828222964ecd0e49e56,1
0x5ef6a47fa3991669347ba40b400d3a8e036efeeb,1
0x0319ead10166fb9f9a907856e8c03bbdcee06ce5,1
0x144020e3428e17d3e32be937d3291ee90ad59880,1
0x04fe896673f62ff1641e2b0316fbb084f2c1913b,1
0x8767b0504daad0605ffa03448b286cf09a9f8e96,1
0xeaa06c64b56ea34e12d0eb31706d6bc987752e3c,1
0xbc2e63611a6fb97150def512ebaf3f11ad082ae2,1
0x22216c51b8aed7fd980753c7782a3eb194e8c822,1
0xa42e5373feb4f80ab230b7616d08601d4f11ac07,1
0xadc0f0be674f3e7b225cfb6d3cca984bc09ed5f4,1
0x5806b8892f0a4eb308855bf6807426721b225f14,1
0x04ae05dd74eac00161eb45aa4d48ca803e4bab3f,1
0xaca6e37c9a5f388c0c93f15e24566aa37e52c277,1
0x86fcadc4ab4ffc4943b9085119cbeabe883624c1,1
0x90f102d39c38cf45a2a5fb5b19ef243876841d76,1
0x6cba0ef97a26252aa63a8ae0529e3c66f72e84a8,1
0x09b27214e6e95c980f9d788de33c8059004d1a2b,1
0xf024776f157c0cbd7a5e84da9db6f2972775b0db,1
0xd86d81e0b2629cdc4883e01e8b430a27c45825b0,1
0xb8fc18f20b7ddcc2c2ab23f052d60da28e0965b9,1
0x5cf6ca52e9b3103e5d987f95c2391799310611e4,1
0x148900147f91046c8ffb93f0b56cb3565d46918c,1
0xa3da0e22cea6e23d6b048cc267997ae1e9b74cee,1
0xf5d105e9807900ab00e93b93c6fdf662fbd09e21,1
0xd2ef23ea827e80d88073496c568543570caefccf,1
0xb61a512c4d2b42325b8a3bba7b2f3b251be9dc14,1
0x426e1f4b5245afd5bf1eeefa532bc9655a2e328d,1
0x9e865b8737caea76deac1e7b95d1a0ef3fe1665a,1
0x2fb66c4fb02ceb0dbf0f8209c62f21450d4f0fb0,1
0x924efdcbccbaf1508643c6745b503f34f4d2c1db,1
0x521cf3426f84d21426da08043e5a23ec523e6f29,1
0x7982cbf39d9890d5d32ed62e4343755b4ddc622e,1
0x195388b746f0071f057791adc2ef92c479bbdadf,1
0x6ebf6991081f97f2bb346c87020484da2e972566,1
0x7da9a953eb154876c3598b7e463f22b1f714d0b8,1
0x19f0d180e78dc21bd95689650d4838265db37978,1
0x75469d7385c9e2d8ea1419ea5c11b0c148300178,1
0xdc53655606884d722728f0f3ec45233d0efdeb16,1
0xed88408380c01c11bb7c2396e03cdad09de6480f,1
0x541ede3de3de2c6f374475ab5c750771eb3454b6,1
0x775db1dff94daab692be8935f0fbe294215e3510,1
0x5ac2a4ebbfbfcef8e2cc3c47044224d46ce261e9,1
0x3f00e86ce19b79446252a73a3b836f489aef0dd1,1
0x078721474b50f1ec03b5446bdaec7882ebfef9b6,1
0x18caea4c968cd777ca520c1d9551d19272c8cd70,1
0xf75729dca43e96dc38f519d1dbefb950ae95a507,1
0xb96101a852df4fa1bc1bfa9bd9b4dddade01bf16,1
0xbac7881fc09f2b508a98024647ce55d3183bfb58,1
0x8180ad33e4e430bde6497272c405b87f96a2d9e7,1
0x81c370135401f1c15d688d24017c8a681336c80b,1
0xaa45309f95215d033f1695d743383c4063dc3953,1
0x959f4033137c888b51a48dbb81943d6b40fc3533,1
0x8cc7b3127447430f7ce022c92eb70ffec6d74dbd,1
0xd776ea2c62fac4bfd6c2e9eee6df476bb038aa7b,1
0xfcdd9576e57ec7c6fb6e3cbcc776fe018f344211,1
0x88a4c6200535df6e424c5f8a68d0afb7c5ce8532,1
0xd0a207bd73a68598998532c6448ab43ed197f2f7,1
0x6965489d53aa12fd9ca8f51ba6454420c8b0a7a2,1
0x9bc76d29608920f70746f1d2c8335e521ca6d401,1
0x99e9e09e0eea9047ae395a95e061485097130732,1
0x9585271ef51f4fe4d89f0d0573119c7003f2257f,1
0xc499b0875eee159f7d99cb4f7454a8733c15bd09,1
0xd3f1df467567d70d31ed6f97944b1ceddb158e96,1
0xa90e7f6bd725c79fd30c30b784410ea3bbd655b1,1
0x91113aebf344b98b2afd605d607669e8c0342c3c,1
0xff2a8a949fcbe30370b9b640251addf04d3ca138,1
0x9a5565fdec3c999d44e281f1bd587a49e6aae96e,1
0xc2065168e9c8a68430aeafba9551c5ff9f5de794,1
0x41e46466d7e3c92b31d7e228597127f4718457a0,1
0xb03244fcb210827d9ed88a34f5ffc214c76ec10d,1
0x58a40e2398d3db7d9ace7ffebb032d3bec2b53c1,1
0x57d0f76d51777171eef58bc902fcc7df6371d8aa,1
0x8ef6d987f5c47804e64403d942e475f63d84b5ff,1
0x43f6315d41d42512d34fe2cdcf8ac6c34985491e,1
0xd31a6982146c4b6935db450967380c282bd19172,1
0x016e8dff2af2a0d5c65542217a32bc9aae76c8db,1
0x3c57d1cb9b78331193d75ec672eb0bb6c8f1b130,1
0x0ef674214c68598d389104fa014b4f2e4912836c,1
0xb33225ef8d8b4be185129141c70d3ef2c3eb7ca9,1
0x4e279370f3dbd00968152fc04573e95d3be84e08,1
0xcfd332a9c1f2e618050d13cc5c759ab5d22a72f1,1
0x28d1b73dacbb68fe94e7dc766794c7e4aef28c3a,1
0xbfa253e59a5729be247341a3486ef53ff75f3c1f,1
0x58294c6e0fa3717cd9f723c06c21a2bf123ca141,1
0x81b0279ee95ffefdda0c7b06bb896a9659e147d1,1
0x87ef2a9dbe8c9263727326668a0181344d359bc9,1
0x28423288ddc1a5b537a769aeaffb390a37e0ca8e,1
0x56e04d6469a063f0b16d0d5abcc7aa2c65f07f32,1
0x4827c78d327b094e78386dc98a36e10be234137d,1
0x590e4a4a4c22a782ec1048a0a883d514e9efaa0f,1
0x08efc1d74c86198ce19b9e19748c72980133812c,1
0xedbe37bd503dc6fe1e70013ec18f1a071bddd2d2,1
0xc834c132afe914bab02bf62cc7d60aca22d4780d,1
0xc21851684fdc3b56e9dd556b2dcf6faaa726d6cf,1
0xecec66356bfa85b85aa06b0ce95c4f6b5ec3f65f,1
0x99ae5557d37e36000904f04bdba6ed5d55eee04b,1
0x16bf74c956956d1a66722f69bfb9dd230205c403,1
0x8016ffecfb7ffa93d4e628543bfb380337431055,1
0xe032d74b573f973f043b50994897b2c82ae54451,1
0x367db4c66d92df9a99a4ed63b5b8152fad15da21,1
0x5a39a6a87b36246e3fcda61308249d06d4b7446d,1
0x9155c59affc5d31dca24478ea3335fc5010200cd,1
0x22f5227c4e6024ebfbe46e8eba9e6cd8d6bdb14b,1
0x47886f5343ebbc0678050383ce1caaa40861cce9,1
0x5090609b3f7d0d3082dcfdf980596d22c87f2195,1
0xd8abb5294bda3368ca6a2dfebde0935fdfd5654b,1
0x3e39e2bbbeb9e3726db735dacca3b348eb2d9dd4,1
0x432f8ea2c57c0ff95e19af62eb724093030ce552,1
0xdcebf6543632fb1e7041af35a2fde7ac0e05e14c,1
0x104f258a163c05b3295203f98b8e3706d4cb1312,1
0xce59a89b4204d23ccf89addf093c49eee17e1258,1
0x52fff46b4d2d382f1502af43c946d9546f8f3ba8,1
0xda28c5053196de85eb341ef65f0c8801615d39a8,1
0x3bbc2788ded85243f583090862260cffe2b9c796,1
0xbdfc4f398ce4899a66112e921942da9216f45953,1
0xd418aa8f145e597fc18f9b0feda914b0beee345d,1
0xe5fbfc2b67bfe40a33e79785a4f4f7feb46ce30c,1
0xaf3b3a48ce8d3573c734ba95978525b4eb6c0d70,1
0x7f92fadf5af32d01d812ae5e9e0d19b54d689d21,1
0x618e9533c758fed4e2966ed6c7cc5b9808ab120e,1
0x22d537912d69d474551a5865fa6bdd1dd55e6166,1
0xe20dcc76c9a8bcb83d96f6231baab245b2e2706e,1
0x5104789a1519d823c17149b3d311326ae93fa14b,1
0x187d3e57aa640ba76ac95a34a34056ecea2e2fce,1
0xd974caeea1c097647d6fc299bb5d66fdd06241d8,1
0x72738d9072902f88eeef91f933162618b9559b71,1
0xbc37c037efdc8136fd80f94d89cacd762dc52204,1
0x4902ab504a31c79bb073744a9cead4688c5b3585,1
0xdada4da2c077a05b74c4a2f13e1f724eb881dff5,1
0xf0c182a02c7527e1214ac22263ca63791729d083,1
0x479fd93e990688f226f97ff343011800f4f785cd,1
0xfc1db806d57d784e97a8105802b49ff03bfc5ebd,1
0x006ca04614d7dc5913b286fc3e1ec70581af03c1,1
0x9f2b17c74941a3284a0b469f695a40c1427c8ca5,1
0x7eafe8537df7e32bf600d73034c88fd4b78e63a2,1
0xf09c7527b876819b9d7db1ed2a28eece5fc7118a,1
0x04df6b268995493daadb3411f27ab7b8ec5abab9,1
0x50811e8b91bcfa6310e2bd5919d6dfbc9b3a1eeb,1
0x5dfe73c752246e6e7916d92e7a779cd503e79202,1
0xe86557d360a9d261307a4786d1f9edb81de7f175,1
0x2ce650692e70b56e0c6befdfcfbb926debd53ac9,1
0xf85d09ad83fc0ac49d92d17ee6138d83b03d3b57,1
0xb3b615ab7916f12ef7b1c889660c2c8a3b361afe,1
0xa0784bf3c6b601b097f0461ffc1cf66adeed8fee,1
0x4604936c2f4adb1998b319a86b262cb879c49a94,1
0x9452725b812b3df5be1707bd9fa4e70ade9dbb24,1
0x50e886fdc516021f6543593bb2e5fd91171a6cc7,1
0x8c43642f46563c8def5259b786829581b4a4cc5a,1
0xb7f1ffe6c968729e26624344fe7cdf865086b132,1
0x8b919f46cebb55dee16f728f976e36cc587012a9,1
0xc0067121b36119741a146c26122ef49e0e8c97a4,1
0x6021bed37972ec6ee0d5112695c87ca8a8b87dee,1
0xb0a80cae69b9e77d6fccdc8aac24a15481f4b11f,1
0xe4ac1d21c338a49f8e485f2f4f923ce82dffc808,1
0xd13cdd82071feb857b0ce5b8aa05d401a38aaa4c,1
0xcab19ce32b92898d572aa4261e4a2b968a0d273e,1
0xc9017e92e1bec3844b3f2346ddcde83e4acf245d,1
0x69a26af45e0f14eef7b8b118e786a135cfd974ee,1
0x8e7823ccbac1a415979b87ae9b6609a0e2619bf5,1
0xcf0e824b954eaa93633d6c1b5394336f291cbf3b,1
0x087ab429de9ada5f40b80972dfc27e0013bf0a72,1
0xbc984e1a5b5f461648c4dd796cef2ef745a922b0,1
0xb65fe9177c83366fd2cc5b02f36953d733090761,1
0x82d51cbc76e1640baf4455f6a07d749295677ca1,1
0x2fe0ea7df6888c7d5ee1ce5f93dd37afe4e77e76,1
0xb8cd71e4ca2b0e7341a74c9fb56e046f44bebde2,1
0x6aa69e7995ad7fbf37897e565b897ceaf4eb711b,1
0x29351a592f8a865b9352485f5e07d7bbccb6d467,1
0x1f7e3e9d12154d472832b04a4e5cc932d12e1964,1
0x83d8f5f5da85dbb0f5ca719d98ec29cf2eeaa132,1
0xb2a6f7178c08a1bee2913825802e2d1ccd66d0b8,1
0x3255e9004524709a66cc082c2f72eb41725d8a1d,1
0x1f4b39f7fbd7a0b1ef7cb6443c5e08eec1649625,1
0x1df03258273b07377b1aff16b9ab516b69986d83,1
0x89485b57f02dcddb40edd0770a6fce5a1b8c7031,1
0xb30dadd3b62d3f63c23578208d07d47a8ff08531,1
0xa682bf078d25dfb8ba689523b0f90f2c26bdf38b,1
0x7671614fe633ff52d043cf6400d7e91927cc7b18,1
0x85b8b7e00d6843c73d9f41e646bf7d0bc4bc238f,1
0xdf0121dfebddc9423c2d73c15f9dacd1ddb5b987,1
0xc29af19ce8dc8a07bdc83a5517711a060107aa3f,1
0x591305d91f62ac15282e3789d65f2c5696b473a5,1
0x17a8a5226686261a0a7361ea2a4da1dac7cf99d2,1
0xa209ed0b856f4242e4594b5a0684434e859eacd4,1
0x1b780441733d29b7ae5dcc239641b4568a572877,1
0x8d32250ea4ccd65762f9def4990782d85979f1db,1
0x056e1028b040d2551f44b8c513d42c44f2291d99,1
0xa84e8ac49f6eea4fec824c8da492875242e1eb09,1
0xa43ba7a062b9253a8e3a003f5b5f466911e328c3,1
0x1abb8d556b1a1d6a4206046c5383d2f19262adea,1
0x7bd2316f93f551d25197c2609b8d7b01073ea6b3,1
0x0967d633d48db5114c7b132c89decf7419cc5950,1
0xdd26d9060f035efd1c609e4f76dc624d6ba289b2,1
0x302449998eca06af840c484817c068b364f7930d,1
0x17d2215134e7cd513ed88044d250c8338ce30fa5,1
0xe836d140bbca6aedb055c09acc860e771ecbefb2,1
0x1dbd8fa1541971331fd04cc55ef604bcc76ffc9e,1
0x2dfc2ad5ca8dfa1b0eb8b0acf7fbbd2988f3cec9,1
0x2cb500bb1e2ab953573e6a609d8e6a479bc9126b,1
0x7416bba8567d1ac0511ebbcf3053ba9d7845d77f,1
0xdef4b2e7c6fb098aadff5776a70ce27e7b4eba45,1
0x4f00e627e9ac72dfb3127d2b2ebd66e4081c22d1,1
0xf55369de9c417e6aee657828217b6824961df4e3,1
0xf11755da4bc4bd865e75dffa845c21205d42ea5d,1
0xb146d3b7441643736ac00428b5456ce9562021e4,1
0xdd1ffbbfe8b90cf956be13a8c12f39d11e45d7db,1
0xe82703f4715b4ae007b79e0bad3d5bd74d8d368a,1
0xb74584b46cbe5e5e67bd8aa9b1234ac026bc1d78,1
0x7b0e06df0034ed762f48974d0e15a357cb0a0f71,1
0x3e095dfb3acc89df01572facedd7a29400d4b0c3,1
0xa70fe4fbfd3d3120ba444c436ed8c9c81bb4c3a9,1
0x45189eab696060df2465b1695418f4500273c58e,1
0xf2800cf314464b373d36cdea5fd7142109f13056,1
0x3c7d219909dcecad5350d322cf33a5f1ce9b7ad0,1
0x104b3f219c704600042a0b0cbb3615bf6739fefd,1
0x040b642c43827e39f2438bfca932c3f21cc37637,1
0x906aea7a8c4c9ddf232d7ccb664f14ba556e3c17,1
0x45c6af25e1458f0811a3f0a674dd9e0614a56a46,1
0xbebf08e775960b7a10ca65073768f9213b55be94,1
0xd683c0aea66d0dc44b90aa798217bbfd9dcd1a66,1
0x42c10f69fc261ec51634b502f031195b0176018e,1
0x8fc0d70813d15f5e16f5fffc6f9d203371dac623,1
0x093fc74a9f17099630ab8eca2552cb3644a26732,1
0x1510d4b7ba8cf8bf2b84748f71e3e7d806e1ee09,1
0x66dfcd468d5b12dafdf7be069e618095da1f947e,1
0x52bdd08eda492f2991e438b9de0d735a36d93774,1
0xd135e30197b8437e2dbb3562e7b842154f7f255a,1
0xec92ae8679c705da5c586938b1c63214a2712024,1
0x7457fd965d22fb844d3e420494eefdb5df4b9a98,1
0x884011b2c269ca769aef235cc61c0f48154de873,1
0x75bae50999b1919948d5661e18165991e569a028,1
0x5162a2050cd060c9f4c58c4c2e3697c4fc7806d1,1
0x0e4884b8cbd3a27eceaa5b39c90f9bcef25c2cbc,1
0x1927c3956108ce4887f03aac770df22f3838795b,1
0xa9cee578951bee8d85715625f73774427e06adeb,1
0x4ccdc6ecd09e823365c53672dbde3bccc2e58341,1
0x1a8d6d5abd8948b647c51bb7b071b718fd90d6ff,1
0x6d723bd0f523b6c4eb4eec0a7671bda789c8074b,1
0xa0169c40a83d6feec40a08eefb7e8fa1f4ae61c4,1
0x294676414638ec49e0785e8a739e73d703d625c0,1
0x41631daefd18871d6b798aeabf24ed4f41de1d56,1
0xa62238a9ff5be617a537a7d7fa3351a00e3f09ff,1
0xf8bec487c9a3df5f66c25e67b83ebebb03417020,1
0xe53b85b2a2c4477160e1529aee4349217284f49f,1
0xa1a5110c6c9d9409f5f22a58612238423c9fe816,1
0x9c4c5d4d63c6206186aa0bd733e6f1082367ded5,1
0xd44a7bad6daa61fb967e685eb73f7271002c4f9e,1
0x684c8ac23d4587e4453bb39e8c34a388ad194fff,1
0x5c4a2f2e0ccf94f0e33b750bd03cb63ef5393eb2,1
0xf3e61b42c6d01a09b952277f3a8e1edfa5673839,1
0xaead9e9190f27b757e798ed256e3193c4fb381e1,1
0x934afdfec1b37534517136d9cb643b81e1fdcd60,1
0xcd13aa8d415c22f09e44f8d172bec39ab539504c,1
0xf8894c0a83c6c1c1164189088b8ea576b2738721,1
0x27d192cc1e97cbef4ee74afadd67e2d3b7d41d4d,1
0x376c07da87e927a4e8b1b75da9a2217160c3f3ff,1
0x30a359c3f0335e4ca5106414cfd79779e0f8102a,1
0xf89fdb5352317ae1434e46b2a592a73183ae5441,1
0x7d346aaf41745f87e71c4f8af9647f4aab2c4c31,1
0x29d174c021064a770ec6bad9516ee667a2d1cc0c,1
0x04d39c34b4c2e8c9a2dd13b9420136d4dd9b65b5,1
0x340f58c02420792ac0df3cda48d5dcb70a767ce2,1
0x97136df5029a10365210795d252cbd351ca57955,1
0x9fc6527a6840c47d66ce44a1156827fafee5926d,1
0x5b1a808d3e388dc0fb16fde65058248a8348b77c,1
0xe25d0412b0434d728b1e4b4f51c8b3dfe2ab1319,1
0x3ef1a5401b7df038edc088a2189cca5e20fec7fe,1
0xffebf63e785f923027e3b38a02e95f1c74df5517,1
0x8bc10913ac183bd663ee80885f59802766a74a49,1
0x010f38b4fd7b3309923f5e920670831b3e58f69d,1
0xd40f45d2c0cbe258e0048e59264bed782f486fe8,1
0x3a18e6c8e47f9c141a8b43f3bec5ba6b20865f40,1
0x69eaa547551b310259ea3cac1bcc925f3fea3b20,1
0xf9b759ac273681a1db1290768728916c06f5037d,1
0x1c3037a2889d05ced442efc5fec6acf86c55c114,1
0x20401bc6282a6c8424c84c8bc0e6fd7266ccfc6e,1
0x65b3271119719431d13f657dcc29322d077bd128,1
0xab2a376a432142c3504c271a2a15b1cd8aa9cde3,1
0x8c8504f476c184e298a223d4f841a7b4ed514d25,1
0xe7b6255b1dcb6b06dafb41d79ba783b6b23ea84f,1
0x841a20b9e871ef5ef37d67cc7dabd51444260971,1
0x7393df974e581958f1835cfa94f0481e52e0c187,1
0x59d64993c81d3f8ce89e560516c9549a6bcda9d5,1
0xdfbe3aa3fd7081540f6eb62c4714974663eed9c0,1
0x0b4953cde569c0cc0eb9916248f2189fce4f1763,1
0x2c167eb1fb6237c2526420c6c1a3814c4bf5b6b2,1
0xaca0764ff1dd4591fdafa93f2502649f705a66c2,1
0x69fe404549e112f34e41c5d761462253aebf1f1b,1
0x137af4e3a383196a464abdcd5f2e1db4afcf80d5,1
0xb17b1a42875109b4b4eab3d3c1961f6d77864706,1
0xfb02da86d7ab530a7d90e0d1d32a18ab9b661609,1
0x4314c8f6392d877446578407d8ddc75122efb9cc,1
0x187fac776ba451e41609cccfe23bd7e393acde1d,1
0x01ee16dd79f77a0db6cfcb21e5dc6190ecb502ba,1
0x987eede7e3963707e683f7663c9db12f5ce12dce,1
0x92e1479d825a4c05b042e34c986d6147936a99b2,1
0xd7d4f4d454e624889bc5617f177dc0b4719bf94e,1
0x77e6bf90eb4059ff2153b445862d2060f7e4df62,1
0x55bf437771b6cf30eebcde92bd712a06de4e2876,1
0xb45f39f1908da4549df59c1c1e1847391b15981b,1
0x91e50f5507d291b908c2e0b4cc17aec6ec03b6e2,1
0xb927f2e5cde5d81ead6dd08a9b47ab48ef54bc73,1
0xa57dc2f35914b55fdd1f6f4964b0339171efcbe3,1
0xb72470ddc4054ee86cdcc3b6f245500774b30fcd,1
0x0b411a59bf89e3d740fa9422bef4f3f8b24688f0,1
0x6164352729dbf031f15c2493bf9627f7e6adbdb2,1
0xc9237de0bad60e6a6f6999c22d5b1a2da10f2279,1
0xfcde85d7eccf9f97c6e1d1f3d4398dbbe1325a50,1
0xeb2ce99ece97b51ab5559dbbc4394975253f8230,1
0x28d0c15733d23231fa5c6ac2ca493f9c2f747f17,1
0xdbd21e74903afe12c6bb0195c6f82e2ef8fb41e7,1
0xaa2c2910ed0d2037106182e3048a043da93c1640,1
0x7125ac5eea7bb5ae92e03bd6e83cb56660a54a64,1
0xc27e9faa112c14ee4f725d352c790df159a099e0,1
0xcc93255af201f00ec36baecd3b9b0fcc61b043fa,1
0xf76e1ac671b97ab8c9c672e75f03b944ad418438,1
0x4a09ff28d33d4cc768a42e1d8cab319ace7e4bec,1
0x58ee42eeb159151d5c89c99071f9730ee793b8e2,1
0xb6d2ebfbb7ad7ad276afd01667e6339c84d8f748,1
0x3d6402146c2820303530d6b720023a67546b8f48,1
0xb1fad4621494850305876f256ab90e5632778580,1
0xa9f93a80c015d0dead3477081f2d4fe1e781aa48,1
0x18c2cebed2ae2e45075c765e6aa97c413f565176,1
0xefd00a2a9163e833bebdce74624657c63613a5fa,1
0xf2ac860eecdb89d41a4633717e33b76327f7b2b8,1
0x5620d6f9dd9e7d98b4168764389a12967a909933,1
0x22f2a67f068be6635d526878b024cfe5a4df8121,1
0xe1287b451731c5e8625410b59fda8e9c8c240098,1
0x599cf200c63f52de5aec6b13f52d1bb4f3b484aa,1
0x44604878c553afd783a47df9c1631d13c4d43b3f,1
0xdf86fdd7cbe4bed371e5278d25e3a3ee5d8f56e7,1
0x7e2cbc8a97f6bcfee3ce66bde6cccc0d83e07cbe,1
0x3f63a1c657ae95fa62de2e7fec0480d48e762ac7,1
0x4af0d57494bfc06f37b9bb90e8eb65cd2cfab5bb,1
0xf3402cc3f8d40a105a7980d5ebebe23de937a971,1
0xaa31ba0c45ab5ecfdb7fdbde53289eb389dd9866,1
0xa85fbeb4818adb1aa8fe92ecb04f680db6e43316,1
0x2158cbed68f8a9a0e537e78d42a589222591e13f,1
0xd2cde3a0e267b7f8cff979ee9dc5ae0a8304ec10,1
0x9b4c12f42a0d014a414234c47a6cccf6e3549bab,1
0x21be3ee19f12da8f3ef59208ab7b661f16fc2f43,1
0x286904195a29c0e37b828c9357e78ca1ef864996,1
0x3c89f89ba52dabed596231f72ebbd62558bc0f09,1
0x051dc5ae8d47290bfafe8b3e313b2357227c8647,1
0x49c5f0a6175e60dab9b81df33322b744f2b54fea,1
0xb2b63afde36dff7b32698a8ded5bcd90ccc1da42,1
0x028823a166359d25f40e5fb50ce6f5678bbb62d0,1
0x06fbe67549133e78a34a95b795306274dcb03680,1
0x6e03fbb53f977ad3df806adbcf44a81e3c1f7d0d,1
0xfd9e9da6fe2fdda8005ebc14cd48c7079447a34b,1
0xbb1a3513f076353bb1acfef92666d8f53d7704bc,1
0x5877eab2dac7889495cc1d03631b9848998bf50c,1
0x54e2e8babf81c5b4c4533f1e79cd46bef1e3c618,1
0x14d843eec9ea8a681eecc3b1dd6500e77c6572b1,1
0xfc8b292d65e244cb6afd3749710a54244c34448a,1
0x71bc4d48f5653938dcd6f74500443e47bacf47a9,1
0x6a5c9ec4718d5704cfb2e7bc6c31abcee9459720,1
0x872fc717fa8c944e4657e16f1c1400a880a0e167,1
0xff04fe58efb70d7b277555a667da5391bfd96886,1
0x4f476111a4cd350cfc7a435cbc54505ef7f66647,1
0x071e96cf11c567778f3ab852dd6a8b7c4496a496,1
0xc05a9a1accd62afde58c9a233d4f597661dfbcd8,1
0x440b84f908111d935286f6914e09adaae28daed4,1
0x9867f0f36bd78e4cf4a13645000dc71f089f9210,1
0xdec4d3196446addaaa618c1b64b94376e8b44642,1
0xc2ae0ba94ca89ae3c45aec459482ce884de9fc4b,1
0x6bfe277603a228ac0ba0e95721086e5a5519ddef,1
0xdbe05db97eec873a7a1a294d59ed9bcdf4ed5eaf,1
0x1d09a8df5c079bcb6d86018585a3744ea4e67450,1
0xc6eee7b212f6b309dd51809beaf2b163b2ada75b,1
0x8ae068da9acefa947674304014c98647a27bdf0f,1
0xe0fc3491943e201e3198f7276c5ab11c4d6c31c0,1
0x27089c50952d6495de2f6ca1383dc1427fe41741,1
0x1e58e2be07e83e9998f35f3ab34cb99c980db911,1
0x36e356264cf3abb8ee310396ca497fd79520ab75,1
0x74da54f44975a1c224abb5cab8e5fc38a268b425,1
0xe88d247566fe0b178e23b93d98f414dc4d922aca,1
0x5703fbf98b19cd5fa4468074d814d73cac74f988,1
0x64767c3077a4c5250043e7d603ea9d4480f154bb,1
0xec5cee9563746b4f98da7c1ddbbc460b168e0628,1
0x1aecaecc0eb9320d91d42f1b9fea111285b567b1,1
0xdc7391466fb4233d535a5e85d2da3d26d9760ed7,1
0x069cf6394107260a843879cd487e7c4884c36d91,1
0xba0c4dac0268e6530bb17725ad33d576efd7ab19,1
0x0104a3eecd5e2f7d43b69d6060eba17814898486,1
0x2dde13d7c78890f820ed7495df035328e25adaab,1
0x74ebdb5c77f31412aba66a1eda62e00f19625552,1
0x09b46aff9114182704b3ab029ca3ddb591c46b4a,1
0xa9616e8c864c95a593b5d9b8434ac5d66b4ca832,1
0xa2bc3aac6b8d60c0919c65873f1f57a9b4914123,1
0x809f3ff997cc7fd4db4385a9105bf293335aa7cf,1
0x91da0189895452d8a27adadd8255a43a6c8fa1f8,1
0x7ce12ee31d93971b342e42bab52459d96459c159,1
0x1eff7d62f4d70922c340feb6f941ff4a94b17a09,1
0x7fc07e0062452f464f0eb20bd9d2913059fa7666,1
0x365c3e51bdc17f6c8b69073b9d11aa3d297a5ac8,1
0xf6fce8906cd31137e806ba4704ea20ced4da0434,1
0x979872fed1b0d9515feea59a803d179b7a465577,1
0x5e5367aaa55ac315f48570fb14281dd47b389ab0,1
0xedcf619cb28b3f8179caf2eb1159a97dcfff9917,1
0x6a17351c6ac9a515840e8d873689d1fa511bbdc0,1
0xce2d89151cfe1e0cfdd58704d26356ebbb388587,1
0x214765e7501cb6d79420b94edd2b8838bbd38e37,1
0xe8d66d665b5aef47633c12c3b8fc9249bc55a5a8,1
0x38b9d6b08bee850ed529be7c680685e30b194bda,1
0x9d5d718d202be539efdc33405d066f5988009b2a,1
0x978b15598ca02755d896b930bc21527029f36944,1
0x0d816b1f1b2b137ba3e31183e7dba4bafa68d0d2,1
0xe12697ab3c458bfc2e7d23a222f6933dd3bea387,1
0x3859ec3caf0d0e87aa7e2b08e82fe36ce332539c,1
0x0caae1767bce4ac3426f2d942be84f695da98e3d,1
0x085126abe920a457d7625efb14df99d3e7a5ce4e,1
0x64fafd104f1253f519291e679794471055cc855b,1
0x430e469a7b7d1898301a239d345e2d0534181d1c,1
0xf89b33d8d1e77c654fc0a0b45f95dd67d93b96a7,1
0x858c46e2354c0398afd8e575c9fe69536b01fc46,1
0x4db68a01e9303e39bd98bd078540b2994ce9652c,1
0x9f4578bfa2cb94c3c566341c559c1fa1f0e1388f,1
0xb4d6770288d56b0ef7c6df626e1e6bdcfa343721,1
0x9c22365a98b2b61c9ad69eb0a27e03d2f3577058,1
0x7e3d6e023431aa157bd989e07567c4ba5f888f14,1
0x65f35ec110e7389a12262f7c260c343fe77c5b24,1
0xceab5f4f56c87d3f0f2bde9a80202d2d0bde8017,1
0xcd77b828feb5a1041327223f3286a13f5553a16e,1
0xfb94379d3567b97d62c11f7d68a75530885e4779,1
0xc309d2dbdee21493023a6807196d6e075154338a,1
0xdd46073b40fd9d84cd33201ec126a4500cb3e842,1
0xec02073050552ec8c71d1f351a7fc26c1e77e298,1
0x1d2eb1b905920d0a9537335329f493df31e198b2,1
0xd4b633eb7b5b773103133389bca7e32235bcf62b,1
0x60a083a320c4c227e8f49548c801148694e71216,1
0x9714fc4a42e7cb576eca7d4497d7d561b602daeb,1
0xef5f5d1695b4a0e8e87a1c71a0cd01af85ca9819,1
0x27377d376922e28b7aa216915079e41a9dac6ebb,1
0x82b3c1bdaffec82ef978673aa50edc196093e4a3,1
0x836562c483bcc2e1f1af89da13cc3569f7c3e09b,1
0xf78ef9ec6073f425db96a75ed9f19ae5e79238f8,1
0x3caa53d729c6dc6de4f262d2d75ddb96434982b7,1
0xc4d31386cc00da27e7e9a868d8e75e574c7cd212,1
0x9dc67797a6e66af7f09e1efc9655b71e0ff4fb2d,1
0x9a71190e30f7bd988e9ef8b9ff69780f542e617b,1
0x24a40d90b3c1969edd9a274516b25d815d9909fa,1
0xb41b2394239ac97b0b9f19e76c974f75537eab93,1
0xf55de8782ccbd38a5aecbb00723e1a748d4eb77d,1
0x14126131926a56701efe081cddf14c1337a9fe9a,1
0x478c01cff471009f0ab52203079822f48709e992,1
0x7197e84a09b59f746ba27339c635db5e92dd530e,1
0xbbacd6efbf88f8235ceebf75745bf06485bfa16b,1
0x444d310a2e2e787411d4f5f7f29f32b338afa77d,1
0x9793b114c184eebb978c9089f0beb2e5c9f7ac98,1
0xcee3ac9a199cca7e687777a3c46facdfd46bebb3,1
0x7e5dd5f5564a19a80186a1a008b10f4b4da081ad,1
0x17f67d8fc5dc6f0b4442564af539edddc76aaf1d,1
0x0b858752eb66c0386f86a12b6db42ca4dc666924,1
0xc0a05080fac550e83e3f2eb77ad95e05859c6a8f,1
0xc6e975b7876215eb8d7d0b449f5f61ffc6897f28,1
0xaeead20e455f69b3eef4a7af17fc0dda8c15bb51,1
0x4608cff0bfe12bb837eb4bc6644ceb80d7d7563f,1
0x18c279bbe4336a6bc7b2be50ffdc4eac1f51d742,1
0xf41e55f38b1ede79ca8caf55ae48c7346fb78b85,1
0xeb270ee80cceaf3553eed51d31ca8b2e38f4f43a,1
0x9504daae1a11441851ed15716c98a42ebfd7340c,1
0x6a3122b0645d240c08cd81e8d3b9080ac0fa7008,1
0xd2f03c10e73b2b90ce25e5bf07d240cc562fe4e6,1
0x8ae5cf44e2e1dae319ca4b0e52c01e6a79065695,1
0xe9a72897492ce06e78368a1446bc9270fb1f3999,1
0x56f85ba55ea555698453fc76700e02675e346bdb,1
0xf90cc100ed0ed450fd84800a76f8d7e54347be9f,1
0xe55e84bb33735b1a208bd2fb05c731cd3d60705e,1
0x6aa51660dff29a27d0a00f76178d7b60cabef47d,1
0x66adcd799e92cdf753aebda81db4dc740be25df2,1
0x72e361b8d0e90962e276733cb278bf8f2e8fd9a5,1
0xa61ced33575375479372182b674ce5057f31b482,1
0xac1a678c254a74c54e8d31de4d5b901fa10e2a82,1
0xa10b8950a4252d9fc7fc1b065db81306c0d18312,1
0xc07e1d86a22b3c23a02a98da0446ab468bba2e99,1
0x064c59a2b8f4cd825ddd8b773dc7789677a5f500,1
0xfc60edc258a5dcedf3510f608c8ef3bf7c64d4df,1
0xd2d9a3701edfbeebea0c63fd8b9773f8220f58bc,1
0x01985bca5d63503bffd7bc39d9d08e9da418c75b,1
0x6959513ebd97a7161cb0101b5be3bb39ede0e043,1
0xd05b20da99c7ea7a465065429cc96af01d44c918,1
0x2cc8f9e45ec1f92418bd6c42d0a8c4aa5aa1eca2,1
0x7476c056dea4a5f6dffbf9359f9060c7e32404a1,1
0x06be6da82ba9756f0aa3a4ad4da50be2e5335f22,1
0xeb8bae04fc0dba6d6129e959b9c18c569ea58fb3,1
0xf18ee9952a7c7e6baeed0fc393d387f3e2c856c4,1
0x787919a7db5336dcf16fe629e5e128bc4a156b3b,1
0xbee796e1ab86de18f5439096f2afd4d0e0444d05,1
0x90b9669138a1d6b21c160470dc65d87b70d3c3cc,1
0x3e1ac6607e210bfd0117897bd3d4a60acfef0dfc,1
0xf1d757b7331c5d353304a8b40a6bde605d908ea1,1
0x4cfe2dba2518879539a1b9b55d1eea39b20c4506,1
0xff6a3a72fe8ead0b573e8aaf8f1aa11e00d6ce7f,1
0x3f432386a1a99484eb51380683d384511743c4f2,1
0x0c183b61fdce4faf0419f9e280703fe23458fab4,1
0xb962e430375d8a6761f583343b96d5e89a8ba07b,1
0xcdabd3e6e1571a7745a96857ca869d9aa9cbc5b2,1
0xb9a813fc8e4124c0249fa81cbf6219c8c0aecf87,1
0xa5ebe5d1871cc87480b23126fac13d7161a5c1d9,1
0xbcf03b4887b2a21eb9454b913f7ca48bab8f8b76,1
0xbcc6177df140eec1904987bb4951b05dd7f81da6,1
0x173b71d19e0b1f3012fb3dc79cd0031b27fa2627,1
0xee094220ffba80a52ff4916a291a07cb581751d6,1
0xbd4c39bf4fd4e16aad6cdbfe0018c65500efacf2,1
0x13407c62558883552183dccffe81141026d5613b,1
0x7f538cb95968ac5e50f3b0ee02358c9e31ea3ce5,1
0xd2c604cfe2c616fd0c0d3b32bf9833a2388b404f,1
0xa31ddcfbb7d4c9e671556042257a768600f55280,1
0x6d5e028bc73787fb88ed9878615da9297ed26f7a,1
0x04000e766528dc2ee136b08328e1405cc7336c6e,1
0x1dd1adbb5b452e6d842765490dd3797e9ac66119,1
0x8206730b683c96cf9cd088847e8e47974d368dca,1
0x19730c8f89b1adef0328f806be8529f6566eac28,1
0xf42f0589dfb8e4579c6922fec127a71098579cdb,1
0x626bb41d2aa6a431532d1b67284d10bd8f6b76a4,1
0xc1284681a470d23ac2086771fbc84d5824f60abd,1
0xd8d0c63f7e61b23d874f7afd4324c7c29ac7205c,1
0x938c3dcbaff8098cc2b8eebfd1c9513543fd6b5c,1
0x5f84093825cc3318ee5b6644214c1e46923fb5a4,1
0x186fd98294aa6bbc245d2abeb61a60ff72f2db61,1
0x1bc14c951e68c41e50eab1a8d3bedc4e3364913d,1
0x0d187213e66bf354dab7eb2de63ed54f8edf11f7,1
0x557a88ba4f78342facdcfd5a144ca626b0446360,1
0xe4372e804c49ee2be63538509d75456cc4828057,1
0x00967eee711ec809300d864aa8f2d37472d53c50,1
0x0c290df1784733e4aa9f1cd3c23a087943724d34,1
0x4e5b4f2e75c17066a944e2ef6b3c0ebf4f5edd1e,1
0x3c27e492dac9f076d8aea1f15790561219ea6e6b,1
0x7324113e4d3ee4bee93d5913ad42436e7bccdfb2,1
0x3b8868bbd131cf3ed888fb5285b0a12a70dfe850,1
0x90c1cd6be26252684e5ea20cd1f11ca2f9a27301,1
0xb898acd2356d966aa6189873d45fa7a42a7764d2,1
0x7fdcb34fcdd883c156184655edf1624e6974ee7a,1
0x7c0e4a423c2052463d2e9858d1d3e327b16c4ead,1
0x7e430c64e2b48a4c2d33c58f8e7c85614fd46610,1
0xc0aac2f834f203bed2835ff1f375f15434a92dbf,1
0xe51bda68da9880c553d15b6b41ce15c802e3fed4,1
0x2b2ee0d16c3c332c60f2abcba57cfbd56e5c469b,1
0x2ac44fa34ab0a972f3c729587d0cb090694d6624,1
0xb8f986e2000ecce2ef56ea7401ca7a014ec19c56,1
0x5d5dcf64e965f70f16b919006f7929887f3d13f8,1
0x90747a6d030d0d1a25e6b0881f757edbede6a913,1
0xb5d149febb06d36996426633aedd416b7d0cebbd,1
0x5a243d536702b99220e7573b7c51d5be80b3221f,1
0xeabd5eeb5f8d61c1dfedf5f64dd06c62c748fbd9,1
0xd8936e602e38dfee5d6466865068b94b1943debf,1
0x2106dc194edc43951d671f6503c9893577c636bd,1
0xe70bcc85dee955a9752e930237b040b04b7500ee,1
0x8aebfd50017ba00a970dc87fa5ee6073cb070710,1
0x4fd4a31d658ff8be34df381c287f1dcf53b28459,1
0xc15073c85c7f1d41262192ccbbe54ae14e573ba1,1
0x71138cb33da0690292fbf9d61a93f54a4a60760b,1
0x703ffcc90e52c3ef577ede7214ba98987ef66c81,1
0x30ce546240eed8ca09222c1c63d84ffdcf0f6abf,1
0x1a94f6595951b26d57bbd605f99ba7e12e1a5409,1
0x31b332324cb98f41412b12b9385745b58e34ec99,1
0x0168be6608a1b7a91612e1437f8be4cacb600057,1
0xd1d8c05e9df3d9e5dd2e4b15db1cab286904c809,1
0x8d24f1e066e0d17226ec9571d2c0d4e3472ef8ff,1
0x6fd495a33cf25e1e6edf0a945698c52c4611c34b,1
0x01e7cf758c71db9b0e45dc875a7f65b25cab9dc1,1
0x2ff64db51864431e0690ee5e3180d59691311429,1
0x3787c933470aca32a2af9dea77b864283f36ac6b,1
0x01e3b015a3cbb82be20edb8fdb7a78f59802189b,1
0xf0f543badbf8ab2965cf894056b8e43e5ea67a99,1
0x92c50b1be463833913cb3f6a4095c13606affaf7,1
0x01cb81329376f1edc8a5280b23c1ddeb0d7b13e9,1
0x571053d54dd9bdcb0ba4f0e16db966e3a49304c7,1
0x7bf1b023b71e242bc4afa6537005e0227d811388,1
0x574577aee5d9af356b6425bd28bda68d9115a5c7,1
0xe922b7ad7944c86612555fd71799c7dc12bf63dd,1
0xb84ee26b7e4fccd44f07356fdc2fb92ad0e5dc96,1
0x64c46ce5ca74405655d8470c8a37cdfd1910f29d,1
0xd2fa741369df5d0b60558222f5ac51982937c3fe,1
0x4e999b2f125c2e28af5b0f8fc6f78414212cfa06,1
0x8c3fdb52926c74d38c62a71834d94f4c5c1fa201,1
0xab7682f122b4e4839a76e4b99309b5a39b70b67f,1
0x6c5df12fc38272feb8d8c9db5b46195240500634,1
0x4e199ac4c8d4e36e42083ab063a52acc06d1a81e,1
0xd517174af4322bc18ce36fbf90248e1560a48368,1
0x30ed2a6b9e63098c977714b820b316a3049df1d5,1
0x036b6866a6f5afb20040e6cdf92d55c49ce40af3,1
0x89c5d7bd9507038b3f823cddeb6d000357bc3f75,1
0xa275b7c7bcae41031312afdf4c9f4ad7b6f433cc,1
0x9a8787e4c0ed701c507ba1f35d5f1aad4dd68791,1
0xcc3cf5365d1434f0de46591131a0616d8e30401c,1
0x34f8082dbaa0690973885047b0a0ebe825d9c82a,1
0x70a65aa0cb3ee82cf8ba353d585f880c943d68c0,1
0x7dfcb332415dd84736ccac38e318a696b8948d76,1
0x8d6fe4d9557c0aab2a9206eb652e8243fc4e864a,1
0x32b9c866cff839bdf140b139600f39f0e9be40d8,1
0xaf12e575f275b45bb0f084022565d4a7cc328392,1
0x5ce66f35b519d7c0510e58595640735384829244,1
0xcf718d856cadda8d071eda4c01300a0ca6d10bd7,1
0xb6dff82437a42c2b33fb4a511fa17da3bf686eb8,1
0xc8b66fa499f34a9345e5656d67f68f58d0098745,1
0x04c9688f0cb84175ecb4f26bed482ba58b790f9c,1
0x699c85e069a9e5eb03595b47af88ce676a0db122,1
0xb9c41aa24ae3d574e6ff7384ca444a17fc687d7f,1
0x32fb9044eb352d3af05ccc203850e4a572e278ab,1
0xa129249a653f20b220ead8364ef547f9961e0da2,1
0xda9879318cabc03b593b988f6037884dc6f1b302,1
0x7b4fce0cc93f72c2a63dc349152800356101088f,1
0x55f123d1d846b667217161bc63904ef1a98d1c1f,1
0x48edc6f2433a25059b853a07a3b895c1c75ea357,1
0x6e679729642cc520a7a35e4ef9bc1e85b8c75501,1
0xb07ec928f7ce5f2996eba928c1b64a14efb0a940,1
0x4bacf33c81acc116bac742e3afd467e49bd91893,1
0x4435dd258593dd58de1492877a9f41099481a643,1
0x6c7c778338b72c58d70f0c31794b629f2d4c9750,1
0xd599685b50dfbed90011afad0a76c4140c5c1a6d,1
0xe70e99cb20752918c108fbd16a5e5117f956a42c,1
0x877ce833c53802b68150d6cf6c042b20d2c6ccd3,1
0xd39372b49dddd774d764764ab2dfe79e9b9ef6a3,1
0x0e896c805ff448d8261f3334dccf6ff7247049ad,1
0x0f498b330f56ac1e829ce1e1e142bef271240194,1
0x3f0bd8515e45c12ea2f679c7b36af74a1fbc4187,1
0x89245a7d92572a6b023b94a50ceb499f093ded5e,1
0x9c68ba4ee4573642fce67e158db13ec4d97d9fa6,1
0x4bc63d07b7e2b41d50f381efb3a8833786b42c2b,1
0x5c0a3cbc05f5460bbcdb2c483ceca439d0b03fa1,1
0xb033f92ef130ca9402500490f096048fe66f5244,1
0x18bebc439583a3f082731f26b28c369cd68b9ff8,1
0xed720111eef96b46776b3855c96345851818c50f,1
0x8b70e7a4d86a5c11dca051fe1ac8f03577c68f47,1
0xde7d22664da1659951fbdc2958f6f334261e74fc,1
0x7bc0b0f9a34318c9ddd324489e2ea1aa6f8b0a23,1
0xb40aba038e3f915c51363cf3b4cd0e53b2be2995,1
0x289d87f701be01defabba5c4ce535ed3f26528b3,1
0xac03ea3663faed70ce8c95240b13c8ef6e10972e,1
0xcb7081c3bcd978d6ce24c06fc98be937335005ed,1
0x4c434cf2ba73139ec5f96f1d6f4d0d394011654f,1
0x5749d059b877c5b779fb0364643288f82067f29d,1
0x862653f3179c08fa639fbd621c09d954ec41332e,1
0xb9ce7fa212981b8f90c3f029d2e8c83764d0adfe,1
0x865520bbc39b5a5a9ab3c5cdaf47a3370012f51f,1
0x5f472a77b52ce7805de18d81a7c40986cd8a6f89,1
0xb34fbc9a5724cb891afd7fbef65e1ceed090b940,1
0x92a36c61398b6efcf436a8362dc95a84f685892e,1
0xbcbdac6ce720c4ad1099417a73b3bba6e22af50b,1
0xcb43c5718d8061d88c2d33b593264658e8f78d01,1
0x1dda7fa2b2768361f1c031762f53e93966404e60,1
0xe510239de637dedc841d58c63f693b2197fe4206,1
0xc12d31fd7d25e2df19a314436afc025b046c04b9,1
0xc42aabd34085f7a50b711bcadb6e9cba7917e75a,1
0x36ddc43d6fe2f0a2fb04e834843dbaad761e5d95,1
0xab0a4f213f22bc392e4e9f507f159ffe86a0d353,1
0xdeb9e92e1058f911905add4853774ab1245bb049,1
0x10c49faf716c3859999e2a5566effeeeb8386225,1
0x9166653be787d3a9dfaa1717aad36dd8d654cc66,1
0x5dd5af3ac256a3913017d3645a491c2ef935887e,1
0x824804d5ffb09638a65c94d07ef473a74a16fbf6,1
0x92edc469140a6c95585237c51494b9bf7473b2f2,1
0x1509a7cd7236f8fbe806154c48ca9a426a68e1fb,1
0x3667df216bb470af4c6273047e43e56530e53fad,1
0x7f7860668caf3b8875f1005f09d34377ea28de5d,1
0x854b7b029f7e355a23206e9e8b5dc98284eacfc7,1
0x8d0be15f3014376f21aef4610dbf8b1e958f75a0,1
0xf3f04fec2bc1de5589fde00c25ac61c84c214736,1
0x9e09402cd28e416e16533064b586c0097cde9675,1
0x23142e3711d300a2b9729a7ec5053e83dbe73885,1
0x9a47a1530710d4a222063d371042c087dddfb631,1
0x0551fbdfb3d1b26491de69e8947cda516ed6edaa,1
0x92f16229d6daef7492ee3f41f278d6ea71cca6b6,1
0xfad8a9a1cba60628bc4a27dabe3826c2cbfbe0dd,1
0x1041d2df603457e93b73ef4a14acbda6bcdd6a24,1
0xfb471f5fe7fcf15865c7b5d4ad122a5a24c210dc,1
0x822065a707311f65b0709b1f464a69bed6c90805,1
0x143212fa4cdb331649c5eda2f5643342dfd093b7,1
0x06b31a710260908da16e978a034495454dd68937,1
0x8766d2af26ce439693cb6fb36329255c44d9c70a,1
0x14b8265bbf19d724916e79643cad9ee57eb64404,1
0x94074ee120b11613b3e30d9d19a6edbf539fda65,1
0xabfaecd310bb3455c767f1d10b94ff2a00146e6b,1
0x7821432ac8331b42461f084de3989a4a65598175,1
0x370d1ae9fd616b2f89bbb4eadb3b904ed01df460,1
0x63c7ea7b52de35f44068b63fa7f50ac242122e99,1
0xd34ec7fa9dbe90b341294e705d188d01419fc065,1
0xc26b38c3013485acfab6d39929e1d2b50f97be58,1
0x5261855fcda00b96dec7466c056489752a990712,1
0x4128e7a5fdc85ce29773cd3b971f63762cc66e48,1
0xe67e1113890175370534d07d4b7bdf68acb887d0,1
0x7c87b5aecb1eb14268cdd2a86cd7e351f7dc316f,1
0x60e3478d09585f6777ce7a5f11dcc4f543326994,1
0x0b7c2689a043e609b5f8468c9b7f1a7a1038dd55,1
0x7b357652971a82d4497a5420adccefd5e528ea90,1
0xca152bd8725c4f93604d96e76f61c7e8cbf0966d,1
0x4074901da5e1eb27c6791c168435a915e64f20a4,1
0xc05a21badd508f3349f3d483296acc768c2ec78b,1
0x58ab3bd098908ede1fef919620b85643c8547a15,1
0x5a89020a78b49cf3cf687a817e08effd9a03f25a,1
0x60fe678f985a5cc9e549c7832f343fc6fc0f88c6,1
0x04009133a874a8b2af140518dd520af3055b6c43,1
0xf461def79e6bb611f8bdbd3e31c972edf94491b4,1
0x6a1bb73d8c584c4088275cb826bb353212880ee8,1
0xb027f9b33721ec128b0511a108914a3d60004157,1
0xea51fd645cc1d392f6e4f5e38bdffd6dc2f7c530,1
0xc41f57259d2d1fb202d503a8134b74fd623306ac,1
0x55e7144582b340e83d6612eb137440cbada04d48,1
0xd761bdec7542140184cd51d07ec077ee1e930826,1
0x0f53fe082126651d7d737ba158ffb38b4b5503bc,1
0x05181e262155c13d831377502dc8e9291fe98ad2,1
0xef7b44853575ba8a0651672f819569907d790e05,1
0xe9980fc9261cf5dbf7b6d022e2fef72bf0be2709,1
0x644897a0fc650550182197e08112092e701050ba,1
0x43e1cc081184078419f07bb7efd7b5c05d469e13,1
0x3328e4f9884c4fef3c0abb66831f15824b5b8d7a,1
0xd6c44f9fdb9e03bc839851de735b6ea485065316,1
0xc1137e0cd516f9059618d783ebd743c10442bfaf,1
0x85486fd4c597e8a5c4039c373021a9da05558e75,1
0x9b60d442ed8c91a9e2ea552c35e95e443b854fdf,1
0xf48fb1da4d24a43478b5107f47acb7a165b5c8bc,1
0xb7f377c882d4158e63558439c89ac3c7bba8b0e9,1
0x45c9d6e557d9ef9790600bd8ebaa60c1668ae87b,1
0xc15d6e60323bd35c4b41d6ef8a42a60b52058576,1
0x541544a8d2587f38d4853f6049e670c38f5616ab,1
0xa2c53b6b1cd523ec19e8a16dee60a9d60aeb0183,1
0x18ffe0ef3ab518d59e29d672fddef0d0131578a0,1
0x3b8049238390a9b584c3b664549c6ed2b4d9c9bc,1
0x22b29d249ce9159cb5d2e4d6aa395ccd1a5ef0ed,1
0x804077226afb07dc23cc591d7dc4f3d31e270fb9,1
0xee8cf463499a1b7835c5595c860beaf30e66a6de,1
0x116cb28877d0b0a4801770134488d411d8a24342,1
0x94a63d2bfea32c258821abc6113099f2631132b2,1
0xb043f779994f45bdb56bae214fe61373c76bea8c,1
0x92bc4430ad7d53dd6a797c55a33dfa8e64e236a4,1
0x3b50408bb223022864c65409d46de4f658d79032,1
0xf689b3c5c1f739aa301ecada1a825c68515491a3,1
0xd532ac7a15ed13741fb273db10a8c4cf6e03e6ac,1
0xc80675f35272daa77783baca9b61901cfab72898,1
0x3014a7c907d56fd2c1aec8c215ac5e87e6997a2b,1
0x59e111dbf1f9aede93a5cffe4282842a9b12a07f,1
0xe2fe8d07631287d937853487fec58c9eb41e1177,1
0x6be72c1c18eacadd0f5bb2a26eec579df4e5a694,1
0xd8557c422e5f8bf3336bb16eb95ec9d7dfba096d,1
0xc2ee4cafc352221b09f7848db603852aae7a5705,1
0xad88cc205b1de8105e4035bda0de0700e58997ce,1
0xa3c9d170ebccd4fa3040d5fc5949ecf4c946e3ff,1
0xef115686189763751b634a3ed2306c6e857094e9,1
0x5eaa6af761cbc19bde274a1c213a6a377ca7ebcf,1
0x000f8294f6c646a80da02a82ad1829bac85da489,1
0xc4b7f807f9cc5cbfce1a53ee015326f5555dc04f,1
0xb56e92bce1a89edc28f5bc6bdf25cfaf65d7c72c,1
0xf77d7f45f5ba0076f52321755318306972f26600,1
0xcbf3234943c38f44240572af711ecde3e4416d9e,1
0xd8028f6720bd4e90f3db48a46de33b64a6c5f842,1
0xaaf6f4022038cf68c406f313f3c4f87e0c95c4dc,1
0x0ba9bc5073b0a44eec82ba4192d9c030eadc3dd4,1
0x5447938747b975102bedb57c92bf2812039c2710,1
0x8b3cf9eceaeaaf4faf67c5e008c44f37d76a9e02,1
0x880d4adf3f0fc5ac2acc96d6c20cf2274064481f,1
0x20694f3f56da826ceb42f7292be835bfdb263ec3,1
0xa936e0399e02480bbc8f5fa5b8069facd3820c1e,1
0x1bc0a357304dbd7459988f6f3d6745ddb467b9e6,1
0x379e81c6c71f11b575f7408d52d1d6b91f1efe03,1
0x50f539ca1c12e594374ebbcc19d9ce3a07c25e25,1
0xfe001a739eb781f1bf1cc51437b98e7c868e6711,1
0xde9758d3563f418b3220643a9db12a28194e1aec,1
0xbb252b1491a740ca0f74374ad6b4828d303ee76f,1
0x86fad4c4eb8b4f5b5ca574c398ad06ffe8e91157,1
0x8e0dcef7f5f1d97e09ff92db8fff4dc6a187cf0d,1
0x95b48b48835184e1570e062381a10703dcff35c5,1
0x303f7092862113f227d6a7df3f30b98ac3385277,1
0xd2f13a71f1844cc79db13665ba1870715bc794c0,1
0xe402e4b1f617c3e84d66457e288eeed7098c983a,1
0x2dea214cbadce27126029decfb9b99e33ab669d5,1
0xba8fc959b7a913d206e0e7e8bc1cbbf7bd58cef3,1
0xd27da3cd50629f17cde97ed636156fc3e903f9ca,1
0x376d9fa373ce788f80cc2bd575df3bae2c2a1d25,1
0x2ce75e40cdbb6c944e4af671108dfd589a0ac28c,1
0x9b21a58900ffc25899edcab9b6314a99632b8c72,1
0x3d8b70ec9a522d50a3ea8c44cd876068ce8cd45e,1
0x7166f3b33e214664b6a859c4bc189ec7a674457c,1
0x011ca83832678f070d54ef23f01b1b55cd4ee8f0,1
0xc54a6dceb8f27931fb3e9cd03de25c4337e42c56,1
0xf4f740cd84d3f7a7a550a392c97a2dc55c4a28b6,1
0xdb571405b49b0969bc03ab266153085c2ce2119d,1
0x8484e21c521d4945c88a6e39e0d76b7e6c333c49,1
0xfa7ab557074a3c86db8f309bb6f34f66e375cf1e,1
0xd86a78e8f37682d436e51ba347e5d209def37750,1
0x9608cad397e13b58aeededf172e74eb6a668e557,1
0xd18ba77fb0398b59073d754bc48ec38fa3d4dfc6,1
0x7d04ed5e89e96eb383ea350c93e28adfbf99bc92,1
0x93eeb369e91504bf78fcfb13fb01b5ef4344f622,1
0x20707d916da4332b27ad10df9828d03c26d4e7c2,1
0xded0786b2cc88203c71e984f31798b1da1b21c13,1
0x2248c6bf74869bb6230cf8110f2e86c23e853c23,1
0x63229486a65c14c232d9b33e404e988ce0d66f94,1
0x3d40c3454b8d367610d0a4b830c03ac1629bf6f2,1
0xc4eede12c28b1ed6060189fc7c0485460543aa53,1
0xc56326004b45595906eb12b10979f5159615841c,1
0xa2be818f7758482b8f11e267293c6eccb423177b,1
0x2e03cb00c7ca27baaf60c1bfc5dae8981967548a,1
0x0eed6dee779607d739c7d995fc0254d5981d259d,1
0x4582f018ccf5936e81e92137075f08035ea6aba7,1
0xd64fe2900ce5ca774f19515927e567f923112afe,1
0x76cdd347157baa01f3cbd4bea69bde66fade3b9d,1
0x928e84fe9bbea01c7f1d2c29074b879dd8df6ee1,1
0x297237fb2bfb04ed2ebd20058ddbe403b07961b0,1
0xf4a71bc627dd948f44a34474f0c2dd7b5fc5b37f,1
0xe9e07505b92578088a7a66b23bcd22dab8e29e5f,1
0x71d1e36889f1359beb6b617a9574858c2f43c5c5,1
0x22fbab2c330bc6d92173e283463a1ab14add6a39,1
0xd6d2b11f01a2ad8faec0946bdfa09dcf70e1e485,1
0xe279178f2fa514c4094a89d1ec209f9d50051c0c,1
0x76ad0d6ed27a0d07eb116f3dc36965f1de76a472,1
0xbce7b5db0eb176f65137abda104d38f9683f1734,1
0xa96d22ea0dc436467799562c12c119a771ec3459,1
0x41542e7443c9c4ad16cc3bafb52b4e8f8636e51a,1
0x7132b3213480b7ded600ba347755edea0dc65d1a,1
0x0af1caf50e0c8a7015bb18cf56b0f445993b38aa,1
0xf23632856c36b3e1d075ce283cac210810bf92fa,1
0x76ae8d3b00643e48cd0151bc381cc7a8d7ade7c4,1
0x25c118e4818bed82d24601e34c71d8675c5061bf,1
0x39786c76037037fa6ad759780e501b65fc8b5b66,1
0x7814edb1a2c97ad7e985b824585ae745d7b972f1,1
0xb8e13041e2cbecc1ef82df4da0885044e6f37a11,1
0xec4b9af136b833f33bc5c26b5bb81933e4fabd05,1
0xcd3c66e7f4967e60a1d0d4400ef631e4c931f02c,1
0x07dbcea0b4e35af3506686bf0fbd89d4ffbea65b,1
0xc804644d2cc3c93b2e69bdd9daffdf2d85fa8da0,1
0x5d9e2b6e90b2fb70dda6209e86eef677e0f7353c,1
0x81728bea5e20beb141dc592eb0d61701b930aeec,1
0x632222d014d7452399650aa4afef081719e51fd0,1
0x67fe0736bc00f9561267e0c2d9496cbaf077188c,1
0xd7cb65f9e387c020d4193f56488ca79730fd6b0f,1
0x2ba29aab00bcdd57edc41feb14ad0cc8068ea301,1
0xa6157aaccac19c7450d3b4c0d9026cc669cdd916,1
0x94f893ae7cb0e1bfff3cc1aa81988fd5de2441e8,1
0x260dd184c1ac11e18fea98533222fa39fd38cdea,1
0xf387dd4f2a446bb059ce679052a66a20846db8e5,1
0xe6a68005ebb6684d653bc8481f4b7f67331dfe2a,1
0x0d8660a6f2eabb3dfafb6f079583fcb26e05fa69,1
0xd5124f5c2d92277497822a2dab66e8feb02da366,1
0xbcff0624eb072544ccc2b683dbb91b02ebc9fe8e,1
0xe3f5ebab783b3284120add823e99f07efa724742,1
0x25c9c4dd1d69785e234ee05a12e35e1cd2794646,1
0x126ecb512fe6090dfd7b293f531e372363834ecb,1
0x22ec67be4593d6d530c6550275a3d72f1aba84d0,1
0x66dc2cccd7fa6206617a8bdee3fb6dc21b848a3a,1
0x29177264204413beb8e8359a565c44523e1cb3c8,1
0x5640886c8152ccdb7df7cbd8b75bd8c2f8ba2b7e,1
0xfa05003eed575920e06f3f45592db7a2b5e36295,1
0xb560a90c4179bca159780e6fd72f5f2b98ab65b1,1
0x2bd76eb4883be5cc4ef9d59a46b45557cccbd726,1
0x1894173f05f3527bbc2de2c0afd2a7a5b1708952,1
0x2e431cc27efde280f99b823b2dd720d1eb8a9184,1
0x77d943e04879d46485605986681c7de51f68a8ad,1
0x15c087771932fff99d738cdd97c3f8230aeced79,1
0x32311f824ada497e7f684865c59cc4d4dd9fb3b9,1
0x6f50fcb087bb16be6cf2817c2e9c02960b3eb7fa,1
0x13ee050fdf4857a1731a7bee3efc8710c1b945f1,1
0x9ef3fd13fb4555ccf04bca4f8f50ade6d9e60a09,1
0x1322af40c8fc6935a4e207f3398a8ab7f51ab77a,1
0x1bd8d470bdaf7aa54a2a53830e86dab469475870,1
0xb0ceceece2b451a6db7fed9d309ac3ddc78762c5,1
0x707e657a111996899d60d53fd373d22192690a94,1
0xa6b0c0491e3556677ca26c5e3676f71723ab2074,1
0x0b06dd02f0fdf415aece9574d28c739a7e2e30c1,1
0xee7f67a09394d7f31dc7c9d618aa87c545fbe91e,1
0xa19cf57e308b133bf51f9fb14ad5342860beb83c,1
0x3f77c7083e7dddbd315715c36e13895c714cd428,1
0x1a61722c7147ae2dcd524a7de42486ad518fe6d6,1
0x7f7068ca56147dacb32be7a73cc3808f606b15a1,1
0x387fe86d6abfdc8c2c3a01fef3e6f8019cbffdf2,1
0x812c8e9f2f780415ae60f165a7ed866c7251183c,1
0x6f26891914aea1090083008b55c2c588f20665ec,1
0x5f6e9b0d2a1fb2b7da09437a3800ff2d22929484,1
0x1a8b24d1bc77e9cf237e79b5cc3f789d5e6e5f43,1
0xecf19a04bd8070e7fafabe9f1444a1138f16eab5,1
0x5541ecc782cdae3f6d0923ac5d86bc0c6ad5df6f,1
0x07e22cde1b229cf38ca39c3533992e0e610019d3,1
0x7b0569dfae8291677094e9051520c049ba884395,1
0xd0e2f0b88f776f689c9d7f670c7146ab728a445c,1
0x10eb6649a24687d85a1574a089d22cfbc932bec8,1
0xce8de1bd7b2798cf32ccf13a2f10341e78dfc5c0,1
0xd2e43a7975986f0f47329026ddc6537a63bd2c9d,1
0xb9f8061ae10c30f9e6de4d42cf9c2cd43b61de33,1
0x41a435c28e6886f1915a67fdeb27c0977d499d7d,1
0x3e29f063445cfb52bc3025bb344de7450ee185e4,1
0x9219915414d86628121aff38b020f5afff530995,1
0x242c3bf2591e72981af8096c1530c9f8dc5b6b5a,1
0x217c17d7aeba49aa7d79aff30f1c9c2078f7124d,1
0xef51c02e5dd3c057bb5d894ac6b302a0f251aae0,1
0xbc402c303a925c5d668f32e7a428e597ae9391b0,1
0x80a0280a6fdb26ff1fdec281918c5a0486c9c48e,1