0xd9616f8cf1220b5dc2d1131bf38f7250126abc4b,1
0x1bAE3a3B6B132240EE497102CE77C3d3a90F7f40,1
0x1bAE3a3B6B132240EE497102CE77C3d3a90F7f40,1
0xb5450682fc7c6c55af85df50f9a9fbe4c40664cb,1
0x1047642e7d07565a8411023feb067a652d507edd,1
0xdcf8b5fa9b29e61ed13a89ca2f5c4cd7a000ee54,1
0x1047642e7d07565a8411023feb067a652d507edd,1
0xf359e9b5143b31dc1cabca3dd837ea66390a7354,1
0x05ddc671dd5b2ec311af8a13e6572886e65e21bb,1
0xb7ed44053e4f2bdec162276b8010dcafb1adc334,1
0x6fcf79d627a530f435de9751a63c3826d59c9cfa,1
0x3Da7B8a0353Fb926168a2464Ffc4160be49b903B,1
0x63f7547c9addeecb27b9ca612424dcbc373eb3bc,1
0x7109813826de93697ead1725085a84886ae91b13,1
0x40067338446c9909ed78040d1e94b9d9a61ca696,1
0x0F3C5e934effdC85dF5De68E0f96039deE07D4Bb,1
0x135ae846ee028d24a75048ee0dbab08236433fff,1
0xe03c00bf3ed68B2bf602439062B68eed862D126B,1
0x06803C599F616C79D50Da7184576bc89D7473DCd,1
0x06803C599F616C79D50Da7184576bc89D7473DCd,1
0x29d0b3a29fc3844c96c48b7d454ecd9c57835a65,1
0xe03c00bf3ed68B2bf602439062B68eed862D126B,1
0x06803C599F616C79D50Da7184576bc89D7473DCd,1
0x49C4c1b51140E72c7A277A9efb01A13C68EC1eE9,1
0x29d0b3a29fc3844c96c48b7d454ecd9c57835a65,1
0x005eDe4353980Ee9C9F7E5D4D3Be1C8Fe4616b02,1
0x78d74e5D07F744fe14eA94879f3158DF9d4549a8,1
0xfBf73FCaCda14697C3a4A4357E6447643B3ffBE8,1
0x81A042146b198B60B0C1f7738001c12266A2635F,1
0x8E3379b39dB6B58BB06Dc099c334a223dAA9CF09,1
0x0f7C2B0bE1E098C66057E75D53a53Da75D13197e,1
0x3Dea269f3D92936Ce2E5a889b8643004bA82102a,1
0x0f7C2B0bE1E098C66057E75D53a53Da75D13197e,1
0xd3200eda487a6e97f0941b54acf8f21b17c8c896,1
0x2D7e2384507D1A5a567522c18430dCEb81cc38f1,1
0xc1BC0BF7099277F7D3FaFDcE471c1F14BC61D54b,1
0xc1BC0BF7099277F7D3FaFDcE471c1F14BC61D54b,1
0xc1BC0BF7099277F7D3FaFDcE471c1F14BC61D54b,1
0x1f4b39f7fbd7a0b1ef7cb6443c5e08eec1649625,1
0xac4e878cb0011d4a1d23aa309cdbe899936761de,1
0xd61fc0f7fc08ff7ddce705a47ebaec6bd481514e,1
0xd39372B49dDDD774D764764AB2dFE79E9B9Ef6A3,1
0x7c82a6A8d7C9601F6A2E04d71EAd60d7dc12c853,1
0x877a115950Eb5d380c93B7EA5B5216E639dc5d02,1
0xf2Fbb7077E804016fD53Dd21935a650fd02d679c,1
0x9F5913055dD2fbc3d6126828222964ECD0E49e56,1
0x9F5913055dD2fbc3d6126828222964ECD0E49e56,1
0x0523c946995E519FF575AF6c7e69ba4e02BCbe8b,1
0x595a28363F3E4941a51B46fff7552d1E8A927B17,1
0x99c3C8D64587749A03CFac14033c949a125B7618,1
0x6D542969FE331AA068c687A07bd47442B418F184,1
0x1C5E2d15A35DDb2730023922D13b8D1C5349a5eA,1
0x370D1aE9fd616b2F89Bbb4EadB3B904ed01DF460,1
0xfFA998F07EAF219ECff208EaB53452CC26f413E7,1
0x77E6Bf90Eb4059fF2153b445862D2060f7E4dF62,1
0xAb5Deb0A14A23A82a93213eAAA4745e38b66FbED,1
0x1C5E2d15A35DDb2730023922D13b8D1C5349a5eA,1
0x8bEA0eee839a22C83626D57D11A3A15fcE6d9aDF,1
0x62F872c9633743030A306F0c7f6C8F4973005430,1
0xfFA998F07EAF219ECff208EaB53452CC26f413E7,1
0x29351a592f8a865b9352485f5e07D7bbcCB6D467,1
0xAb5Deb0A14A23A82a93213eAAA4745e38b66FbED,1
0xd2d9a3701edfbeebea0c63fd8b9773f8220f58bc,1
0x1Fe3d0ACc5E15Da88a5AE1Fc690e6308DAF10FEA,1
0xf3a41b054f79e3F556a18d6e0bedEAcAFC28660A,1
0x1C5E2d15A35DDb2730023922D13b8D1C5349a5eA,1
0x8bEA0eee839a22C83626D57D11A3A15fcE6d9aDF,1
0x9F5913055dD2fbc3d6126828222964ECD0E49e56,1
0x6cBA0EF97A26252aa63A8AE0529e3c66F72e84A8,1
0x0104a3eecD5E2F7D43b69d6060eBA17814898486,1
0x0104a3eecD5E2F7D43b69d6060eBA17814898486,1
0x55E7144582B340e83D6612eB137440cbAdA04d48,1
0x5dD5Af3aC256A3913017D3645a491C2eF935887e,1
0xfE001a739eb781f1bf1Cc51437b98e7C868E6711,1
0xdd1B42B76686f62B0832c56a7874d4f3acbA0dfc,1
0x5b537a59dA8b98196b12fCBb4B64725933FDcb8c,1
0x4Cd4eBc3d215035Ac0A1495F4Bb61d888ad25049,1
0x01973b582de3fb9eafd41f0280eb81e10078c473,1
0x7E9c268d38DA976A1b371Ec72CDC83C728177858,1
0x52ed429Ee4b6fF89c64853758D711BB9579086F7,1
0xA771730E73C12484269b5AE248c833dCc8EF1CA0,1
0x2f3372BdD52c5b7FaA06042ADb8796B9AdD540e0,1
0x75bae50999b1919948d5661E18165991e569a028,1
0x75bae50999b1919948d5661E18165991e569a028,1
0x675b0eb3f4b69aee250b0939e1aaacb34c0c9faa,1
0x675b0eb3f4b69aee250b0939e1aaacb34c0c9faa,1
0x0618684579befE149609ec2FbF909d2b11bD6eE1,1
0xfb02da86d7ab530a7d90e0d1d32a18ab9b661609,1
0x0C7caF6eaee048AE7eBA957C2813BA57044E5BF1,1
0x675b0eb3f4b69aee250b0939e1aaacb34c0c9faa,1
0x1D3988cA30EBE7E21d3863384220d6ED841bC786,1
0x2e03CB00c7Ca27BaAf60c1Bfc5DAe8981967548A,1
0xbA8403C47246d17eeb3a7c8ab144c1ebfCd625FB,1
0x84dd4ab0cf38cf50bc162d088c742379a2958e6b,1
0x84AA09a4000E26FB3c1472A4E8E72D5045AA7D6D,1
0xB3b615Ab7916F12Ef7B1c889660c2C8A3b361AfE,1
0xb687e02eaA9AdcF2De0CC180493064010D05b240,1
0xE3deC11f3dfD4FAB5DB4Ae5804AfE147cC79578c,1
0xE3deC11f3dfD4FAB5DB4Ae5804AfE147cC79578c,1
0xE3deC11f3dfD4FAB5DB4Ae5804AfE147cC79578c,1
0xE3deC11f3dfD4FAB5DB4Ae5804AfE147cC79578c,1
0x1C5E2d15A35DDb2730023922D13b8D1C5349a5eA,1
0xe03c00bf3ed68B2bf602439062B68eed862D126B,1
0x10C45d4a454c8174E8Aa32D89d45B187890e78cb,1
0xdE8b953eAfD05C63D12547Bce980117267F38215,1
0xABB3D44F8AF5CBF939b433439937446ac50deFf4,1
0xABB3D44F8AF5CBF939b433439937446ac50deFf4,1
0x850DaE4598e73cad99E638352717389c422f29B8,1
0x089Da3a56d0ee629d83CC301d1722aB94fB673E7,1
0x690fc1769b929293312a72e802c5eD4ab9f7Dc08,1
0x690fc1769b929293312a72e802c5eD4ab9f7Dc08,1
0x3b606b9eB0098F40b502346D160EBCbb8932e4B2,1
0x6Ef63bcAb3a3440E1998a4D84fd1e347312F33a9,1
0x1c41078b25af77299f44A868FEd693211a647298,1
0x1c41078b25af77299f44A868FEd693211a647298,1
0x81c35ac5d1699884fe88a7812c6c8e4423d03d74,1
0x0A566270B3659dcdBA017309006B63Cbd3f4f50f,1
0x98f278Aa4C1f35C40197fCa9a0A65225A3009246,1
0xC21851684fDC3B56e9Dd556B2dCf6FAAA726d6cF,1
0x3b464c069A714F4d9a12B349b6120AF74c817bAA,1
0x0a1bba8702f76ea5202732dddaaab71297b474cb,1
0xaeead20e455f69b3eef4a7af17fc0dda8c15bb51,1
0x0735b90ed85ca405aecbfb22f797b8c01950820f,1
0xAeD6F1e4DB5ee58baFa0F7A7eBfE0661E737660A,1
0x65237f040AE90Bf3F37DA35d25bAff07f02B07fe,1
0x65237f040AE90Bf3F37DA35d25bAff07f02B07fe,1
0x5A243d536702b99220e7573b7C51D5bE80b3221F,1
0xb3bf33014e6a86e97Ee9fFF72FE784FD5C37F429,1
0xd8d667922f74AD57c504f030eBe2d7dc5d889b80,1
0x5d03d7896d799011396da91763c9f0ca5f8beed2,1
0x65237f040AE90Bf3F37DA35d25bAff07f02B07fe,1
0x65237f040AE90Bf3F37DA35d25bAff07f02B07fe,1
0x65237f040AE90Bf3F37DA35d25bAff07f02B07fe,1
0x65237f040AE90Bf3F37DA35d25bAff07f02B07fe,1
0x65237f040AE90Bf3F37DA35d25bAff07f02B07fe,1
0x65237f040AE90Bf3F37DA35d25bAff07f02B07fe,1
0xb3bf33014e6a86e97Ee9fFF72FE784FD5C37F429,1
0x65237f040AE90Bf3F37DA35d25bAff07f02B07fe,1
0x65237f040AE90Bf3F37DA35d25bAff07f02B07fe,1
0x65237f040AE90Bf3F37DA35d25bAff07f02B07fe,1
0x65237f040AE90Bf3F37DA35d25bAff07f02B07fe,1
0x0D0Cb0E747EF8c376EeBa2903166e47d39CF0723,1
0x591305D91f62aC15282e3789D65f2C5696B473a5,1
0x591305D91f62aC15282e3789D65f2C5696B473a5,1
0x591305D91f62aC15282e3789D65f2C5696B473a5,1
0x591305D91f62aC15282e3789D65f2C5696B473a5,1
0x591305D91f62aC15282e3789D65f2C5696B473a5,1
0x9da1b58123445d68f194f7f961cee42a9987b339,1
0x8ee17b3adec693cf5102eeb0746347a7126fb909,1
0x92317a960b48a29bc124abd4cfa8a054b9bf6766,1
0xbDfc4f398ce4899a66112e921942dA9216f45953,1
0x24a40d90b3c1969edd9a274516b25d815d9909fa,1
0x451F05CDdF6F803f8c01d80Da570D0cf7F959373,1
0x43a362050e15990403978031CC3361C550FF87C4,1
0x6b5e8184bdfDc61478496F0AA096c2EFc5A930fB,1
0x17f67D8fC5dC6f0B4442564aF539eddDc76aaF1d,1
0x17f67D8fC5dC6f0B4442564aF539eddDc76aaF1d,1
0x17f67D8fC5dC6f0B4442564aF539eddDc76aaF1d,1
0xf30ED549Df7f78c660b20c388712f295dA5f257A,1
0x17f67D8fC5dC6f0B4442564aF539eddDc76aaF1d,1
0xaeead20e455f69b3eef4a7af17fc0dda8c15bb51,1
0xd59101108671a2acb094a0313d618db3a109f81c,1
0xd59101108671a2acb094a0313d618db3a109f81c,1
0xd59101108671a2acb094a0313d618db3a109f81c,1
0xd59101108671a2acb094a0313d618db3a109f81c,1
0x49d4bf87158345041fb168e0e16c3ee46e97f112,1
0xbb416393e72540b273d076210f5741fd9e768a59,1
0xd59101108671a2acb094a0313d618db3a109f81c,1
0x1a0932ffa9ae07f562901c85c462c58c0170d0f5,1
0xfe3927f6f1ad07ba5e77c3628e7d2d1ac19f9817,1
0xfe3927f6f1ad07ba5e77c3628e7d2d1ac19f9817,1
0x35f6d4ea84ed9b32667fc8e64ee6f3d42cfe025f,1
0xbb416393e72540b273d076210f5741fd9e768a59,1
0x6cb0f153420cb6fc923010b954637d94c01fdf11,1
0x6cb0f153420cb6fc923010b954637d94c01fdf11,1
0x4085c8a1758567906065c1ef93c771bc3c778da8,1
0x19cf52bdeb965a56e8f4b5beeae2d7133374ad48,1
0x19cf52bdeb965a56e8f4b5beeae2d7133374ad48,1
0x9f4578bfa2cb94c3c566341c559c1fa1f0e1388f,1
0xeaef30462670a15796e9ab37867dc5745ff34e31,1
0x24fa7c5a6d137e2ecf1517b4e1f4ea6fa4fea153,1
0xb9e197d52011fd337c43b8f18c9d93508c5806a5,1
0xb9e197d52011fd337c43b8f18c9d93508c5806a5,1
0xD53F80fb02Dd6C907C6211b06C0E3F13fd3800C5,1
0x59d475c8d67704b586f3e65148beb2a1cd936a5a,1
0xD53F80fb02Dd6C907C6211b06C0E3F13fd3800C5,1
0xC2eE4Cafc352221B09F7848DB603852aAE7A5705,1
0xC2eE4Cafc352221B09F7848DB603852aAE7A5705,1
0x749c8e178eaa24560ee401de9f3652e4b5be2cf6,1
0x6582cd15fe09713421452cfd94fea30666f172c1,1
0x6582cd15fe09713421452cfd94fea30666f172c1,1
0xed0b7c0527737798a692a1ead99d22c0fee1054f,1
0xb7748337adc32995c6692eea539f870ba44f5b1c,1
0xb7748337adc32995c6692eea539f870ba44f5b1c,1
0x4e1693a17debfea3b067cc5cfcb547aa85ce6f54,1
0xFeA2E859606410a29AA4dE1AA2Bd2D54EBC71cc2,1
0x091dd013241e17f346ebc0c72eaac7c12e5f1426,1
0xc5c9F76b5fB2d774AC1905f2a20e22FcB9E9D4bC,1
0xed0b7c0527737798a692a1ead99d22c0fee1054f,1
0x749c8e178eaa24560ee401de9f3652e4b5be2cf6,1
0xA63b833C4bB36bF5E9d1C981Fb17a4fF37dD68f3,1
0xdd13c7c4e84011b22230cd284cd0c48cbeb0b217,1
0x76d987c7fd9e76794728db68d8f53351df3e3095,1
0x8ae6ee0e5e86874936a23bf8d3ac2490b8d6b8ce,1
0xD6cBA759373d40dE28C3d59e5369b590213583BC,1
0x10c5348f86c387831272Af8967632F4421Ae49e2,1
0x92E2886A4087688EF03a5285D018D39d13f28dfb,1
0xc15073C85C7f1D41262192CcBbe54Ae14E573bA1,1
0xA129249a653F20B220ead8364eF547F9961E0dA2,1
0x10c5348f86c387831272Af8967632F4421Ae49e2,1
0xe4baad120be82a51a277f09b6893d73c62197337,1
0xb007bc2e683b5fec3f4b87ad09bc9c48075a8b1d,1
0x48ae0b628fcbbef756d5b2bc0e8e801330e87666,1
0xdfefa5c251c110b41cc4874fcad50b3acca554dc,1
0xe9b643f73607014bfc8c82be524d12a6748ec200,1
0xc8b409993f00f00cf2210c8b4691955fc8090409,1
0xd3d99ed292f09a55446a6dff7589e108227ab374,1
0x98f278Aa4C1f35C40197fCa9a0A65225A3009246,1
0xC21851684fDC3B56e9Dd556B2dCf6FAAA726d6cF,1
0x3b464c069A714F4d9a12B349b6120AF74c817bAA,1
0x49C1b2b92A7B8419B49393ABc07A271B12279a85,1
0xb4fbe42cfd1705aeeb5772d654189267a8a3a2b2,1
0x5cDd5C3977074EaB15a14D742E69678EB78a4F12,1
0x5DC45BFFd9ce7e3798F08D8fe39ecF84a1ec80B1,1
0xc45bde60ed818d32ec698faf9d4393ba6f8d5fd3,1
0x4F40e5FdbFB15890b24cb95f4559119f6D2eDc84,1
0x1Fe3d0ACc5E15Da88a5AE1Fc690e6308DAF10FEA,1
0x1Fe3d0ACc5E15Da88a5AE1Fc690e6308DAF10FEA,1
0xbCc6177Df140Eec1904987bb4951b05dd7F81da6,1
0x7dfcb332415dd84736ccac38e318a696b8948d76,1
0x7dfcb332415dd84736ccac38e318a696b8948d76,1
0x024f36b02608a5129c61f8df54dc7286f9113dee,1
0x85b8b7e00d6843c73d9f41e646bf7d0bc4bc238f,1
0x85b8b7e00d6843c73d9f41e646bf7d0bc4bc238f,1
0xbCc6177Df140Eec1904987bb4951b05dd7F81da6,1
0x85b8b7e00d6843c73d9f41e646bf7d0bc4bc238f,1
0xad9a538a543e93beeabda7228181a31e4982077b,1
0xd2cde3a0e267b7f8cff979ee9dc5ae0a8304ec10,1
0xe400ff87e6bc466dceca7a3d6f3b51a470c4d821,1
0xd2cde3a0e267b7f8cff979ee9dc5ae0a8304ec10,1
0xc05B1022947220473a4c7c7deE19286d68170F50,1
0xfA7AB557074A3C86DB8f309bB6F34F66E375CF1E,1
0x4ce9444ab98962ae1cea3cfd00460bea3d67a17b,1
0x499A497c9433557F3372a18eE88E3f3730abceB8,1
0x1BC14C951E68c41e50EAB1A8D3BeDc4e3364913D,1
0x182581E76A98D8AedA1cd47637406305F4655954,1
0x969C689af792595e1250F88847e15e0f9e592D17,1
0xDe0CF3d87ef163038b34Ee128cb2BF430198214F,1
0xDe0CF3d87ef163038b34Ee128cb2BF430198214F,1
0xDe0CF3d87ef163038b34Ee128cb2BF430198214F,1
0xDe0CF3d87ef163038b34Ee128cb2BF430198214F,1
0xDe0CF3d87ef163038b34Ee128cb2BF430198214F,1
0x5cDd5C3977074EaB15a14D742E69678EB78a4F12,1
0x277d976De6C9DB3f0DB3Ad2Fb9ECaF3581dF84Ff,1
0x00F216Cd643A9Ec27584cd1E8209F248516ec928,1
0x39786c76037037FA6AD759780E501B65Fc8b5b66,1
0x163A81C7e62EFe047f8Cf1C626f0E653be7EE5c1,1
0x29177264204413BEb8e8359a565c44523e1cb3C8,1
0xd8d0c63F7E61b23d874f7afD4324C7c29aC7205C,1
0x4435dD258593DD58DE1492877A9f41099481A643,1
0xdeB9e92E1058F911905Add4853774AB1245BB049,1
0xb84EE26B7e4FCCd44F07356FdC2FB92ad0e5DC96,1
0x94074Ee120b11613b3E30d9d19a6EDBf539FDA65,1
0xe9e07505B92578088A7A66B23Bcd22daB8E29E5F,1
0xaE0E4dfc03Fed60880298281FB0650BDd9CCeEF1,1
0xb57AFA13FAf4Ec5449F0d46991e169A0673cA46F,1
0x9fA4253FaB99445A0b33354874cbc9261fA8B1Dd,1
0x3Abd1379e6e05c4336A9f50B69Ed4E3245982F25,1
0xc804644D2Cc3C93B2e69bdd9dAffDf2D85fA8dA0,1
0x7c60bED0113748f2E27F1aF88Af8278C4BA9F0CD,1
0x1C5E2d15A35DDb2730023922D13b8D1C5349a5eA,1
0xc24e8874fdd26E6576b7dadF03a43bDc01BbEa8E,1
0xca29d0D41079874316b864aFb0e1f608108DE7C8,1
0x7a353231179aC5792265a0f407bB7152b192F2ED,1
0x9f16A82Fb1121C00fe525B60d71C7248A0c78C59,1
0x277d976De6C9DB3f0DB3Ad2Fb9ECaF3581dF84Ff,1
0xdd26d9060f035eFd1c609E4F76DC624d6bA289b2,1
0x81e3BCd4C7bBc18D0064c88D540f9fC465b14e69,1
0x2727081b17a47294F34b79BC61DF72c3E327d785,1
0xe11b3132f620f0Fb817d5803f99367578D89e1aF,1
0x64e7462846ECf2E1577F899cc34B76fED6425960,1
0x277d976de6c9db3f0db3ad2fb9ecaf3581df84ff,1
0xcBd08A5F071a2Ed53A57dfcebEfAc997d647DE9f,1
0xE47FbE833Ec6bcD0c09946809680EC2a5E7f7892,1
0xF959d9C3517F84947C382Ea2c2175a073afbC65D,1
0x6bA831605D05982Bd332a27a2b5935AD04Ee23E3,1
0xB7Ca7944255Be543cbe32c73a1FeB928661A05EC,1
0xedDB62eCD701e09bB8c7Cf4E27d39D75156a189c,1
0xe49cA2Bf8D881B91Cb9dCecC655Baf21EF501bf3,1
0x882c5C1d3Bd18576DBcE1FE6D9B78b9Ac58745DF,1
0x51aB4a1320bEE085Aa16464777Ca924a192e16C5,1
0xf1dDc181AE8212f85B30FE825949dC7C27167ff7,1
0x916b601e00a4a369a0F02D0BAA5E46aA04B0B818,1
0x41631DAeFd18871d6b798AEAbF24ed4F41De1D56,1
0x41631DAeFd18871d6b798AEAbF24ed4F41De1D56,1
0xBc1E4FAC9c0E10d466AAad6d35BB79241325b5c5,1
0x7F538Cb95968aC5e50f3b0Ee02358c9e31EA3cE5,1
0x7F538Cb95968aC5e50f3b0Ee02358c9e31EA3cE5,1
0x642c3c9873652A0f362dE47b1294aa2c8203c1F5,1
0x642c3c9873652A0f362dE47b1294aa2c8203c1F5,1
0x8bEA0eee839a22C83626D57D11A3A15fcE6d9aDF,1
0x8bEA0eee839a22C83626D57D11A3A15fcE6d9aDF,1
0xBe5a6cf938183A3302FB50955AEFF7026Dfdcc77,1
0xB07ec928f7ce5f2996eBa928c1B64a14eFb0A940,1
0x594C9Ad8D38Fd59daeAe8520Ab1E31B2A866C4f2,1
0x5967abffee7740ea10fbdaec2eb613fcd8f4d03d,1
0x016e8DfF2af2A0d5c65542217A32bC9aAe76C8DB,1
0x016e8DfF2af2A0d5c65542217A32bC9aAe76C8DB,1
0x3344bc6bc06D1a631cDf627c885033612Dd532B8,1
0x410ec4517517eedBf1593f46519bF36Af438C7D2,1
0x84dd4ab0cf38cf50bc162d088c742379a2958e6b,1
0x635E0390010354A5cd75D631b98459B7a7812202,1
0x69D7DCFFef87f243bFD72A5D6b0Ef4A5385D4a0d,1
0x5c494b7c60dbc9e7969f522a0d574d909881445a,1
0xa191B2DE32dab8B6Bbc98d56fA9013197D2A02c5,1
0x929ba1070f9a89a6d0BDFa142C94278E01f3b93A,1
0x36C98F796060aD547587e8CfdD15435E4b829222,1
0x6B3637d177791E09a3E26CA76D96D851EB917Fa4,1
0x6B3637d177791E09a3E26CA76D96D851EB917Fa4,1
0x850DaE4598e73cad99E638352717389c422f29B8,1
0xcb3ebd848d23d5dbe10ddeb1b943414ff5dcdcf8,1
0x587f4b1068104d6ab5b05ae72b6a8b7bc31ef35e,1
0x587f4b1068104d6ab5b05ae72b6a8b7bc31ef35e,1
0x586a4ddc63c8b4235b734922fc3ec409766e6880,1
0x57002b96F3dd3fFB8dDa18B5791eC2E760d50895,1
0x18287ba9B0d3688aC09cF5E38F595F8652438BfF,1
0x5722387e2950a8e8b8674d8c5de18d60bbb59f63,1
0x6628322b0291b644DF64a0aC6bD47e757c821B1e,1
0x07c4a65451fb02785790d5537a383cc52f8acdd4,1
0xfcdd9576E57Ec7c6FB6e3cBcC776Fe018F344211,1
0x721900A0628940Fec02063b05E6ace7dDFdFfea4,1
0x721900A0628940Fec02063b05E6ace7dDFdFfea4,1
0x721900A0628940Fec02063b05E6ace7dDFdFfea4,1
0x721900A0628940Fec02063b05E6ace7dDFdFfea4,1
0x721900A0628940Fec02063b05E6ace7dDFdFfea4,1
0x721900A0628940Fec02063b05E6ace7dDFdFfea4,1
0x721900A0628940Fec02063b05E6ace7dDFdFfea4,1
0x721900A0628940Fec02063b05E6ace7dDFdFfea4,1
0x721900A0628940Fec02063b05E6ace7dDFdFfea4,1
0x721900A0628940Fec02063b05E6ace7dDFdFfea4,1
0x721900A0628940Fec02063b05E6ace7dDFdFfea4,1
0x721900A0628940Fec02063b05E6ace7dDFdFfea4,1
0x721900A0628940Fec02063b05E6ace7dDFdFfea4,1
0x721900A0628940Fec02063b05E6ace7dDFdFfea4,1
0x721900A0628940Fec02063b05E6ace7dDFdFfea4,1
0x721900A0628940Fec02063b05E6ace7dDFdFfea4,1
0x721900A0628940Fec02063b05E6ace7dDFdFfea4,1
0x1A8d6D5aBd8948B647C51bb7B071B718fD90D6ff,1
0xb30daDd3B62d3f63C23578208D07d47A8fF08531,1
0x7457fd965D22FB844D3E420494EeFDb5DF4b9A98,1
0x047b3be9738ad3734c88aae43bf1c87013740ed0,1
0x047b3be9738ad3734c88aae43bf1c87013740ed0,1
0x047b3be9738ad3734c88aae43bf1c87013740ed0,1
0x15dCc02ed780c95538b3684f7B05c5CE9b766ba0,1
0x6B3637d177791E09a3E26CA76D96D851EB917Fa4,1
0x55cA3888Ac1320ce48d55d0559a1f0f9268ffad4,1
0xc2D43005dE352F33A6a57681F610bc41b7dA50D9,1
0x79fb32EE50f446be15cD0C45477DAa71B33eA67D,1
0x99Db44A434089abF7D5238F9683394405119572e,1
0xe8cf64f211cfaE63Bf55e6324Af38d4d4F7dACAC,1
0x0f989fCED67458cb5866639d1F9FA5872539Fe81,1
0x0f989fCED67458cb5866639d1F9FA5872539Fe81,1
0x0f989fCED67458cb5866639d1F9FA5872539Fe81,1
0xad1467cfCA4eEE70F2EDF18B27C657e1bd7eBC19,1
0x74B6D6D3CafA4b0F7Dc30d9eED10fb4F09dd3E88,1
0xe6F9B88b160D3Ee1B548F291cE108C008962E8E8,1
0xe6F9B88b160D3Ee1B548F291cE108C008962E8E8,1
0xc3eCfcBeF4CEFCFA61ad7B1B755aDCEd333bC5a0,1
0xc3eCfcBeF4CEFCFA61ad7B1B755aDCEd333bC5a0,1
0xad1467cfCA4eEE70F2EDF18B27C657e1bd7eBC19,1
0x74B6D6D3CafA4b0F7Dc30d9eED10fb4F09dd3E88,1
0x3990FD9F2E73A84234970cC96C66FCB55E48E295,1
0x0D410619bCbdedDf44aae037B6F1a8F444d9c0Ca,1
0x5b0bf93cbbe9a88368f220b6fa9bc75a5d2d25f9,1
0x277d976De6C9DB3f0DB3Ad2Fb9ECaF3581dF84Ff,1
0x8e103c785859fee6fce3056d4faa80db5f841b35,1
0x7700946ddbcFd7D09FB9Db9D17CC32C2f3bd89CB,1
0xc2d3a3b40cf7581484b3dc6c663d80c2b2a999dc,1
0x65237f040AE90Bf3F37DA35d25bAff07f02B07fe,1
0x65237f040AE90Bf3F37DA35d25bAff07f02B07fe,1
0xc2d3a3b40cf7581484b3dc6c663d80c2b2a999dc,1
0x6A8c4DE1A8b47A5ee21ecb089e2dA3aB61B89a28,1
0x687B322144CeB67675C9066D30b5717751ad56e0,1
0x78aada8351d8539256323ba141ec315c04841c1b,1
0x78aada8351d8539256323ba141ec315c04841c1b,1
0x37592de810f0c76608869980c15dc4132ebb90c7,1
0x148900147f91046C8ffb93F0b56cB3565d46918C,1
0xea9db21670dc5b92cd575be0162b49c42770c6b4,1
0x61553b2525e298006c2005616d94de06de457981,1
0x916a9970e1c86e098cc6660da04fe45a77b434ae,1
0x2315343f7debb59329076f55b97b3b3fa90d047e,1
0xB6a11AE0d1b50541A9f4391d14ed969238A94c40,1
0xd390d834F6AEe1778DB5133D4A1e04d82dF97b9a,1
0xdDCB09537241bFB222ACf124f9b080590E60F6F0,1
0x567E3333189971D9956E36d96c78028640b6b249,1
0xae9ac734deb913c2e10310899571842236cc577a,1
0x87a5F8247758Fdc17ca6317bA074c2c1B84be0Fb,1
0x6cBA0EF97A26252aa63A8AE0529e3c66F72e84A8,1
0x36C98F796060aD547587e8CfdD15435E4b829222,1
0x36C98F796060aD547587e8CfdD15435E4b829222,1
0x850DaE4598e73cad99E638352717389c422f29B8,1
0x4aF2a701a338D5736ea47c247CaA677180b6973A,1
0x6B3637d177791E09a3E26CA76D96D851EB917Fa4,1
0x850DaE4598e73cad99E638352717389c422f29B8,1
0x75bae50999b1919948d5661E18165991e569a028,1
0x642c3c9873652A0f362dE47b1294aa2c8203c1F5,1
0xae9ac734deb913c2e10310899571842236cc577a,1
0x26453Db59fD00660d214B97CcA488DaAec1201B7,1
0xd8d667922f74AD57c504f030eBe2d7dc5d889b80,1
0x0f989fCED67458cb5866639d1F9FA5872539Fe81,1
0xd2d9a3701edfbeebea0c63fd8b9773f8220f58bc,1
0x660D31B03F86543859Ad8608fB09CFde81c45feA,1
0xe3a438368A4B65622A2f6CbE91B9e1c6c494a534,1
0x29351a592f8a865b9352485f5e07D7bbcCB6D467,1
0x29351a592f8a865b9352485f5e07D7bbcCB6D467,1
0x0f212A76157bd07B9b0EfA1E6AacFcfd0111Da4c,1
0xC3B4c774080e9133fc2829894DEf07f66999e7f7,1
0x2e29e72b50b7f3f381061ee6c85d60434e1dc9f4,1
0xd9ca645517c28cbddecc2ee4ba57a9aec259afbc,1
0x5104789A1519d823C17149b3D311326aE93FA14b,1
0x5104789A1519d823C17149b3D311326aE93FA14b,1
0xFe968f385CA7A4EEEB395e5c4cFa5140D62572ff,1
0x8329672f5ed2e1a0b66721c813e5b9a63fd4b09b,1
0x29351a592f8a865b9352485f5e07D7bbcCB6D467,1
0xf2c440c17F30e7eBeb1fD4d0CBC1f415877526Aa,1
0x1f8231Ef50E99D361B5252A24EC2eC44285367e1,1
0xFf0FAFB54823806eCcA746a9dF5Be8B14bb9AF72,1
0x351e92a1eD3eE774837F39EEcD2a3C9b0FB8D458,1
0xa4c8baccbbd20a0b3b3404afbff203ec35ddfa04,1
0x13b80CCd82C806Ad00bB87f62D6D2B1465D93F38,1
0x7e2cbc8a97F6Bcfee3ce66bDe6cccC0D83E07cbe,1
0x8eDE91039bC9361182e62d9dc7Fed00e529cEC1A,1
0x6Ad57c8e316c8e59FeD5F97C0a8e1645B9B0d7b6,1
0xB5d149fEbB06D36996426633AeDD416b7D0ceBbD,1
0x0ED1e6EE8B17e4D11074A39aFFc8b78c40861B84,1
0xB42103A6b5Cde372449fF7E71131C9E4cac2c010,1
0x5954639E5cDF58A32a2F952007563eB52a882240,1
0xb9c41aA24AE3d574e6ff7384ca444A17fc687d7f,1
0xB96101A852df4FA1Bc1Bfa9bD9B4DddAdE01bf16,1
0xfdcf34921a52594c0300d7BbC02a2b0194dCafbF,1
0x8B2CC9DC35E24b8485698723F513102Df72295d6,1
0xcEAb5F4f56c87d3F0F2BDE9A80202D2d0Bde8017,1
0xedAFEfEb456620EFC7Ed3D24d5aDa288f6B64913,1
0x688065dE451351e1d64f0Ff75215a65E4D29D900,1
0x3aAB2d6F555d64AFBaC0271c532587c571125C18,1
0x08cB00e199BC3BF2Dcef258290C9A037473c16c1,1
0xb41e2f45745bc63a05dfbbebfe098aebbe02d1c4,1
0xb41e2f45745bc63a05dfbbebfe098aebbe02d1c4,1
0xd677e6458c75F3A875Aa98822cb6543f4ECf1177,1
0x2c66b03466ca3d18a20793a4b4cfb290f826e667,1
0x1C5E2d15A35DDb2730023922D13b8D1C5349a5eA,1
0x1C5E2d15A35DDb2730023922D13b8D1C5349a5eA,1
0x45ba78b645c59e16b11D0Bd19fabB1c66800b297,1
0x00F6Bc0d27769Bf86DA13f2542f2769Ea185dD9A,1
0x1D3988cA30EBE7E21d3863384220d6ED841bC786,1
0x1D3988cA30EBE7E21d3863384220d6ED841bC786,1
0xE3deC11f3dfD4FAB5DB4Ae5804AfE147cC79578c,1
0xE3deC11f3dfD4FAB5DB4Ae5804AfE147cC79578c,1
0xb687e02eaA9AdcF2De0CC180493064010D05b240,1
0xD3F7e742097C4C6Fe4B894A0E8534A17e9c5B521,1
0x635E0390010354A5cd75D631b98459B7a7812202,1
0x5c494b7c60dbc9e7969f522a0d574d909881445a,1
0x760F2938418Ad44dE4804888b5EF19094FF4BafE,1
0x3777162DF24336155c264934E806f9D269fF9df6,1
0x9c2CE5e09611f5e7947747E0fd333E38c75910b6,1
0xA42e5373fEb4F80ab230b7616d08601d4F11Ac07,1
0xf3f1d9620416c5E7674F490b0117Bda52615fCa8,1
0xaDc0f0BE674f3e7b225cfB6d3CCa984bC09ED5F4,1
0xa55e0c95D5cCD7eAEdc6de1e58A88D57678ebC1d,1
0x46144a1c229dd27f2e38fe44d3f12bfdaa55fba9,1
0xd07023d40d1bbAdF731532122e6Fc024e4Db8aFE,1
0x4d0d32C718c786e5c0B97F3fb345485a01d1cEFE,1
0xF68E69b9D78307320F54CA1a4C5F868d2C1D2A46,1
0x87f3cc205a2fe62bf3412199bb44818dC30A2bA6,1
0xae9ac734deb913c2e10310899571842236cc577a,1
0x373041976325b97aae7E92f73D424cd693abFeD6,1
0xD1314D8809B1e206EcBa21ca11C19e41184B837b,1
0xF9590A3328876e23b750B68B79600E6AAb3B2385,1
0x2Cecf610640f9E922363ce51D63244Dba09A2111,1
0x7E769B4298603c4EB5ec14daf26B9A45D2c94942,1
0xCbAe1760D12C6ED0787AFE0dCfDfEa6919fFA636,1
0x25A5f24b6e4250Ba2032EFF95fe73e56c020fa8E,1
0x5E2e1Ca0F9ddcA5c4E9FE203dc6869Ba720875e9,1
0x2B65D4abc21b6f3Af6f6a0A46CCa49A2070D36A4,1
0xfb4D51f7B7B54C99bE06D4169981247EA6cd10D8,1
0x5E2e1Ca0F9ddcA5c4E9FE203dc6869Ba720875e9,1
0x003240b5b2536f2bb321c8194d9125b9ac5ba279,1
0x0B1096f61407f39B28DF38F7D8b0C70A0280bF5b,1
0xcd7C86312B0306E3AfEbCB2117515b93b65157a5,1
0x4F64C6b8333F74890b0ba0AF4d480d8ecce01e17,1
0x541eDE3De3DE2c6f374475aB5C750771eb3454B6,1
0x44E6E36645bB4bc1d57480cEF45370f818D4f272,1
0xDb45CeCaF29D1A9C27E7F726781B820b1a36f592,1
0xb7f9c016C229F43d1F2A6f79360a56C8AE15d711,1
0x1C5E2d15A35DDb2730023922D13b8D1C5349a5eA,1
0xf14e74510bd67cba6a458245e771fdd0f9c38c4b,1
0x635E0390010354A5cd75D631b98459B7a7812202,1
0x5c494b7c60dbc9e7969f522a0d574d909881445a,1
0x6e77cA0AE2b43999C40623B69aBa33392ec9b332,1
0x642c3c9873652A0f362dE47b1294aa2c8203c1F5,1
0x6e77cA0AE2b43999C40623B69aBa33392ec9b332,1
0x7271d057b7F1D8901166892Eff3cA97079F734c9,1
0x272f0F56fc330715Ca42eb3c5b334c2A9443Ca02,1
0x29351a592f8a865b9352485f5e07D7bbcCB6D467,1
0x29351a592f8a865b9352485f5e07D7bbcCB6D467,1
0x42C10f69fc261ec51634b502F031195B0176018e,1
0x635E0390010354A5cd75D631b98459B7a7812202,1
0x5c494b7c60dbc9e7969f522a0d574d909881445a,1
0x5cDd5C3977074EaB15a14D742E69678EB78a4F12,1
0x08cB00e199BC3BF2Dcef258290C9A037473c16c1,1
0x3Ff6BC2E4c2fDaedFeA912503C648019cD86a55f,1
0x41631DAeFd18871d6b798AEAbF24ed4F41De1D56,1
0xae9ac734deb913c2e10310899571842236cc577a,1
0x642c3c9873652A0f362dE47b1294aa2c8203c1F5,1
0x52fB69627ebE835444f70F2eC209dEd3f49BE4f3,1
0x22216c51B8AEd7fD980753C7782a3eB194e8c822,1
0x22216c51B8AEd7fD980753C7782a3eB194e8c822,1
0xf88f8289F358167E01e835a54510Cb0681d10376,1
0x077030a5E59F5d4CC4b1957010e23277c9550898,1
0x511f0b2F1D133edDf0f22e0dEbbd04Ed37027035,1
0x22216c51B8AEd7fD980753C7782a3eB194e8c822,1
0xA359c7bCDa584bca4612161179BF36b6bA13E43A,1
0x721900A0628940Fec02063b05E6ace7dDFdFfea4,1
0x26453Db59fD00660d214B97CcA488DaAec1201B7,1
0x29351a592f8a865b9352485f5e07D7bbcCB6D467,1
0x182581E76A98D8AedA1cd47637406305F4655954,1
0xb7f9c016C229F43d1F2A6f79360a56C8AE15d711,1
0x024f36b02608a5129c61f8df54dc7286f9113dee,1
0xe8cf64f211cfaE63Bf55e6324Af38d4d4F7dACAC,1
0x8a15093f89314fad6c6f91031c9e4160ae8c5a9e,1
0x29351a592f8a865b9352485f5e07D7bbcCB6D467,1
0x0C56b24080fA2B53d50e2990Df39Eb445B866300,1
0x9f4578bfa2cb94c3c566341c559c1fa1f0e1388f,1
0xB07ec928f7ce5f2996eBa928c1B64a14eFb0A940,1
0x74ebdb5c77f31412aba66a1eda62e00f19625552,1
0x675b0eb3f4b69aee250b0939e1aaacb34c0c9faa,1
0xfb02da86d7ab530a7d90e0d1d32a18ab9b661609,1
0xdd1B42B76686f62B0832c56a7874d4f3acbA0dfc,1
0x65237f040AE90Bf3F37DA35d25bAff07f02B07fe,1
0x65237f040AE90Bf3F37DA35d25bAff07f02B07fe,1
0x26453Db59fD00660d214B97CcA488DaAec1201B7,1
0x7c82a6A8d7C9601F6A2E04d71EAd60d7dc12c853,1
0xAeD6F1e4DB5ee58baFa0F7A7eBfE0661E737660A,1
0xAeD6F1e4DB5ee58baFa0F7A7eBfE0661E737660A,1
0x7c82a6A8d7C9601F6A2E04d71EAd60d7dc12c853,1
0x4b0055620a01557b3494462085DB1963Fa4fF61A,1
0x410ec4517517eedBf1593f46519bF36Af438C7D2,1
0xd39372B49dDDD774D764764AB2dFE79E9B9Ef6A3,1
0x8ee17B3ADec693cF5102eeB0746347a7126fB909,1
0xED17A4Ae1a4F4d9E31083e03C10855BA9693Da1B,1
0x6cBA0EF97A26252aa63A8AE0529e3c66F72e84A8,1
0xd215e59B59c757583AC79e92ca7F33E17b1A9550,1
0xB3b615Ab7916F12Ef7B1c889660c2C8A3b361AfE,1
0xae9ac734deb913c2e10310899571842236cc577a,1
0x75bae50999b1919948d5661E18165991e569a028,1
0x05ddc671dd5b2ec311af8a13e6572886e65e21bb,1
0xaeead20e455f69b3eef4a7af17fc0dda8c15bb51,1
0x43a362050e15990403978031CC3361C550FF87C4,1
0x43a362050e15990403978031CC3361C550FF87C4,1
0x1C5E2d15A35DDb2730023922D13b8D1C5349a5eA,1
0x81c35ac5d1699884fe88a7812c6c8e4423d03d74,1
0xa28A92FbA3C85aa186a4EEE67743f9A0a57F70d5,1
0x7a353231179aC5792265a0f407bB7152b192F2ED,1
0x0523c946995E519FF575AF6c7e69ba4e02BCbe8b,1
0xB07ec928f7ce5f2996eBa928c1B64a14eFb0A940,1
0x2C167EB1fB6237C2526420c6C1a3814c4BF5b6b2,1
0xd8a69D519634542C59Cfb43DDc81a97307AD0aB5,1
0xad1467cfCA4eEE70F2EDF18B27C657e1bd7eBC19,1
0xbA95b4a5B130C4c1d27dc9e8adcf7f087CDB4c52,1
0xff9Fd7649EFEf3F843CC18D23b23443F30C0903c,1
0xCEc03755ef910b3d253EC83C4b1B48cf3D03F936,1
0x148900147f91046C8ffb93F0b56cB3565d46918C,1
0x6029Bfd00e0B53b848E85F1eD5649dCa71E0e8b7,1
0xc375cF546497944020B4aB75F7167a2415554312,1
0x586a4Ddc63C8b4235b734922Fc3Ec409766E6880,1
0xF2F6a13d2D6Ae743b66e53c700bCB7d6ED481E4a,1
0x6272B1E5154d9d2Ec3006821ea90FAaa318D8199,1
0xB68D5dE05EfC884Daff34e4EDDecD82a0cD63713,1
0x7c82a6A8d7C9601F6A2E04d71EAd60d7dc12c853,1
0xb6dff82437a42c2b33fb4a511fa17da3bf686eb8,1
0xa65EdADf32e5730BA78415138E10751f317e4De2,1
0x7c82a6A8d7C9601F6A2E04d71EAd60d7dc12c853,1
0x62F9dB4399B6e956f6bb361d2c80e17CF480AFc9,1
0x5104789A1519d823C17149b3D311326aE93FA14b,1
0xbDfc4f398ce4899a66112e921942dA9216f45953,1
0x24a40d90b3c1969edd9a274516b25d815d9909fa,1
0x5090609b3F7D0D3082DcFDf980596D22c87f2195,1
0x17f67D8fC5dC6f0B4442564aF539eddDc76aaF1d,1
0x07dC95205C8A16B542C4d9082B814904EfeB333c,1
0x36C98F796060aD547587e8CfdD15435E4b829222,1
0x36C98F796060aD547587e8CfdD15435E4b829222,1
0x6B3637d177791E09a3E26CA76D96D851EB917Fa4,1
0x6B3637d177791E09a3E26CA76D96D851EB917Fa4,1
0x850DaE4598e73cad99E638352717389c422f29B8,1
0x850DaE4598e73cad99E638352717389c422f29B8,1
0xA6D745fa1ED68d3CB7A1289f97c3008294fFfBfB,1
0x4542eeeaAa73EcdFE1DaC0f3055647088aF0b3Ca,1
0x8D41cD35c467a8Bd1d5E0EA7F07d644A0C304f88,1
0xa56AbdEb8b39de29Fd8986e9C038165c7A7e82D6,1