0x26d81d7c4e62c9b65b56dc8f4cff3d7e1c3f69be,1
0x49D48b2F56e53670D50be73242Af9f8041221DDC,1
0x0b0983c64815F8c7C52D9d8F45614fbb39dE0474,1
0xB3eA39466B469fbEE933524e6517486c52F2d805,1
0x78a99954A7becdB4bB301f6992258A1aae3B1B74,1
0xF676452541F084F7A520A632d9F2b6E68A3c7fd2,1
0x1476380D18346877822aDdA9136c4aC97f6aAC72,1
0x7E9c268d38DA976A1b371Ec72CDC83C728177858,1
0x8aBb8C633233aaDd907eCa2ed24D89c9D1a399F8,1
0xe685e3774E132838dd02a7c9CD6222270C936398,1
0xEcaa57622e36C32Fb79f8f4F36a4E580Cb62F5Bc,1
0x616e662D822f683B65a67b56aD19F0F4dB87260a,1
0x8372102DeC8613a833aF054300D63F380B7b1096,1
0x0e438AAC99fE0E62A9d384055266515b65943217,1
0x73521abCC8ae2246852ef3eBFaBbDff354C43f99,1
0xc0F3A21B7C51e9D035d98Ef5c94416Afb736D933,1
0x01E0EBFFff6CAf6C7D58F419bF57051579D58ff8,1
0x8bA91507B5CbAFb0048f771c200D5e7a2d553BC8,1
0x6b315a4b230f2ee0ba9533d25eb78e9aaafd8616,1
0x6D567AeC552f9DFD466FBd81e2cC352fB1F500B5,1
0xD34223ab64AEfcC34c99E5Ad9196582A9cCca3AF,1
0xe4f23172A4E0ad0b4Ad81e5f00ed4752C9B3E879,1
0xacDD4086723ad20784c240af22F4204c00eF9362,1
0x8661a5b1ec96b031931e1a4244d10adc392ce9e3,1
0xBf9B41B342af694aCE2bA3dAF7c4dB9B63eED3ff,1
0xAf7F14014C215e88d56374Bb0c35191B21391BeB,1
0x7d2C5596c6d55297324f3373a9139Ef4cCea0b85,1
0xEFDf8110F7640aCeda6413f31E4085BacA6a105F,1
0xA96B8C2055e1c5d8Ea62bf7a18d4Fdc6A13568cd,1
0x142Dc299Db0790B83D35E609bf26971B7000C9Cd,1
0x9Cbf45642acf39B23a0AeD84c319C46B169a05F7,1
0x2DdABc4EDD60bbb52732478260AC42c0a2F97025,1
0x8DCc0a54bc71c1EA6dC9e383fBe81fB385a9606D,1
0x470534cf10657A25AC46F964Dd72d90BAdB8eABc,1
0xA50A10b7B12EE18851d1d89483c8aBF1E0188532,1
0x6EebD61d95Cf2dD4B55A45DDad3DEa2Bf44314f1,1
0xf369C94dfC04De177900D639749781E84ceb1304,1
0x9eB232635378cD9b315c085CbEf3D5d1D59d67b6,1
0x0153D3f6dc397fc551fBB14d2A5570355af27887,1
0x9E9221A9afcE3e1C4e22c84DDb8fC2d63742d66D,1
0xa8E330E2b7c0C185B8dc59A2Af9e4aE1D104a5ef,1
0x164766E4108A3ddB326611b42705bBC7457Ac3a4,1
0xb35fcae4a681dc951c79857ca48070c7a5f4462c,1
0x85486fd4c597e8a5c4039c373021a9da05558e75,1
0x2a30e5b33021df2a0f68bb87fc41909df9fa0fe9,1
0x96EDD2C83D799Ce22C1731b904c2B648F241A25C,1
0x892d12Fd4D4930C8bc5e7B3D65F813D7bF8B5E46,1
0x00b350ec1cbbf77dce1e20e36488f0a16fb8e7ce,1
0x3264b37b64dd0c2fa3c3a2a43254041a698f1d6d,1
0x1C6f3C63593538D3e85E50a091053A30c948B41f,1
0xc916eb0b3f5b5d9894f4c49ed583dfa490623e26,1
0x7366438d1bcf234ce18eef5100477fed7f5b6581,1
0x01973b582DE3fb9eaFD41F0280EB81E10078C473,1
0x6ea612c31342a3b94a59fbbd6625158da1bd22aa,1
0x2c66b03466ca3d18a20793a4b4cfb290f826e667,1
0x02240be3fAb9B3572874A5F3016E2BcBcb468958,1
0x749c8e178eaa24560ee401de9f3652e4b5be2cf6,1
0xdc73668861cce8d905ba6661a2475574b78bb1da,1
0x255099ca628bb7d7c0083de4df52699c3832684a,1
0xe9492008573363d2b3f47b194ccc39ee8799afdc,1
0x03d64dd139FD686490855AA3D1636da1D899cEa4,1
0x77d90d18B3591Ef0971D4d9420762b191138Bfae,1
0xcac69b835bd8b6fbce63bd1578fbc0127fbf6329,1
0x5D73986EEA71A3BaD8Fd64F4a47d1b7fC4FceAb1,1
0x672Af046E9C811e89D32045cBaCA9bEA0B039748,1
0x0b01c6896eD9C8c0eD3F8e10F362b7a025C81B3F,1
0x21ff00e5983f1dcd4f3ea23b1dce4fe9d248572c,1
0xf8105eF3EA823fC6816e1AE1dB53B1094C837841,1
0xAB2f850F45f2060b7dE1aA63b364f0dd831B1721,1
0xF4D18979bEb9745D0A8eC417C1E9b7b7C745350D,1
0x2458833541c6C636880C817573060735bE8196D5,1
0xf1D1606dEF79544EFEeCB42ECd895Fb2807B8337,1
0xA45F1058BEd58821846533441b5618EF5f00CA5f,1
0x0e867aF6E3Aa2A0789bc250D5855aDDF320Cf5C6,1
0xd1F25630b8025FEdfc8fa3e5B4C08f96C819c198,1
0xF9D0f5b2a34224B8EE1B75C57715b92eBfC4a17c,1
0x24369bCE96ED96196694a69f76DE1832c669D422,1
0x01BB57dDe333314a7614973C67C60C598F076e14,1
0x87fa6a8Aaab90a530D3dA4A6add1f42c3bbA92Af,1
0xa02632Ff0B80C02497cF2eB28524E0e26d03a46c,1
0x2C4109E0F6aA46986c66DDCd66c6c7c80CEbB4d7,1
0xbd08f17DE56589922B49cE5902fC5786a16a9D01,1
0xFBfDA6A12658B166d152ba9D0cc11aD6ac86F09e,1
0x5801e56a8babacdc0b6f83935eaf888e99b95297,1
0xDDF04033efD4830a7756bb83cf6Bd0B42E92EfDd,1
0x4B2F964fE6F094d5774a2100139C6C91C9023f87,1
0xAD405Ad72a1b5E955B2a078C3E0caa6A5D559aF3,1
0x717894A758D94e78b65f2d0bF84714B69B0096C4,1
0x4e110C01A57e91568FD129E05582C98CF056eF30,1
0x2ddb1F09c7028f2B198d40A55Bb2D2BD9de24a2d,1
0xF399fEF33E4416CA12eD56b943B726746b25a2bC,1
0x71BEB1EcE5A19a193d2E98695be86fA04674f571,1
0x6b1d89DE6442bE42129c3D408231E6031b0D39aD,1
0x2b0da807D9122659377Af10aDC1B69805CC6ebd8,1
0x3F19514d4E3405E975a335876819dBf651AAE23D,1
0x2a95Cd3152785A64A9D646841D758F1DF0601b14,1
0x61478791F6422b35aBf1AD0989cD0DBA2e3D24Ca,1
0x8dA93109598C803ddb32A7FE365CE20bACde60dA,1
0x02F8c95b7dc5d79728ccfcc360c289bd2593d1d9,1
0x9E69eA37040951740c71d1E5e285d6D00c5BD4F1,1
0xf3c5d747d1068775beaf9f0ae770a20b9be191d1,1
0x1ea0b461637F3E145455D89023F9ac70c4d30125,1
0xa6773B080C805b7Db76Ed44FA4791B427939DB84,1
0x273B8feb49c6593c9Abc9BcD4C2F19fe4dEa5E10,1
0xE6bF01182338E30c015806e2D999fd26dEB57274,1
0xA4da6164d8DcBcA6282FDACEc44dA9A89f2960AA,1
0x4aFd23165a8F212971eC3e9435F7c208b8268103,1
0x40B42A49A45412992dAc18428246da40956d7DAa,1
0x73bae7df2fe941059bdd2403d77b2189eb0dd195,1
0x2C60B21De4869b203D0052514815B3ad6054BC6d,1
0x31d6BE6ab952645F517a34CBd6147A7E19319632,1
0x1b6e27DD687fad9bfb7041F064cFD478e1D9bcEa,1
0xc278a58effbac070ac1aae2eccaaf446162142ba,1
0xe92b61887461edD1b5aFf4EB28153A0fB9188971,1
0x28B9bbF9AA32Be81B03e4Ba95C59785cE3596b24,1
0x14202AaDC48e27D2ab5D38f77873A911DD02d22d,1
0x83209FCee41fB9970aDF06565F11151EFb29D6ec,1
0xfc40b09f3CaD48865DA7840f175148467ba2DD68,1
0xb73318d6b5B5b73Ca7dA707250f1e2454F971e5A,1
0xFc9167568ffDcec9E0eb56496059c42a4eD4EcfC,1
0xb4b40332840ecf6d9203aea5fa2c153457d7f90c,1
0xB2b996010336A859929194c133ea9E19FE8E011a,1
0x9D4865d85023d60bf6edBB696964918c5F7764D8,1
0xAD0e520414605Cb402e8C79CD06760c21406DB4F,1
0x40dffdc68175f175038c6fc3f33b27da48b9dbac,1
0xa4C45893F095F9DA82AcD9B52Fa16a7Eb947B02c,1
0xce567342549D149e71CFce924303Af0e366c3c0C,1
0x51615D8D847c6d1bE641aE52A1044aa05d099862,1
0x1969eDD35D71F0e0536D4510B7FefAA900793773,1
0x769A36986dc77e752FE827c728E58D9D64630B25,1
0x810DFE420289A4F80520259d8500C9FFd5f59774,1
0xAada370068AA79E8d00861C6e5968585d2A76297,1
0xdA67542E8bC9230Bb37CededBb8688A84795C027,1
0x4cad692a3465626341eb4e270b4f9F4A16ad7b31,1
0x24d9Fba9b2F10F903000a144594baf8dCfd8D7A2,1
0xa3576b25f8e7BE3e114e7f352dc3b02687b159d1,1
0xBeD276fD07b2D36F3E9045D6569DA13F92381868,1
0x65063b954e2889d6278900462f0E2fc4Fc1DCF05,1
0xe27425cd7e1ea9658ba3f7dcdcefac5df4aa6960,1
0x09729460595E4704d889416f227Fd9cC4e7Fc911,1
0x581D8Cdbe9952cF9E33486414ebb65A70cbE034A,1
0xf42B5F0e23DAa5e9E3563b96259fB3830Df76DB1,1
0x58C8409Fa7811Ccc21cb8549DD3de1b4A75e4C03,1
0xB3f4E13539030E8897936692bc7270994eeF2997,1
0xd5a5Ad1F583618777652DC4d2F6608A419De5a70,1
0xaDB70d78ffc6D300f1698AEC698272CD0F855308,1
0x9497f9678bEcF1240F6d22203d7637b71913f74D,1
0xD6a8625c3B8Dc4dE9C235a56066c16e4FE9156F2,1
0x2c36a53Ae6Baa79C66f47077D04AadF9C1aBA319,1
0xE0C01D1526af9064284D772d4904539c0c28215c,1
0xa0281A7BB80b07dA8cee7873F53d924F277B70A2,1
0xaeE3Cc17400A91FE03530B583f02BC114912b1b2,1
0x72037f288c391FC024a661c65E37cA9B4cea0C73,1
0x7A3186023aF247DdE5Bb69ee1a72Dc9514ff7de6,1
0x9CbfA3808d717066841178f2D50924338f91ACa6,1
0xC68950FaD4D170bb45527e7e77C2DF98E24bb397,1
0xcdB4020323642bE02e341B984637f8A3b5Bb71cB,1
0x4E7ADF7C3606b77f14F5F5f147c3852cAe5D3A03,1
0xF3359D3AD7A3B318Af48B6F551Ca8CB9eb029444,1
0x9409f85e67EF5be2AC6dC119B29174FaD66aB2fB,1
0x7b2C1Fd5Cf4DF522aDD71e846645e3671e20B393,1
0x69F228726880492CF6CF70633364e9d053650d4f,1
0x5db6AaAb934da4723cFEe6E31CD22703c3564391,1
0xa0BC9F544453061B18202a377854ae28F837cD24,1
0x82E8C378f4d9555C9760a0A81Fe2d9eA043a1c9e,1
0x7235dA59f0c9cF8caB5F890622C71833b427b7b2,1
0x85A102Ef086409cFD63D2627038Ce532F25b2418,1
0x75Db3AcB600b88106Fd8642434C92930Cad595Bc,1
0x221276eecabe23b1354922e43b7d78b04acc54c5,1
0xcfBDC1F5Ed1c8c1C1c8Bc1887d8443cFa06Cb3ac,1
0x7bf430AAf3E04B41226D30f21d121873c3bF9B0F,1
0xfbd34b9d5b13199544d8e645ee1360cd5cf1e969,1
0xE3410DaC763A123A95fBAAFd767af02496db9F7b,1
0x3E720BF1b01137562D3990F4cd9380eAdE4b4cEF,1
0x53449f641E3527Ab2A39699007AA4A2b1Bb58b84,1
0xe47e4630BAF2dcfB169D4Bf5208fF879d4ec22F3,1
0x43294fcF6Cce572FF488b74e7aa9ab64748431Ae,1
0xd2CDE3A0e267b7f8CFf979ee9dC5Ae0A8304ec10,1
0xA0008b45f9aff39613Aa9B0b9E3b79cB25c0aE55,1
0xb5A8e57C699f24642A7c4cA0f92399C9404a9A18,1
0xF123E2025E7790126045be0fce7107bF707275cf,1
0x4c2Be85E0FD1e3018932439e1F8Bc69BA5fDd7d6,1
0x705D5C68b114aD2e3306F41dB98C7FfD5619AEaF,1
0x37d009d9dA7467C65a2B8D777Db8211d65B6F836,1
0x971c8F17a213C1460037BA2b60b6ce2E5D416C0e,1
0x1Aa0E554351bBBAB0991cDFd725658221cFf291d,1
0x0dac5e1c32397871d423c852fe9e55188c6e1336,1
0x88bcaf48f86bcdb320204152c222cb0b27ea4c74,1
0x0db6b33a69c73194625ef765e5D386dfcB036Df4,1
0xB381C1AFFEa126388f3115E4241993cB6c8bB346,1
0x8A89d7446696dbC2E4A8680C1f2f43FF48dAe136,1
0x338fb905Dc9A530AB6909F5c352be40517f4A7a7,1
0x5056fEEE0551337F815aB20CcdD778DFce1bB0D3,1
0x5dD033716ED8293638deE697C08c7Dc107aC818C,1
0x2663d0B5Ce30d11198FF338aD3cd2d03Ef12e51F,1
0x31370aBdD5a28e479d55f97f22a6384CAfa84ebA,1
0xefb2E9E4427152bc4A726e2EC0125A86842FC599,1
0xe22715BeE02DB2632aAcE5CF13620CC3c40724C9,1
0x609846B5Ad3e1e73173AE937A7B1F6988b3D4F4c,1
0x73A83072cB101C07E3E2325B5233198bBD0152e6,1
0x78755F75EBFFb443096cf15234DA2B6F6F75bc8f,1
0xB4EE4A60eF0D4eC2fa8D0D440520f17335f95d6E,1
0x01b96f1997ef814b335c978c41ecfd81a1f18f2d,1
0xbaaE5Fd41C510d8FceFD198feCEB5abe3d84ad17,1
0x89D5b82DE65fB7101Fb93BA21f4d91a81C76D4e9,1
0x7466141A8Ef8b6F235f3D8eC5A126132ECB93df2,1
0x82244790F5Eab781B9DC30E54450cA089fE84211,1
0xe06F73b7D4e1B95934efFFb037C83376FAC24Bb6,1
0x15dCc02ed780c95538b3684f7B05c5CE9b766ba0,1
0xA2AefF0801A823Ea1AAA11F5a6C866Fd3d49C020,1
0x93c3A0514408114D502Cfea25312ce6468928aDa,1
0x54B485a3bc119178430E986091378e04B88142B1,1
0x63f134562DfAD5BC72f0f9C7101b2eF54b5444D5,1
0xf9156c0bf62e2132b183f8fcc698934ba7014466,1
0xa777f9f3aac637e86d9a99bca71b4207a7549db6,1
0x99bFB0d876AB1DafD6D0a2B7c25E3e86fFAad4df,1
0x5d92d9C51D0c9f61f3D9cbF91c8C6C952f31DB6E,1
0x7D600a45f0caE75DBdf9025f93e4F67E33010AF6,1
0xeFB98b73429A4436Bae7baAdf3805390Eee710f8,1
0xE4313DE2FE2af7105EF5fC5D5e456AA9bD8b58F1,1
0x2f6C6F359Fe22316E8E7D037Be3d837f70091263,1
0x50f17a4cb979501b7cf52ba01fcf97df82aba9a4,1
0xe9b113c1a528464d7d862423ffdc8f9ca6f88b15,1
0x635E0390010354A5cd75D631b98459B7a7812202,1
0x269c0c89c94d2396c0ae9c9b4cb9295dcc1baedf,1
0xc9a8b68d40242d5b3948a6ac7259c50a7d95f908,1
0x680a85f6adf6e835904e3a478109b5e983b243fe,1
0x5c494b7c60dbc9e7969f522a0d574d909881445a,1
0x84385259a51350990fd4dd0ec15c54a5b124b596,1
0x06fAC54086936c4F3dc37Ff3E47f45cf59105825,1
0xb8C0ac27Fb00BDC899F92f9B98Ee3a7C0F1caCcD,1
0x4C5c003Eb8082D1Db5228E6EE173b37b67BD9688,1
0x5b6E57bAeb62c530cF369853e15ED25D0c82A865,1
0xC24D10245E8a2261415F79260E2648AFf66389ff,1
0xf5901A42BBcFC29fC498Be4Ae9f1D4db3f3C3A20,1
0x2003a546f3827F2861976351bd66ba6FB347769F,1
0x640Aaa84d40aD811bCEb467A1C95FF406eAbf7E2,1
0x39cC23e4BA992673B8d8441db4b5048bcD3c6aEA,1
0x5404A4D869b31e1ce899B02C54A0C3556A21e4bD,1
0xC1C8fFa1826E629959a65E9F0ABc11d52926Ef3e,1
0x6A5e686D935534cb68Aa23362DdAed1d86B3E170,1
0x9976964E0Ad2a4276571F4d622F657283f7fae71,1
0x04ae05Dd74Eac00161Eb45AA4D48Ca803e4BAb3F,1
0xE955d8AcF262071FD03Ff8fD67323fb6725887C4,1
0x04ea1fd770D5297708371f6ca0Ed7E565C7b4A52,1
0x178D77951F4C00Bb67254009Ad36bb3b152A7926,1
0x2bD76EB4883bE5CC4EF9d59a46B45557cCcBd726,1
0x796B9AA4e0DD9b891Af2b61Cca4e330256c26f62,1
0xB5b13b49B8602A64dAcBBcDD54E2f0AaaFa2C8D1,1
0xc30452caeB2fD97222455Caa3ae3105a96ec522E,1
0xBa3fF8dA1AEbD92b49B8285D9B869686e1f5b9de,1
0xB0F343C5545704B81c19330Ee033EC4c29441dBC,1
0x28F87C38d46C71bC0F8B95EB557Bc44D0B5Ea473,1
0xb63d71b82cc12977ebe2ad15c3599613fff414f6,1
0xd7D38689aDf2A2a23D18bfA9C9605968C31afb6d,1
0x4A79807023eBAe5e181756e378bd8Ec695a06dE6,1
0x9c28446AdC83adf8d7931eBb2b344C331ca6b427,1
0x6478B54F72B0F20F421De47d3956b23F70450078,1
0x5079D8A1160657cf20290E9A3A3cf0fd30B835a0,1
0xE613fCb8a55A64AE07f109F1fB726B0f4D7839a4,1
0x3001E0fe83e0dE1F1d0bF3A8014F1197C2c35f90,1
0x51e3161b8Fbbe705564990Cc63ccEee63B6E372B,1
0x606693a1e100226b2D7885B29021497618d370B9,1
0x9feF1b03cb48e89b8729698B37E99C372dB11d85,1
0x62AC1A6c8119503d50B5Cc03119E82e83344ef9f,1
0xdEAE84D5068916F0F45b809CfF91e4604551e6C8,1
0xF4adf7D11032C3EA471b56f8869c99b20Ab90a16,1
0x205b41068805f8289aEd04c17a6b02438000D679,1
0xe04c1240de97698bc14b780dbca785a5f1fadc2b,1
0x2BCd86Fd1D4A736F5a854101e4d1b0E208cE6AB3,1
0xefe6D86ced3Af7A561F48d1EFd855EFacEE310b8,1
0x0148e86cfB50C200575c26849C60B7314833B966,1
0xb4E5Bf09c0eB7c73Bd70EAE176d0b962140e9895,1
0x87431Ebb78B12E9ea133eCC77705d4fB96f54441,1
0x806a1226166Ddb39551b59ed952c56b6373A9D90,1
0x52137377bcA37CD138A57ee0F86D70437F234d79,1
0x02610e8337405ac8d9a3aEb7e7a6b869d8E6ABCA,1
0x24F18E2e86d8Fe753D1f4d59ab19e0393bCf099b,1
0x30fa6a8A544721396884606DaaE72b550Dc5c1A7,1
0xB239e9d88B943575D9f928d7fcC653e5B37E2F4F,1
0x2105eDD2CdDcB82f241C84C7173b3d56394a1Ff4,1
0x32aD96a516E0B82247fc6a8bFD60172829223636,1
0x08D1C90A8D2d6aD0e7c8D012187EBeDF88E51d25,1
0x0c79E3D069A9603D3c0AEb861Ea97A541DF3a171,1
0xA12792a0a5d2b6DC1DD202a040E76F63fb6E934e,1
0xBE784a1111724CdeE21BA4c6AC45F7568e5B2f39,1
0x6462ed494b1A691e1416fa1Ae4d8133CD8183f47,1
0x4f53e0b84586df333740c1acdd6679b3b41b0219,1
0xBD98A053e3a5C45d0c0BAf63aa6307dCd3050B04,1
0xb0aBF7b22cf94FDAB991b8f17398a405a94701b8,1
0xc960517deE7a3FC8b1F28481fd82756023D3470D,1
0x5f8AE5496Ca3B86a20522d182f33920948F12B0e,1
0x6BF851aC2b446f8AE9124Ae712bC537Df692Bdf8,1
0x4515e7c5C8241FEa616828905F7e09429a34eF58,1
0x22704d1a797240b8F749bE96fb6A75Cf5060140f,1
0xcd3da4D2f19f3696FE9ECe6C8647bEFbD7686F5e,1
0xE5900540ED693B202E8b9D6d504174b5c7193267,1
0x6F96327541513BC4070Ec9CB88134dC1C6AD1ae8,1
0x5BF603D4972B805EbEe06B326204aeFff679594D,1
0x70Dd544eAa42326D0B785c18c7A5eee466603E5E,1
0x95D9E25922C1208D932D765d807D2bC90b2BA403,1
0xDA2be9083C0AcB489cAfE38071d6974B212bc41e,1
0x49Dc75a57d936e806393389ee713646F467FBEF0,1
0x13361fB170111d1B17cA31DE8ac13f0742C356aa,1
0xe3b84986472f7FeA21e7f7B447456160b304D2Ed,1
0xcA1514Da1e489a2EeDe173F9D155b96A739ac755,1
0x58a49Af794Ae4266Be82dD260fDf03E0cDB43419,1
0x278EB3403d93dedFDa288695120f10601E60ae48,1
0x89d8Fb263106dbAFE032690208733DBfF241771D,1
0xC6357A31ebD67c232821f0A44Dc32BbabB3f1004,1
0x589f164d3b4f40E44F6cf02fFC3DDdE88F2530d3,1
0x2fB23F30F584094C94Fa61B7dc976B2ef91741C5,1
0x385b7D9721f2f0A502544C0A14Cf56ddEA542a3c,1
0x31D90d60AF21713624e1CE66936F4241579407b7,1
0x279D521BE8FCE56Ca6aA19FF2632325c020Fd0d9,1
0xDc9A15D4750E7885caA109571a9f2C499bD186E1,1
0xEc2F33C57fb99D632A8E0a4A1661616A79BDDf2F,1
0x02Be726a610bC5d97D00B7080CFa9dddF8b21839,1
0x75942D4Fb06012397762ABa3B2258477194b50C7,1
0xFfc0385b91a23469af1b612Cc036CBbA223384ED,1
0xdAF86b5927F97e3bDbf2AE9152fD9CD4ea59490c,1
0x6c70870B237d1a9bA0777a88298Ae46088B89fAC,1
0x6a18e6C35280C7f177e02654D9180Ad4B782f016,1
0x99Db44A434089abF7D5238F9683394405119572e,1
0x7dF92a76daA0a1C379Db62ECaC26A50D40CF413f,1
0xCB8A3EF4439d5433F4B4aE95b5C5690d51ea3265,1
0x890a751E9783428ae800b6393cb5f4082aE587dD,1
0x46409d690ECf0038a98b2e67b90b162c4AF28e58,1
0x0c813C2e550126624b7E207c5e5b026c74aC9ad5,1
0xD3eD10dDf42DdF78A46d1C6c27aC4ab6c2FC88C0,1
0xC4B0dc090E87345151D1E486B5b8eb49aE4fFF2F,1
0xED480F66DEfD51828Fb83067865B6e813E7874D8,1
0x0ED1e6EE8B17e4D11074A39aFFc8b78c40861B84,1
0x9Eb0B1DeB184ccf32D3946d92f2fd0AaCf56aff5,1
0x20b8A36DDeE9DadD73d533bF08C1b01E34775810,1
0xF51beEf1345E97cF6a4ec0C46Ff935A1BF25A020,1
0xd143247c25881FE7f228f7fCDDE79Ee9780fF412,1
0xaDc0f0BE674f3e7b225cfB6d3CCa984bC09ED5F4,1
0x6637b1A4BF4b3534EF54D837ad03eC8e177670fF,1
0xd621F1b3EcCED3b38342b4ADaCe4129743CBd966,1
0x1e9267E099a0ad1976E4733042aC94E05F1ACc7f,1
0x8F75fc594Cb83836754747991353584F7cBc361F,1
0x50415A59AB768b3b0a1fb21833B03Eb53DBe6928,1
0xDe1201FC7c18E5a4e6E50d478a7e9790B7f69ab1,1
0x31BBb491dB3cC88277FFc2f80330aC9D1b5c4C08,1
0x09129cBA9F681007362C0f3A00d3563C59396b19,1
0xf3984C0E6B15bfB9739F0752235C9831b140E557,1
0x8A512EE3f0d46288Fd24846454752AbA6CF85864,1
0x6e98D8A48F147DACAE9301527B6db04a16e3CeF2,1
0x289af8Fd62657685720063D379Cd685C2b5A9948,1
0x6D35dA7a753BE73bDcaCd0B4d419694C1E327Dc5,1
0xAd4cC9FbC767249c37451aFe588D69Ff41f71752,1
0x1175720EF98b9189362432D6984DdCdB2Ff0936c,1
0x360Ea84895269BE269033ED97FefF0aC0Ea9B683,1
0x1333BBAD610be7b5dC6B7630451587405E685761,1
0x7685C84004aD9b6E4D9f2be39ce611b01d68E3a7,1
0x5C6b64b5156A4404f91D79ee200E2D0ee5Aa236B,1
0xD217626D506193850982a80e2FBA34cFBf7B4BDa,1
0xe16A72D3f9a67FA9ade0e78e7B219b5Eb45622E8,1
0x6a4a26828A8646FFF70e11DBCD781cE228ac03b2,1
0xC734d16BD4C1e39D41550dFdE68e415171953e6d,1
0xCc0317119e4960C7a2cA83A42379896B3d17F10c,1
0xebd1ad2d42EECD1eC887de6454713b3E63F2FacA,1
0x0A34B15AbF79C9152F5057eAf87c054Bb6d2215e,1
0x6FaC2dc85711D520F28daf0386BDB5AFa593EF55,1
0xC6045f0203ab143BA7a3F0388eb8332eFB700391,1
0xE1f8dE77C45a128E623C1a4b501254b5AA0Cd0f4,1
0x18AEB8064beCa45C264342EF13355DF535F8Fa37,1
0x520c5F9A5345E30Eba6E5063eb8d330F854c5D1d,1
0x9B4cd064F7E4548BC195b705821F8a3638C15E94,1
0xbCbc83F8667eBc22680f370dBA1f9E992416cDC3,1
0x3937c9deeb59b1781D706B7Ab9ae88398e76fca6,1
0x176639a2a8783E427B7A45E418C9E63C95dfCA59,1
0xa021FdA5105F6FC335c6ba06EBB973C9EB43e798,1
0x86DE3C392B4FbEe859B2423b20a807B9bAF4b03F,1
0x8f355860c8099DdeC5D195F50ADb3b1f94E7D980,1
0x2565338450efBFFD83388aC2E75B8A22925473B1,1
0xa24D661Aa481813Bc6A148768785949129E0c310,1
0x3e1BAE25bC4eeb818Eab90D51E3Af356802d4Db9,1
0x0819611dbbc0382e83DD16Fa2ff8cDf8F46562b3,1
0xe83Dc4c95312743ecDbF70eA65c4ddADD9C07d3A,1
0xD8f4Fd37fA252eA22F47837eBb246Aa288d1e57D,1
0x164ea73Ed0eFD4265885bFbA7D2A2758fEe0550b,1
0x2F1DB65bF995B7abf092bCACF8EC9796683A61df,1
0xcFC137B2BA9e5f28BAaB25fA12BC56c5034B7EcB,1
0xA42e5373fEb4F80ab230b7616d08601d4F11Ac07,1
0x1C29BC9b42d5EFB68292e0bb42ba32dC1730232A,1
0x5954639E5cDF58A32a2F952007563eB52a882240,1
0xa4c441f1D5b94a6Cf826b81B596A74fdFca0477F,1
0x9037677919d53e430716Ba96481dC3b0837f6Af9,1
0xAE3a33182aBf5277eCF98Eb76c963b4bB0b25bC5,1
0x3d5e1acc4dfa7cd7c2ddf8c8906c2bbe926b5e37,1
0x948121ed0c835Fc4FdbFde37C400A1d0DABF69A5,1
0x63d6E3926a80eEed06e34684EF5457a77d700b38,1
0x1e10C2bF68081199beFdeF8df7752374909406F0,1
0x6F869161ff96991aeC60187082c3ce50d7cD0892,1
0xcD28cd6A5b0cEb2ad7Caf3b2808293E90064b8A2,1
0xf7a67b4de9673c7e637e5960c7cd04307067647a,1
0x445B9820f161302b5827Fa8e618E5b9d0497590C,1
0x9bf492f84F07690599de000c3b4de08fa91407eF,1
0xf4B41d0052E969cdaA00067aF38100E5023e62b3,1
0x1AE55c0005758d43fB804F297921434Bb0D41545,1
0x2d409beE19504F59a86642e3407FF7F3F5D315A8,1
0xc230be60a5bc9104962534ba14d49d8eeae030e9,1
0x242f943abc7f4dd45793df28964b4e67e97163a5,1
0x660d31b03f86543859ad8608fb09cfde81c45fea,1
0x32f430bf55ef1823e918db413e9dde77521bdc99,1
0x2377fc95DBC18b4bfe1750C2D84ADC549275B8Bd,1
0xDeB7C32D0B8F97f2a89F917E7Df3a121d3DDCe91,1
0x568efe06293f6988b49ed52a0c55e1743aab1a0a,1
0x137621829c4293Af4bda07aB0D8935c5798dEa0a,1
0x02c176cD7d7d4c277DBe0FBfB18fF63B7e5e8C9D,1
0x2d1810AEd3A79cca8aaD3f46ecD8dedc3A4E7CB5,1
0xaBe99Ab34B798bAE75608498E172145Bf836B15D,1
0xF5b5D7C5A6bd15755B82E0AFDa9A6a57758d8e0B,1
0x44F8D07812f917793b67771Bc1FC54699D26d838,1
0x2D7e2384507D1A5a567522c18430dCEb81cc38f1,1
0xa4976B875f5Be5208314A518ed03d62411910938,1
0xbf68790df0a7f71c835aafce18696f499bc7d7a4,1
0xe02Ae28eB98d5807379743AE2E6025401eE4A5B3,1
0x3921212eA5D3a638B2f06638775b9564DfB37Be9,1
0x5722387e2950A8E8B8674D8c5dE18D60Bbb59F63,1
0x81c35ac5D1699884fe88a7812c6c8E4423d03d74,1
0x492Dcb90E02c1DeF4a3a855c1f356A264274494c,1
0x0b9A79F35bF93c4B7f9AcE4FA7B1F07a50BB888E,1
0x410ec4517517eedBf1593f46519bF36Af438C7D2,1
0xc372730711e9c85a80142f3425f728e66f16a0e3,1
0x4162F284692842EFFAF5E0eE3bb5a74Af85d7689,1
0x2BebDA308f544448a65Ffc22C540C05a0b9C8523,1
0x78eab9f2f6aa9d3734d55fe650ef8505c168b8fe,1
0x534A000AaB480E0A4f9591226E220b73c08F9FA1,1
0x7e04cb51fabad277ed7f44c4426dae3a251787d4,1
0xb1e8102Cd6b2e8Ed7d7a355Ce22B64e7629757DE,1
0xc8614a4a25F9279090469A547CEFa69a69997985,1
0xAB442FCAA5Ef40484Fd6f98BE4eb07459Ce5cF18,1
0x10344f9e5D49f60D11bD2c3ab4C0361E1C21b32a,1
0x397c925c1194d172a10241465370fb3d26bfce6b,1
0xf958adD3619c72DadeE9Ed9d9DcF7Af2A4656Da0,1
0x8f62dD013CF4b9E38998636b1B33b56006862C9A,1
0x95EfE6A0eD58a8DAfa4bBaeA2f0269E7301533D5,1
0xe76243d1af590b5fb1551cfc3dbe56bdd2b1eece,1
0x70467DcA8FBb9b13EfBCa52C9B3450B0517927F4,1
0xe1D7Ac1c95561088efF32932D9810a33A54bAe21,1
0xd28D0ce9374d4576b984569BC0599a06a97B8A17,1
0xe04a058C8Bdd33FbaA973eF129DeffD63a606348,1
0x362c40959A2A9C87FAE370B9d0508389eF5Abfa2,1
0x331164cCC0E0dAee2a92a347b51FcF48016fBD7C,1
0xadcac9FBC880E2A8A1A4e1993b152bA4c10099a7,1
0x1154B72EDEb052Dc81B4D1a6Fd9D16F9bfA78a81,1
0xbcda5D85198109188deC70a9e7C26ca1b41590B9,1
0x8110e5C8581Aa0FDa6F7f1E5eF8dfb0337E5c7bc,1
0x0DDE14A90aA50249dC9F4aFA84a3bE4321451341,1
0xd389e3272bE2dd07aCa708dd4055d7d5C2F94883,1
0x44b48aDeC7e43268eA75cFDC0585410f87999b15,1
0x5eA4c88164060d3e46251D6D57B521d8Eb1D2495,1
0xc783a2839F18dA05309d0A7914D1544238132079,1
0xf09bAfE4553348d8354bFEB8CF9855B9ebF71254,1
0xDb45CeCaF29D1A9C27E7F726781B820b1a36f592,1
0x601843925FCD6747a7bf4B6ffa5235BA7287bE13,1
0xD38F49eaD69006D10769c5A6508F6e2A2554C5A6,1
0x7E7F6e83a21faCd1b30D4aa6331fe4BaCf7c4157,1
0x0A8d4daEd2F422f48454268A893092224b37FE15,1
0x7bd510FFBD3d39286135a0bE5d05a342746dEDB4,1
0x55d485b9C3d04B8EdbCfeE95604509Fb587e4309,1
0x424e60800973730292a962f1899fc51b1c13f519,1
0x49E0f8Ca2FbB57FD036a3B4eDdb5E7A1cD620157,1
0x71a9fD2bFc97e95062D6329F9cd59b960b62D1D0,1
0xf6065731e2fF43F1c589Bd0Aa6Cc970e256afCe3,1
0xb6AeaA4e4b03d16aF01b10405dcbF3778e006a1d,1
0x4b8ce8A3919D022412fd850a1E5029bf6CC37a90,1
0x3bed59265e848ad987A9B529680750d26E8FfA12,1
0xEc7093d4ca67e28857e733901f78B87a85Eb9b93,1
0x60edb0848d7DC6B5214C1a80C46db0e26a5300Cd,1
0x00Cd4aCd492a54d2999a5811c62396c7e660e877,1
0x04FE896673F62Ff1641E2b0316fbb084F2c1913B,1
0xf3cB66e637558B1dC2D2e9676beEe15aEdcB7D86,1
0x6383757bd078d5136aA8C3Bc29c434BDee3441f8,1
0x1D49C0E848846937303b477118a22CcF98a20317,1
0x7633B4601B8dbBAe565E21C9DE68f1d7CADCaBa9,1
0xef09F548d1386022068AB0294C0641156e5071bc,1
0x7154005Ce2E560a25424bC656246C5EDA1CDA1ec,1
0xba2D54853D7F5e832485c6aC0cd6AA52cC8Ed2ab,1
0x36B5724185dF73766D98c0f5E14C94Be21e04235,1
0x1d09B760EE2f8979Ee9d75966692C1b1C6BFd8C2,1
0x9a658b8CC6e24a62EBD394C82bE4dF9e791b11de,1
0x74627274990Aea90699BBfEA5D294B3fd806A2cA,1
0x647243335C684450aD84C9952804b4c7d1D31733,1
0x0128Da242239F3B0086000FEe2C3Be8d11f48C17,1
0x8F003783Ee6788b5bE8025Ae3c45adFe8317b08A,1
0xAC589aBDcb8F1bBB6800d3F635f9D52110450403,1
0xa0dba0f4c7ddab62a2e0dddd9159b7dade387e80,1
0x41fd0Ec0bC2a1b92dAF076889F1884Aa1FBA146B,1
0x0064f54f2084758afA4E013B606A9fdD718Ec53c,1
0x8e80a50e4ad76cc6bfa66232c826dbb2593ec7e8,1
0xBaB0e9548Fe9574227F7516aacA23D31f00a20D9,1
0x52450a23BCa5Ab334D7799A2F57eA4257584b549,1
0x0D410619bCbdedDf44aae037B6F1a8F444d9c0Ca,1
0x279344aF33805D63eDEF97E1207bcbf46ed40BE7,1
0x4174a778fF7CE306F228819a1B17bC14EE260816,1
0x94083C4d1285CA0789D19ECD0f93e4dc3713d16C,1
0x104acD39567397aF7D0d8E9f36e79916Cca2f777,1
0x09d6679f6913b32Ccf0CD3803e688a3a496452D7,1
0x93a6B0Ae01ec35c252C9080d9974358CFA661fEc,1
0x02CB32B9180FF5343D90Bf43A00111a56b477ffF,1
0x740B876063E94fCCB2cDD1DE53b17f9EeB2EfF5c,1
0x72417d0F58504004Eb151E37928CA6f512E57Ea9,1
0x17e1533e646679739C19041a613C48dCc2182709,1
0x373344830CBde64852D7Da228b121aD313cc09ff,1
0xB077aA321E0484d61dDF404b5E009456612772bD,1
0x68E32b841a1dA3845493b320DB611a31F2519929,1
0x5C49643e96C1E019112262C176D219511F5bc095,1
0x167c14263AFD7fe4485bc38A1A4B11DDB099AfDb,1
0xBbD12e2C3d13f3779b7dc63221631B0740366406,1
0xDFa75f9e05F55b0f9254FB67821A309F18FD120C,1
0x4cCA72a259d920e14Db1d296AF11F99912052bFA,1
0x00d19ae90ad0bc9915cbf2342e415b93f5012451,1
0x97fd469dbee2c3649fd35e0c2530dc7d91d8993f,1
0x9d3d4fddf0e975f5900c53b54ed9dc423dfc1dc6,1
0x9FB3344C268B0ffA68245CF8494a3709457246cd,1
0x21129F3F58C7010E065f5a15C17047daA6812585,1
0x2404907077b872081b349f21f4319abd95eea3d9,1
0x1DEc0B7C4C9a9827262eda6b68E1b2f005eF93c5,1
0x3d212f93e76918C762e7e98F3e97B146409E4c4c,1
0x0ad9f0E4722F2D3fcECE7d5E399de7309b38D95F,1
0xaA274ff211734e9b0fbB3927310EC50C03795031,1
0xFfC41fe717388673a87f183D012aa939Dcad90e9,1
0x112630bA98300A8FB0aF4EdDB42449c03fC65a58,1
0xBDeD2929056380cbDAc076994D009c193e9152F9,1
0xF11316f7a74217E1383A3e0988829831e0329306,1
0x134A0a137836B1be311B5678DE0B553752ec5BA1,1
0x35155e994a788fe64c8dE3B53B09034F995FA9Cc,1
0x1b95d96dD36D2d3FCdD462C88EEE08d11B71D2d0,1
0xbe7477f91Cda5a3CFdE46CA6e2D8fE8A1c51161c,1
0x55933bBE5c95DAD58be3272A1e5e413238C0405A,1
0x68de62fE1eD2BBC28Ac097cacA2ddd033786FCC8,1
0xcC3eD322F84aa52b4295Abfa8604332AE073e8aA,1
0xa7d6c91B0594e9ca55dd0E312Ed6091aFeF646dd,1
0x0CfC77BF95b58d6DF11365bffa39Aa74495858Df,1
0x27AB2E4666aE2949ce78953772939f81b695cc8e,1
0xe1dFc8AD68c05f3E5107E00480F077154d6E69dD,1
0x24726bb1C7996dBE80dae1e87799034125577144,1
0xB3eEd556aCbd21924aF48df52Db17A133725f79e,1
0x3198b92765542e2506063eff67a98B41fC75AAd6,1
0xf3A484e7c3c357c46F658dCe87675Af181C5c8E3,1
0x66399B0fDB653444F44891B94FE816295A57F0eD,1
0x835F1Bc7967Ccb9f350A310caA494412B537Db6b,1
0x5C9C22F7AaF2152e7D1e88037a4997044FC81C21,1
0x1CB938B20fa7282C2C73d32fDc3B97F8f00aF2dF,1
0xC60E45f7EDeCa6a26A701AC619eEc89C924a7194,1
0x05001116B75658E96B9239EF9b11ED4C1Be5b59A,1
0xfFAA2C5A9b88606cf11F12666d7527AF0E68eB1e,1
0x765a2e67656B0A556b8F75B0B5bA802721b3F02b,1
0x441546EaFea5D393e6dC54F34BcD5d8869dCC86a,1
0x63210737655071b9de5548dE69BBB4d0f8b633c1,1
0x319Be3F6A1655E7C52b15Ad2D1AaDCc995bc64f4,1
0xDf4B613E7F7045c91Ce160db19a4cCc6A959357d,1
0x7e73C69D5CA8254A7Ac5B2179c8A84eff003DCD3,1
0x3e4ebe7050e653fd288ed5f51fdc4d9ff3e72934,1
0x6ef1f44f666e67Fa67960CA161f20253a85BCBb3,1
0xf2d6e9d905BeB82D977AfBB31A889198690A1912,1
0x22216c51B8AEd7fD980753C7782a3eB194e8c822,1
0xe53d620DD1c4A783CE9104379CC9f432775cE449,1
0x71Cd576e86B6729f02b7e475f45f1bFc97Af59E4,1
0xa9a0867c28e412c37d1bd95ff76553f317c1768c,1
0xFbcC479cc4974120B7954b5fe1Ee74A1Ac6c2936,1
0x6769f005360fb6f253ceb560ec4464778e14c664,1
0xbbfb5033be643af5d738d8be37b8de2492c4886c,1
0xc95727466f89bbbda21e04e94e15b39e5fa68505,1
0xfef6b5d42d2865f4bec1fc4df6d2a938be594de3,1
0xe892dcbaa0bb0dfd3789a712473b6ce4a349b1d7,1
0xf6e2F31031826533dB3AA7d188A710aB682b8143,1
0x74Dd00d1f522773DB82269C82cD9A66dff93C13e,1
0x39d024bc26113774bd2c6a8b99098e97fb31b661,1
0xd5E1C0F3dF7e5e8168577f6B4CA27efb283958FA,1
0x354bDD07F909Ac8d23c212116c00281De6Cc47b5,1
0xc82b08e7cf8920549F8c5370B07CEf78Ae740aa4,1
0x33bc7c3DF539F0C5b7783a3009d46314C52DaFe5,1
0xD9BB135881B70cFec779C5fB4C356a168dc985d6,1
0x105aEfBFe5f9152dd0Aa40D9bf504Acc954442A2,1
0x590D4EBdE419fEAE2Ed2F69129eb56E97eE887d7,1
0x58De9Bb27DCda019150DF9F086c9a2Fd222756DA,1
0x885fF205b365Cd5DBCae934712C6fA9Fd7792D82,1
0x18bCDa35C00492Efb3Cd0329f67f5345714748A9,1
0x1152767880bC234d1E2874Ee5535f4a166A1B151,1
0xc79674FDE2b1055e63e2FCea701Be7B5cFC31027,1
0xAC4343cD39dE07Cc7dFc291f9bedcc7078429468,1
0xef66854D326e5cf1A74437D4c53215f5F5C5bc6F,1
0xC27841799FdDbfF8D08FBdBBE406c1312F552a65,1
0x838Eb6724E3Cd7C5FDdd29C9E303a3c503483312,1
0x23b1A208FC60d1f0cA6647cA466719bf67F142D9,1
0x52A09673ed2bE671ed6fBec9bE5420bdE7535d6B,1
0x1bA8893daf5c9b241D303643b541749Ba0d2C293,1
0x56589a01e8c8df73d7acbaa66a446fc0b8d1e8dd,1
0x0f7bb5e49fdaf1D177741659d292367FF78f7298,1
0x54eb19C9067301Aea4E1E07c12e0A22B9f351EEb,1
0x9729e5e7b6bb1dc06c1c26814f67befd0f52b622,1
0x77d6f5c54BBe2192281F7F49F673E786B0Fb88FC,1
0x264FDA69aAE3e5458faE22810DEa3760A99C4A7c,1
0x39126aabeb6efd314a0a521552f53c64c25b54ea,1
0xF3998EcED96ae3cFe880aC9d2637B4118dA48E22,1
0xC9dA7e642A8E41df052E522EE27ECF6009c97C18,1
0x17B5872716121f9f2c9BA3008C59789F7f820883,1
0x7CFB2792023Fe18A767508D808C2fc7123F6dfd6,1
0xa87f4e6bbDe116E4fa7C0C806Af5216B4Fe92C8C,1
0x2175F2a2E71889b663D337914457F43357d6805A,1
0x0D64c0DDC56e0aa70bF6b5b00294e7d0d4a52FEb,1
0x8021a0BB1eA7eD05DCa909281621366181e7b9A7,1
0xA9803F95c8C9760A76606DeF2128894D52f1F66B,1
0x25D79E815c3e01f6475538bA35787c5c5881F6eE,1
0xc9cdee460C767cADC3318fb4DfDeB4F00Bb07a9F,1
0xcFeccBEd3b4B11c3f38cb6fD86aEab7a162f914a,1
0x449F8Cc7C3bf8e1A335dca904Cf2a2a405d8e828,1
0xbC2E63611A6FB97150Def512EBaF3F11Ad082Ae2,1
0x6Ca87A3481F13F19e674c8445cD30E88639Ebb3a,1
0x113db00fa12d2730ABfF514155d8E669d396FE29,1
0xC55E54C45Bfb564Ea37dB40a22e072780E82A559,1
0x3253F377A15Bb8892c352Ef8b4aE5f0092930DE0,1
0x6CfBe79897FDCCb5023DAFF2D66231692065dB47,1
0x8a9f6F604B71D422a48aae65690973849a4b8fe7,1
0x667f3043D3A8950BC6129e8D74Facb80A658AAc1,1
0x3Dc4c1a249B40DaA6F9173d5d192eE1558F2A03e,1
0xD833fc7A14881FC5f8be5692f05E948C54374DA7,1
0x6b4E5565AD4864E3C2c79D4a04E75ABa5690E8D4,1
0xC356fCD8bcC05fb05e6EFec014BCD03Fff2c6b61,1
0xb3e9A1a33286FfE8fE58646a873C49Fe2b3e1F21,1
0x9b729bb083585F1b8E59Adc85CF626c38a87b4fE,1
0x60418E09a218235D0b445B8Fca7E0fA126cc6F93,1
0x942A8E999C899118c08bC13CF7C13487dBDf8f45,1
0x293a48c9619E0569048A08FC2BD2f204A3E7BE14,1
0xf088A5475373961c46A7D692f52B371c2e2C39eD,1
0x30C7ADa1C40371530f714150EeFdf2D86666FCab,1
0xF4f173cdE0448E9cA100c40F669CF66b83949e5a,1
0xBDB94f05Bc747c81A8F895A0b5f05f78aCD0958e,1
0xf383acC59426CEafF298070261124f6160e77E58,1
0x832bcA8F0a208eAf4b77c08F2D3593fC272f30db,1
0xF80E9353142Bd9f2f8457792BA1F8D274BAa242A,1
0x029F7a1201AF8ECb5a21D539D1c1AD94C4961A61,1
0x244C71C2FfAd99E9e7f5046697aa6d3FD551120F,1
0x2e05CEEB8c6CE8e6Ce7E6E1BAB4F32964bCC6C61,1
0x298914b8EC0eBd4e363bdC0B3DaF163c66135D0b,1
0x51FAd0b7767C7a0f6D25a90f321A5173d389d6B2,1
0x01f9B2b507db25f6868EAf1Ec99481f057B5Dfaf,1
0x4eEe8552Cc399dc49d60FF02b5174f0912Fc0a55,1
0x9522c33929e01d1893D0D07ec0271D75677Db0Fb,1
0x537b2671238Dc3db1352668D0F4f4651da8ecc6D,1
0x74Ab013c02Eb944a0a79a1916dF39AC3135b93a2,1
0x10703d14B8042Cc1aafE437a5c2953c9014184a1,1
0xF2A9eA275238a92a71711Bc4281695DFcDfBa602,1
0x73e2c05993CeA8ea798225C57ad8966EE757dDF1,1
0x3A3d03F3d3F0799CFB83Ca8E68523A89dFaF1d73,1
0xe60Ee66bD4db2e6Da0F0c76275cB318AdD31fBF1,1
0x73176537B318a8C4871039150B928959b413Acaa,1
0x7C7E1be85044319eF6d96Cc4291FBD6693941D7a,1
0x7d904f608B38a8913d094D108be3D6a87ab2eDd9,1
0xA9Ef5403c88d96ad780b3dCf488326fbF404850b,1
0x6DB874C864A434841B89036239B3b37C46C28559,1
0x04256cE5F980431eC51BE1E64bFfD17C8B966c91,1
0x295655684E3AEe1486d2FD77868727dC75EaC501,1
0x6Eb7C83499bFdd4e7E9269d54f55De6b9AfE9770,1
0x8959EB1aE63226a2ca26f0cDbB56D68F6C0100ab,1
0xc3A0468d1A65359Eb40EddDfbBd68B2994c02CD6,1
0xd720a9618D0F51C44bc69de813A61D8bC4b65178,1
0xF35e14823Ee133e00AD150D37C70BB6f00795948,1
0x21Cd6bc258Db325Bd17Ff32E402681e26814f545,1
0xb0cCCE4dcE5f66580a0Ab013c07f57e867faBf0B,1
0x63B4cc8A953696Bc881824922956872FB0BA2427,1
0x67da17d9863E3714Fb9326CFB7B0067a22ce217d,1
0xBf7c8bc9bA70589bc459B6c6BA1a9eD28ABd6C4A,1
0xc86b1976e60728fc4232Aa7E9f82AC32c92E3503,1
0xd06DC0dc2EE10933d2a40dDAE6943709aB83eC38,1
0x140396841321a000125Bf3828c932ec07aA4fdb2,1
0xfC9551E1e5DD7cDb62C7bA5C55B42dDfd8826ab7,1
0x1e839E8AC3D1A58a728dDb5B98a969051eDBFa19,1
0x21Eae49799A4EBaB481B86A64EF9761e6E1723D5,1
0x663c1999903b3Dc8bA74303c785FF5B4A641c538,1
0x7B2C1B566a5842Bc5934c3bb20bF191286b18168,1
0x59D23Db93EfC1F33d769489C919A933B0DC1160A,1
0x35082D0792B1Be7D7fd08ED5Ff05AA0f277fE666,1
0xc118F90f8B0A31f69E8E44160c5a23376617Ba2D,1
0x2b4a804e4DF28FC9483adB39304733ec8B77B0a5,1
0xC3784C2B1ffa885d3600feb7D72f66f2aa00133C,1
0xa7CA65b2D044bf0e5E9f7Fa179Ae2c6bB7499071,1
0x927AcD1990C125397845B1CCf27794F92E5e2D15,1
0xD69fF7dF7Cf1506f076036c8818421A61eeF5E3A,1
0x791b6A586fF735252029FE3ff754c220875594fB,1
0x8DfEC901DF249a0890Fa3aF6948E4C5fBE45a195,1
0x4A10C1458F0B24669167396db85fb0372C04d853,1
0xAe12698B39c5B6ab301B5fb6d4BfFC9ae093ceAe,1
0x6400b131442AD17caf696B31F68CDDb0737B2Da9,1
0x3741256b205FcF0E1c40F1379dAEB84c517f52D8,1
0x3169B761A40B76044A999414C776cC536a7DC6a0,1
0x996B415F2c0445337E18487191a860023efc7572,1
0xBD8395EABD24e305bfd9fDB13f15bacB48276447,1
0x55bE66Bb7025bdB24072dC1734f7c5c0cB20d3A3,1
0xEba54D59Cbc6a7B54A5875769E9C343342099c88,1
0x7c6CE02490c8Af960329cFEdC5551aFa0Ee72237,1
0xE3F047A8b3d18B2D04dE30aB9FF071B34D5B6958,1
0x04F2824778a740a555aa97f0C7f44C92F439c918,1
0xeb239acDfDDf6C170769F5Cb8b7D86CB81B6C0C2,1
0x62F9137C0F29570F43b746C1e0F8ae3F12Be39B8,1
0xcA1295B72a3F5469e4e75B6c819024a4716700ba,1
0x0ba9Bc5073b0a44eec82ba4192D9C030EadC3dd4,1
0x368be77abE3Ca5acf34f4814d851B81C1A156db8,1
0xCD5b486Ca95624727Fbd6DB0D134FC6304768D5D,1
0xA4a8D75946BAc06f62fDf0277B1FAB4e63Fde992,1
0x505DaE291C49ccAeFbe7910D75CEB4601A1d27be,1
0x46A1a4f7Fd8cfD7F2CDB4F9e2de750cbFc931972,1
0x554c52d22ec1E443e590657B655f39F70aA07C37,1
0x4C7fB09873237918DA467ada7Fc2bc01e5b5AC35,1
0xcF53D5e1B89fe1709f919D84B794944B2464Af42,1
0x2a74C5053032c92C52F28310D72Bc4A0964C63Ca,1
0x3CE6C3bdb8c8BeF2148BA25A1DdD8A137773a126,1
0x07F1Ab679488BF2E4efC8edD59108Bb922280251,1
0x8767b0504DAAd0605ffa03448b286CF09A9F8E96,1
0x27d62765d01A0aD263f716518B69DfB4011b42DB,1
0x182581E76A98D8AedA1cd47637406305F4655954,1
0x49C1b2b92A7B8419B49393ABc07A271B12279a85,1
0xd2D9A3701eDFbEebEA0C63Fd8B9773F8220f58bC,1
0x7cf00695D548e791759EC3aCE203F7794308cb76,1
0x6B9D64d52c05A4756922F70D4cd8B07fb8Fe00D4,1
0x46D31E9be752043017dDA9EC58647E5239e4a633,1
0x6b829179CE2d8Cf88a6DF95137e5599330E89E21,1
0x89E5b2f0006262da3c7649D81A1d78242838FF8B,1
0x594C9Ad8D38Fd59daeAe8520Ab1E31B2A866C4f2,1
0x95aE6B88146fc4832A8B32Db7e479B79e7da164d,1
0x351e92a1eD3eE774837F39EEcD2a3C9b0FB8D458,1
0x37592de810f0c76608869980c15dc4132ebb90c7,1
0x49f198f75Ad1F4A6Afecb610720F295AE6af2075,1
0x7864546b1037acb291c10d9bf59fb541b235c0b2,1
0xD58A03F340AE8BA128C8137817572CCBE5475F75,1
0x4b97b44a0a0aA74bE5ccF103dA7c5B57A23C264F,1
0x4cd5C8E32f651329E356A2D4329Cce10E19c83cc,1
0x854D33F336157ccF5d05B6cAfB034D76e435ed04,1
0x924cceD47c6854716eB64a1043bBa5F1923b1306,1
0x915e4d094388b9526c7644351f0bceeed68cd84e,1
0x3113271C27ba2990B8D11D717C0E23Ea060df5DF,1
0x35aaC29DAE85eE5174b8803A7fe80A78d2867ac1,1
0x8d5e9ea833b4599c9f4253758634798579309ce3,1
0x78d48ec0700754942535f40f14949810a5b22db4,1
0x4b30905A218A80eAC95D87e0806442bbe50D25eE,1
0x2F5313d31a5566fB71110297ACB6B87B41c4De9C,1
0x5a05f98cf8fed7c719bcf16ec61c73bf309614a1,1
0x0Ac9F6E6ff0ca842348F21efe3Dfb9D4f407ac48,1
0x5043144F14A4c726461d38EA862959c72700Bc27,1
0x89c6b84F01Cf23DBdccc07045e69EE5A09DE9cCC,1
0x5db62e90Dc05D75eD999023Fc42CdccBb228d84D,1
0xf9184325B1fBBBa64d84a9142675F59b8fa1e3Dc,1
0x29d0B3A29fC3844c96C48B7d454eCd9C57835a65,1
0x15948209Fb8F0946B9feb72Ea509760A3Ae23cb1,1
0xd37EBcFBbf4373dF5380909Ec970d83a2Fb03626,1
0x2d5ab3f4b72421bf8606acb00a80e4073d1d8489,1
0x25b683B0069F51af0529AcA7371073f164Ad52aF,1
0x49E8cbC39Fda81C5CE771F808DA3F71Bef63D711,1
0xEB77A2fAf6B2Ccf1a327926C9A34E339aA24DCEB,1
0x4f51E62A085adcFF4c6E8Ffa0a3706125DB76999,1
0x3d51CbfEaea061278D2b20b5dA046869F29A20da,1
0x9B80294aeB325d9c5B5062cb541b2Af05A6612CC,1
0x4D3c6a07657059Fe541f690fAaC9f76cc0f55147,1
0x1040C9698c14Dc47c77B4014f2c4511Bb2a2852b,1
0xCd4519C3F490E5a2Df0ae024DBbA55094BA54F69,1
0x9ff80Eb2A2b22B181EA1fbC885a030825CD48922,1
0x3411980d76b9481396d50fb70f3b3cacad32306c,1
0xaF9556ae9572fbbe9D1bf7952340F794f9ffC135,1
0x71E18aa68F8893f81D0B72197a8cc1e8C58201E4,1
0x34aB159F35D68520D96b8eea8B9F084272391d18,1
0x9ecaa7161304c1d39d0534404d334bc29798b950,1
0xdc5Dd3c27bBeCD5C65474dD567E4D9F35015cB4D,1
0x68828294923256f72a85b35145aD1d9b4fE30A17,1
0x3763Eb7f135b61Cfb1487c6E3299515A4104116d,1
0x919e1eA1Ace989BcFbf1Af8556b432b19BB7310B,1
0x8765BBbBC020A058030c041CB4CeCE169E41E6fa,1
0x82726892c467579B5633faCcA2304f0166B03928,1
0x4AbEC47f45E60Bf48b9D0B31354fcb76Be51574A,1
0xf045723Cbe19bB634c4bab8Dc1dD1b84cA519d54,1
0xF29dA612bC83A6Dbc08C2dC4F7922997f0c3958C,1
0xb97450ABBbd5190c42CB3dfe0c67A61fa687C2E5,1
0x947D2F5870eF3D3C5Dc086977F3435dBfCfda164,1
0xc196Eb8d5a08fb6CE0297b2748e18137F2B431FC,1
0xaf4F6710207f1BdaFFA5540afC81DDd26B76ED66,1
0xe5F9AA5FC99aCA3c25Eb22838162a947578c16d1,1
0x17198ea3652ee7fede0d9cfe1448d2383e9d0be9,1
0x09F98972Ff04dB4aAC97982D044ae20b851Eaa1c,1
0x315617A315f8c18D07F610914c8DEaCa672D2679,1
0xc26CB1933E0468135A49D4ecFB51c24F6d395DB4,1
0xD22775f606EBb0d88C94cFdE1e8B067714a9bF92,1
0x9ca73054BADeE6B9270faC11e1d87B323b6189b1,1
0x1DAAb21d6b213B1f8746119c69C229Cf6A1408a4,1
0xB72dd76E58eb829B32E0186301a79eb73e1fB069,1
0xb68c5f5fB4d9b1421100E55F837F1D6E2FFa3D33,1
0x404674cE71306a152ec28fB3F6A1D9Be710361a9,1
0x2853622b5C89884F5Fe203673ce7F6d432D2E68b,1
0x60C82f1629C990E0f843C3D137E5115a97Dc7865,1
0x33ee48aF70591FfFBc5E7407E5DB2522A41bB218,1
0xc7d4867701778A299d976b4E0bd2f87188594Bc1,1
0x27059e59E4036BcE3298Ff42e0428Cc8aBF9C700,1
0xF6a864E2EDe7CD6e7F6A48af3Ae739b07744A054,1
0x9f330966309A254616a8BeFf60C332B1435a9496,1
0x586129bb1Cf1502e1615A142A72061A8dC76916f,1
0xa1aeCDB4d2bD00B4596DaE02878468aFc4858b48,1
0x713240d9B0a53D086B3f60D42b4fd290A4Cc8300,1
0x09Ab7669c82C2dB6b6d896eFed62AbC2E5E06f9b,1
0x9DAd8eA99187494Af7A4B60A33a03418eF20aDFd,1
0x3d0857b45423aEC02f132FA0A16844f38aa4d59A,1
0x13A6FCF17523451716E768fBCf23C150E81d3A24,1
0x230bA15Ac0c521F311d4E77548796fC59050735E,1
0x1c1b6997f8b571076b10D40A7975a84018B027fc,1
0x201bb18eE3ac30C9FC43392764e06198721A1530,1
0x5Be10705881C1647Ad0d1C7ed57cCDE8ccfFAC25,1
0xd61fc0f7fc08ff7ddce705a47ebaec6bd481514e,1
0x3b606b9eB0098F40b502346D160EBCbb8932e4B2,1
0x3957014da92A1B146369f8E16bb82C8D06732B0c,1
0xE2f441B94D0055Ca1cB1462bE1c99A80262Df76d,1
0xe5f8Becf724754CE914468A6c9e2014eC23e7F0E,1
0x0b770f824197b38EE41653B4dA09b7928C02DD77,1
0xd116FAc0563aB7785d8bc6Ec5F676b36B0F9FAD3,1
0xd26f7F6B3bDACF9B34AA3884962FF0d4F151c7B0,1
0xf75ffaa90A5e35D010Dd0f4Cf428DC40e4248B92,1
0xDC3eE71c9FcB0eBAe518d69b9d4272C87666f733,1
0x8f1e4B2f640f65F5C9Ea49FEbd5813Bdd6D3C4bE,1
0x13CDcA71e2146Ab1dee6c5ad93F5E630658C3fA4,1
0x07c4a65451fb02785790D5537a383cc52F8ACDD4,1
0xB1D1854B121dCe5c8ee535deA744DAA1a07602b3,1
0x03856Dc009a00A3F712AB170aF5BE24908FCEC63,1
0xC164CbAE8cf837C8Cad47AFc79C1E07de1C55CD2,1
0x6f54dBaB1EdC1F694F418f96cd0fEB42bF8A7a3B,1
0x4dc72BD68d180d59859637e87D94cF271Fe43b38,1
0xb5D265EdD4128C92C80411E158588a4453C06371,1
0x5350c26206af919beb519f72153E1f87916a3C5f,1
0x6FCB8ddC8fd7F1F801b4DED71BD6059e2F6b6c72,1
0x604015E9D2553084fbF995e6DAEC8d37783b4FBA,1
0xebfd96B294c7eb1eF31B856958B1A9287D34Fc4C,1
0x16c17f3b15a1b108Fd9Ebfea710C83a999ABe891,1
0x63E2981cD1C80406484ab73892934Ca261F05624,1
0x72463892E729b496b2311dA637fC96485A170666,1
0xE47FbE833Ec6bcD0c09946809680EC2a5E7f7892,1
0x3bcb25b588cc11cb4cd5d5bbf15bfcaefd28f149,1
0x8770345dBCa5f716ACC6a8fa04d1103eE2f3C829,1
0xE5D5eF33AE5F83C6163faF817E9a40c860638aB9,1
0x38d942810ADAb11EDc349288582f5b2B866b07E5,1
0x0A9918B732E833b001Bbc187A2fE1d587a1d6161,1
0x7Fc280f85911159967039FDd8bAefB619a545f53,1
0xa2fdf4e0c6ce814dfe2c864aef11f1b7911b020c,1
0x2a24a4d0c7e99eb47c76e9ac39ae413b6b50cff7,1
0x78548c8C905fD4f2c3D9e751b364638Eeb2AB3E4,1
0x9c906948F12857183B3bE5765930105915CDb8bd,1
0x34cB543E441dFF201D6e4c8F45faa6aE612Bdd84,1
0x4ECAE9df63b59c2068918a270dAB59e122d426B2,1
0xf4beb3603332c499497De417113F7E29159f605c,1
0x7BbD47825F121EeAA0c4c0f0Aa3FB20dbFe18002,1
0x76eA501dD51113e84dA0E0C569839390f000d651,1
0xe4d86cDE9E5884a6b785E541061b76Fa6fB51A1a,1
0x9E73842F251D9F5eBc5cb5f328ACd6E87911C7Cc,1
0x858645723fE20Ad4CBbc226887CDC35047F1570E,1
0xFa2c0cd16653fea5e385f02F433152b78e45A243,1
0xEA00e7FA5949564b4f2BBB251C666E0B8d63570d,1
0xCCEFb260722821aAc1a0B3aeE46c6d6f5dADC6e3,1
0x9bfcF08ee6B24607893cB8aD453CbB9f2523b0ae,1
0x21c9BF36F3a82F458F9e7d621D5b2af36afcEd7D,1
0x7F5adc6d6EF455F6C965808Fc874d2ccea93436E,1
0xc31Fd298036580B330A590E5DD09aFc8f977aaa2,1
0xe75414C676d9a927A724a6640e5586544dECed15,1
0x3290C26B1BA62641f6c9f2015E794384eaCD9E55,1
0x2525DC394F7e48C8a8B3AED872f7d0A48d2Def86,1
0xf6801BaBF1B3159663312e6ECF9c4cB484fE6D99,1
0xb1D7f5454327a815Af294295eF14289db1911613,1
0x99145D72fa336EF777f8fe5be7EEaF9bEED98A0e,1
0x12760E838D91D0F3B38baAf1542F2D9B56537D44,1
0xea990498ccc32967bd3b6e1dbb184258ba5c7322,1
0xfA791b93BFc545aa8F5411DABCbA1BD1195049e7,1
0x3A81eD4A1093596baBf04273d149225Fd3D659b0,1
0x42BC5d30efD6890eCcCbaa117D3cb5595B5B8C9C,1
0x9D42b28854d0Da4766BF6b63391738F26eF5d2E1,1
0xDf34fc1D71D94D4e349b8e1354F4591Ec52Ab7b8,1
0x1D2469fb093ECe0FDd2534a5183911378ca1e3c2,1
0x04c9aAC8C0cb21aE9386Ec2265476c53a482F171,1
0x771ab43968d67C0b6AC1FfC0091eD6B8536aE170,1
0xd03f2E1b2aEc5C0c602003F5Ba9dA397d32fdc52,1
0x5d2595Aeb21c7E40A82ff17f55f273D87278Cbd0,1
0x7e20daf9834023AA24684F0C2E5686E14d920c53,1
0xD880dba269Fa2835Aff0a26eEbf51C2cb0aD4480,1
0xD55de68130115E04c97c03643f07E3Fc4b1A1B5b,1
0xA280659A58b1Dc009A766Db89483aDC111892530,1
0x266Cd98074e4e2234C62b5a700A5A6Cc1CEE4Bb3,1
0x755883DBf18D856B0E3AB5F07aD1c9101B3F82d5,1
0xDC053eB590DB975870CF20E13C894cd5a96CA045,1
0x167c21339a9936CCA411f070b0B9d0E679c43F74,1
0xF06e033D538b0D189Acb02ae949169F03D70DDC6,1
0x0738567348E9E00BC90B2ea211b3b083569DaeC1,1
0x9BdccFB34A5B6f8B87B9999023D870B86B46805d,1
0x0165e692EbD858a81820C151c95760b5DD141323,1
0x4761CF02a986bF68e1CCd925611e43b80Ab6956f,1
0xb65aed09aa8798dc97fb07de6c46c568c382be58,1
0xB962a1163Cdf40908Ff28Bac75BaEE976a569745,1
0xc9A530Db65Ba37D679734F5e0bD0E589e69b0B03,1
0x171183386ee857fB1dC97b1463836F4cFc2E8D18,1
0xf7bCbeAf62b9dCa2b956694167751153eF8C40d0,1
0x698B7D427121F12239F77FD016E8a1d50f6354F5,1
0xcacB2bEd1259f8e3853b89bB4d407B6C3ffaAa69,1
0x53B86d92903E6eceA812c9eAaB20787B6345aeF1,1
0x3736560752D6241c10cD49D8244B9012d79f9410,1
0x568d8189b52e0ef1ffbca6695df71421c80b5fce,1
0xb11987884A207163b2987cbA029a81da5bbF1189,1
0xa7C9e2c4dcF2e876A5503f08Ccc54F8B52C2943E,1
0x6370d63526bF6C492Ce7720FadEaC6edcBEb7e1C,1
0xFF5F9258B5a7F03F1199ECB8779F2A394474eBDE,1
0x579c5DbD311eF0Bf7bc244efB3af1FB7Bf940542,1
0x0A2A38B081944590e64457904A1E76356591b9F1,1
0x111DB55b2375d9EA4Dc2362BaC698da3a3144458,1
0xa0F0D0b7C438410769A9F0acA867160f9244b441,1
0x7F756aC0B0E636DDDed2D74eCE94b7174E3f4212,1
0xCc8d5c31F13a553d37410c6d00F87A7e3Cc376b2,1
0x5540924ad380586a12902Fc2691958CA3aCDA6F9,1
0xf78a7df4dD92F0a31D9845741AF4f137a4767dE6,1
0xf25eC59463525421ce0a627D76ccf62c22058A80,1
0xA4024ba5be3Fc2382B6f060D63F8DD422E059360,1
0x1504548902f7B8C2E286618729922C784d9Bb766,1
0x7983F4eaF629Ae2697f7702883bE8A6fDfF28D74,1
0xd00012BF1Dd21f395d71351fDA8B985176565b56,1
0x5ab06d3FD5a76b11D25D8413ba7d26C260443cE7,1
0x71E130E5FfC255bf71657573D30B936B324be0B8,1
0x13e25Bf6aE304b671d1Ff541Ac4331941bc149a6,1
0xE18Bf0d9bC0Af25e86345706A7d8F17fD1904b51,1
0xcC315f99A55c500344292c0427936DCe57557027,1
0xF8351B387109f8549F1ebd10e8c623acCa89Ce83,1
0x7CfdE7d687e0A348c63d3e8180476AdE0C8B9dB3,1
0xa9479107bF61731442E164253cbC320817359307,1
0x1EE3b742517AE3eEBf5C1eE7f8A0124907Faf62f,1
0x7a9730f32a5320e771D1801bA87d7976CEc3810A,1
0x4D2610FB8D2E4a2168f55361Df36d4010267136f,1
0xa523260e8497f24cb9aadC2A3bc8CD32224c36D3,1
0x8037ced82279C47752b211cd0f0FC279C6E9E754,1
0x4EDC077149cB7010D565B66B4535CA89F28b1881,1
0x8608Ff9063B6e8ABDE35498CfE9a9f2F45806e27,1
0xa09b19760aF1242d108a4a300DD70ED9eA962c44,1
0xf0Ce5540669ee324D16B8546124a8009E29397aA,1
0x05760Ba7FE3290A602E1672B61fBf54F15756f80,1
0x479Bf1838c1e9e01dd8d3c03Ceb414463bbEEe02,1
0x81EE7C1667f8C9343a8a143fEE38fb1A58c33375,1
0xD6cddb9B14506A3Ab305a6F358C186D9a05161A7,1
0x0000621BD0b26DA22a66037409615f5B3919D4cE,1
0xd81D1C944C20ed6fCa322e34C21C568A383aA757,1
0x2cf76670e6F4cEdD502848C99D84E8863F598df5,1
0xAfb2728022E40771F00436b0c7F76a2574b80366,1
0xbF8E82085994e68041bd15963f0D19e85D794A67,1
0xE00f5bA69D0dEb7fDcaF858D421426050d052450,1
0x7eC25ccFbf604383967e5529D52f01971f1003fC,1
0xEc20B949e2f99Fa95a5DCbaE083278e75be579aa,1
0x2053981AE9E3c06571f130817B3eBc5b68BA4C90,1
0x5C85F19049a3e0140027cb58fCC5b3777b6ec525,1
0xA0B916716C37F0Fa84CfB44361A2aE29DaeE4754,1
0x5B0FaD97283148Bf6D3850448270E8dBaE84FB7E,1
0x399AFc8986A4B7026D8C176383D13c7a0908c8ee,1
0xE52892Cd800287269d40c4B891e0bb560003D9Ad,1
0x4c2317Be9D0f3a9034db2fec8d4Fd4372a25bA8b,1
0xf83052990fcD56eF68FA1bD2f9974eB81c118121,1
0x1F211D2bFAe34542b1090E420E2A7D865c1c4E8B,1
0x29ccb67a4665eaba0f86d9d3c2ca28e94b7d5ab4,1
0x028260518E63a2a3A2906CFA384A42cCcc5E5C31,1
0xB68ed8c13B1A896312FAfE7f33FaF1Ee26c5932d,1
0x4BF74BDAF53a2A1c121d849a5687B41A97239b93,1
0x94e7F9E606A94Da09A9CBDA3179Cd5E11bBA3e78,1
0x2dA9515E7D666fc9357267b4e8d12E852BA2d660,1
0x2DB7a25cDBd2730508C35aE4C2a2744B76Df27AD,1
0x435b8dfcd42153aabfc433ec96fead8d1bedfc78,1
0x0c786e93e206559d29cb6f01564959f4284f58ea,1
0xa8cf3c566990a2b0ae13f02d7e57a5e356448dd1,1
0xd7d6526e0fa3f9c8f4ef13d18bc7e63f117fe3ff,1
0xd89019ea1236823236c63fc459f10b3da0944dd9,1
0x35bd84dd9c90e9df0dfeb476fe116615cecd5b0d,1
0xc52b47a5c8b799399478ab0cd01de8c686ca4918,1
0xc91885cd22b008e2358de02e2a85076a3931a2e2,1
0xF6b9452286EC9D03aA6ACBb74BF1194716996E20,1
0xafdF67339c349e69512eb5B5f1a151Eca77cD6cE,1
0x98CD5Cb9CF1c00916c9b34089315aBE8DEc1D881,1
0xE780D6E7203836403dD755842FD66Fc429983E39,1
0x22Bd5584dc382E394256f057d859be5916bf85c1,1
0xF9cf8a5Ce155b59795e0aB966565F3b1CA36976d,1
0x281684ea06c55f74846dA76CD3f7d9dDfE218491,1
0x44491dAAC11FF9962fA4AE1B64e9F01471437890,1
0x9cFd93D339A840622fd9078Df28feaBA7DfFf217,1
0x4485F851dA7f5e960E0A7f1117A42757C8Ac7573,1
0xd4F6b38673AEB94debcFbe5c0EA94B2FB49b28D6,1
0xC1638059FA98230590A09f82f8fe195F4100E97a,1
0x9C26E88eeB8abd26B68e54A6622EaB6b60A98dE4,1
0x5216feAB7B8c28Af9AecF98aDC8ac8C9d7F69D6c,1
0x5090aBD6Be6B5227a0945E0c492B45B372e537C5,1
0x1c54801B421FD1F87fCa1971828794213ADF4283,1
0xB22e78c70A0CBdD475AC67cBf35b40643f4753C3,1
0xb63F2153e4AF65Aad0f10531F0a0545fd6cC0661,1
0xe6143AFdd60db7e847C7f855b35593323eB83fE9,1
0x8E060316b63429670a6Ec9260fb90E3CA1e764Ad,1
0xF7264c970224731c3026220F333135A3420aCFa9,1
0x27D79428Fe247a39F839D2a5ddF7F156a9bDac4d,1
0xF427D118b3Afa0452d34920d9174691b8ED3554F,1
0x966Aee0a677C52eA43080701c430fFb9de26b720,1
0x3d3a69669bfd77Ef90C75F85F6f7423D5A0f3457,1
0x89bE25effeF6A64295EbbF97342E35768be755e8,1
0x775De03A831d0e577b800eE669911136B1b0bFFd,1
0xdd13c7c4e84011b22230cd284cd0c48cbeb0b217,1
0xe660c1ccacdb29022029f012966a7efede50b030,1
0x1817eb9933E5507cc3AD8813737450452662BC03,1
0x9d3a2fff65ddef52739f2c76ba496dfd9fafed65,1
0xA85BB674EF1100e026916A9Ef8e436B44B12cFb2,1
0x14B2EeC21164057031a03450aFCfB6d9619729BD,1
0xAf1741070c1DF13851F5FeC8699750dD534f6d08,1
0x5c06547efc6049453154d7a0446c91561aaedb8f,1
0xfc9b10af7cf74b9ec3d77d7066cf8a568181ed50,1
0x5a3dc02a00d7068ce40881eb43622a6771253621,1
0xa71F8a790872b077831Fcd8890ef4f3FaF63Ad84,1
0xB0aA62e5fE1b9E996420f1c8d76c51828CbBeBD5,1
0xcA3205a12eaeCA26f9005cCBF172aBed1059f37e,1
0x6A5558f53dA12e1a4927326BF29525D0C206a2AB,1
0xAFA578d006254E476760A5cD15421fa913D62f76,1
0x6747E5de1cB596Fe491c229530d760Fd10465a67,1
0x13E8236FdcFefe8480FBa907FE1D6bD4df1d7395,1
0x00a3A5e4e58B8e5113360164D13aC68b56Db3410,1
0x93013Fcdaf2CE93Dce60eD08aE77Ce47Cd8bC63D,1
0xacE7cBD4957e0E9784916656F4F7a23D473d73e9,1
0x27404fA6317c528d97ffAa2D0198A130F4c20115,1
0xdF059ff3BF98Fa2A07ebcF86f6e97CDaB28039FC,1
0x3F7388e9FE09Bdc523b03530c85d79eaA52180E9,1
0x1e4e35e938761071a727fdf3c4a904c7265449f7,1
0x7D94079B60A6C5a197faD3a22c256795162D654F,1
0xB0a11Cd8BAfaDf59A720e7Fc88760562D9373cF4,1
0x3fB60DD516B759E9361c0DEdABD537B4A088E3f9,1
0xD347F7B5FAb42a04177bE02C1f669aab83fAE992,1
0x3b45e5B7896815c7289a9483890e74A710dfBa8c,1
0xc3F03eF25195826Ea73a0539f84075e2910926d1,1
0xb3bf33014e6a86e97Ee9fFF72FE784FD5C37F429,1
0x3049cc77b44f530cfe9af05941b0Ba0D4f09422F,1
0x58d3dA27C1abd1a687ebe49288331400966d8d2C,1
0x5EC53a549466E6a7bfd3bB63a0bC23492E57793B,1
0xaDB99780249655dab16Eab21a1A3721FcFAAdb61,1
0x93B6a8602A374a89A392Bc0Cd659F05cD7056d2B,1
0xf1BB689Ad309F05fD12E6AAab90176FCe0d9C29A,1
0xD6a106A5936Dbb813f7333cd1bcf7794d41a40F9,1
0x6CB4594ff43F23BfEECbcd3fCB851dac48770621,1
0x6e54D1f083fB8482ca41Eb7359511dAFE41DA3a7,1
0x8a4168764a44b36cad486dd9312271e42c5e2e8b,1
0x8327c3C88f70718026b288cA03BD42032D991d8f,1
0xfcc7D01c42e52E4187FF58d87976BcDF056afB18,1
0xB61d21Df0411c4d8bB229506D46B059D3EacE0Be,1
0xfD3C2fA11E5D2501E389707bc56fD18A3230fE97,1
0x0B66dE0De9C6f679c6b444f09bB9c2069E951d10,1
0x45bd322c20035347f76ce95cb6534a71108ee54b,1
0x316Bf49Dc6E65E4A84f2394863A4946eBD3a24f0,1
0x2a02A8a7BF363d3C3cb774348fc1eC71790a86CD,1
0x41f5f717602fe49ad61907ff6b2b5b12b78bfdb0,1
0x2269B41EC73410ea175e7749f68ae9F2201faB8B,1
0xf362F7EA4a7e187b2297dD3851511459FE8A9079,1
0xa1a0b54333F08e37ef1CFFc1E41176C3E881F453,1
0x05e3cfBac994317c5CF88C698F9875c6F315324F,1
0x5b28e8446ea032a9b5C3842f81A761434c78Fbbd,1
0x0B1096f61407f39B28DF38F7D8b0C70A0280bF5b,1
0xd301d374B57DcCe33Af4C464d274f7EF74e648EE,1
0xE9994479c5364B6194d73571c9B95d69b46BB61e,1
0x84D4D57634291F697131adAcdA1d26ADF70B5c3a,1
0x25F18dBb584ee88d7274828Ce47Fd55930458eE5,1
0x0e915005d7C03A85685ABD84Ae1889983D43539D,1
0x6DEe4a729430078CD281988Ac76292cf3B27e2c0,1
0xCef99194a5539522033fa6002f446832433feEF3,1
0xaF290feC98754D82840536D358D73Ddd988188ec,1
0x2B65D4abc21b6f3Af6f6a0A46CCa49A2070D36A4,1
0xfb4D51f7B7B54C99bE06D4169981247EA6cd10D8,1
0x5E2e1Ca0F9ddcA5c4E9FE203dc6869Ba720875e9,1
0x003240b5b2536f2bb321c8194d9125b9ac5ba279,1
0x25A5f24b6e4250Ba2032EFF95fe73e56c020fa8E,1
0x10c5348f86c387831272Af8967632F4421Ae49e2,1
0xfC5B382c3BBE13e6E24EF971D288054b12647899,1
0x6ACe5E1C0A5F70Ec98Ae0EF58Ca863F1D16d6074,1
0x24F6cbA85893195Dc8456D325802C94Ed952E93B,1
0xb086499b6039972E9c6C7031E8842F475a1B2e3d,1
0x467ac59D2db215e00994ab60463579344c73AFd3,1
0xDE209b9666Aac9C1581Fff0B19e7138E98743FC7,1
0xb9D7B448FE70c8EddbFb4cd6c783C3b73e28E752,1
0x7D519180F901B056D9D1Fade9BF7C6900c1CB469,1
0xB5c8cdF14d924a01dbAB23cF091Fdc2Bc072273E,1
0x51bc0e5650e36b9655696a680e1f8ba48e4ba4af,1
0x76048cd57a77d1c4bc66fe7c976581bc2ab624fd,1
0x5E21Beed49299Ce37679ef0F9c065F5C881a57B3,1
0xC78f12DE827D7BF9Ba374FC3daa46f16F5CdB85c,1
0x0a2eb78efc96e016da6cb424f12fa78b32c1f710,1
0xB5fF401F314b10939265e2EAcA81a95988dF97B7,1
0xc68BF08aC2c320776EcC5b41A85bA297a66b3375,1
0x66368a1B3A81d792bEdF0B7637E1f9c922518b22,1
0xeFC143B5638469E50322bBF7c83F787518063A56,1
0x35f57E8a0BFc9847D12d7c13d45d130cEA7d7CaF,1
0x415Fd69E61176B2A367C132fa06d6EB84A7260fD,1
0x73a6E557070175F2cA89B8B7fe7F7F60c67CBd9c,1
0x05a4ccA2601e2DEd21aa55A6aa5f8978574e95cf,1
0x34a57aAEAa654988cAbF001d6Eb0CB4Db9B2EF6d,1
0x4dE1117A8110ec57046FD2FAC49638A6511F65E3,1
0x8eaf0ecbc3619479f800273959668dbd0419b04a,1
0xB676565FA43E6C7e0F7D710af1d5D955Fc3cbC70,1
0xD971DeADF3721C4e2477397ADe7678c9AAA2ECF7,1
0x605FbDD3d2e9Ba4966222748332a4137ED2dDee9,1
0x028D43d701781FC8ED794F50d226052ffD3D71E9,1
0x9Eb3EeE59075658e70b5F1cfF88b6a2438b3eF34,1
0x0C2c0a939D374784D4A89a813272824FfE227E9f,1
0xB1C99aD89e22F96DE248F73f0f544438153df14a,1
0x831a157477599E2A97661Bc2aA299d84d9b19505,1
0xb120295A10B2B200205Fed1Ca462738680583E33,1
0x1ECc7a4159bD2EAF8AD3CB2CCCba05a324C9b741,1
0xBF77716Aae12D5516995792e1470b448D4965abB,1
0x98f278Aa4C1f35C40197fCa9a0A65225A3009246,1
0x5DC45BFFd9ce7e3798F08D8fe39ecF84a1ec80B1,1
0x21FE1Ba01922e2e64DC3E0E901B0c6BF28aC9599,1
0x5541ecc782CDaE3F6d0923Ac5D86bc0c6ad5Df6F,1
0x7d084958a4D1591ec200ec0940b7253644703727,1
0xfBf73FCaCda14697C3a4A4357E6447643B3ffBE8,1
0xA8a7F977fEC323B716339d04EC195eF5dB5Ee52e,1
0x85b8b7e00d6843c73d9f41e646bf7d0bc4bc238f,1
0x7e9dc2ced72f968fb4a461854c9d7c50ac1ed962,1
0x20A11c6D63AC7b55D5b1d0e1430bb53dD54725B4,1
0xB4Ba5fE9f02370879104CBED289B8B048a5973ce,1
0x2e05dbf19147a060f3710884a9542de8073b8d58,1
0x706606a61BdedbB2cd5D3275f5ebf313Ded0589C,1
0x889056B9DE24e85c1FdEb18b2973F3aE926FA48a,1
0x991038aF675adB7FD178f887b9cD3D71b43B0c3d,1
0xfF5BD276090eAd8Dd16ec3b10746Ae3E4bB1052C,1
0xc230be60a5bc9104962534ba14d49d8eeae030e9,1
0xc1d209F4A2e72EA23C8F86BaAB761621e916Cf1F,1
0x6D542969FE331AA068c687A07bd47442B418F184,1
0x01bf51f3e8e38a58768c1cD8195E08c21e2769Df,1
0xD5A2c0e73a68eD7158bD75e658A297A08766A654,1
0x05ddc671dd5b2ec311af8a13e6572886e65e21bb,1
0x9F5913055dD2fbc3d6126828222964ECD0E49e56,1
0x7f5268943a42939DC9c1bbf6f4CE040Ab57A6AAb,1
0x06803C599F616C79D50Da7184576bc89D7473DCd,1
0xcac238e6a2a78fdb0c4d1c2bcd4ae8ed5a4f0b5f,1
0xcac238e6a2a78fdb0c4d1c2bcd4ae8ed5a4f0b5f,1
0x721900A0628940Fec02063b05E6ace7dDFdFfea4,1
0x2fe972927d0740474a494F34C4FEd3feF3948b08,1
0x499A497c9433557F3372a18eE88E3f3730abceB8,1
0x74B6D6D3CafA4b0F7Dc30d9eED10fb4F09dd3E88,1
0xd2d9a3701edfbeebea0c63fd8b9773f8220f58bc,1
0x1a185d84A8b6581daC6bd6d2846781C79e49Fe93,1
0xB6a11AE0d1b50541A9f4391d14ed969238A94c40,1
0x460a22DF113168B0315b7a3E05040E48AcA828B9,1
0x687B322144CeB67675C9066D30b5717751ad56e0,1
0x373041976325b97aae7E92f73D424cd693abFeD6,1
0x15909a9712728c25ef60984ff84157564b8a54ec,1
0x672f28A7c84528E277623A70c90600d6EFcA4362,1
0x3026dE3FE56C31B6ebFBa4072EcC9820821b43E0,1
0x82d51CbC76e1640Baf4455f6A07D749295677CA1,1
0x165991B210b452383777492FA8B03734e8FC4917,1
0x1509a7cd7236F8fBe806154c48ca9A426A68E1fB,1
0x5A243d536702b99220e7573b7C51D5bE80b3221F,1
0xb3D4A1eb2599ED0e9652DF52fe5c1995ff00F7Dd,1
0xd368D2bB7Cf163af209970C2E3B7DC170937A0E1,1
0x7d1b503E2f5A7D0d6Cb16869C3035F2074D66F63,1
0x7df01318d4ea38674447736004cf4440bb9ea76d,1
0x72629cdcd4f63088f81f77c8cf2546a1fd11462c,1
0x31d124a3cb69fc6fe0125383d154453099e4389d,1
0x345ac24e2181a736e652d88aa0f983a063a536fb,1
0x3f4c50742413625fc123afac64b58b42a92c627d,1
0x0280b8f21dbbd5fbcc54bd8aacef73137f7e6c2b,1
0xe228404d03b8610baad77129400897de591ddd69,1
0x35599dea9e297698346513af8710644647a05cd0,1
0x989d4876da6f646b605f9d8a659cdf65cb055fab,1
0x7B3697b276e8a13E869fCcAa2F5b9853C8ca72cB,1
0x922Ad1f3f33003C713A29Be9E2F1F4493532aF0a,1
0x14B2EeC21164057031a03450aFCfB6d9619729BD,1
0x656E0b9825761BD578fe8Df8Fa86436c8D6f7D01,1
0xFF20f70c270E2C0Df037291F7636620C4a5B9bA1,1
0x3B583dAEF9917d8f96A2E60c30eD8e54A348cfD5,1
0xBe5a6cf938183A3302FB50955AEFF7026Dfdcc77,1
0x3353a62f15A4FB4a7a6bb2A818D730c58a4ED259,1
0x2e66de48870f8Aa2ee953628cF3dE2aeBB4448a7,1
0xE9a160052312714418ee612F270E8CC88feaA25f,1
0x629f0A0F60834E313E6f524e032D70450410AbAf,1
0x7df01318d4ea38674447736004cf4440bb9ea76d,1
0x72629cdcd4f63088f81f77c8cf2546a1fd11462c,1
0x31d124a3cb69fc6fe0125383d154453099e4389d,1
0x345ac24e2181a736e652d88aa0f983a063a536fb,1
0x3f4c50742413625fc123afac64b58b42a92c627d,1
0x0280b8f21dbbd5fbcc54bd8aacef73137f7e6c2b,1
0xe228404d03b8610baad77129400897de591ddd69,1
0x35599dea9e297698346513af8710644647a05cd0,1
0x989d4876da6f646b605f9d8a659cdf65cb055fab,1
0x7B3697b276e8a13E869fCcAa2F5b9853C8ca72cB,1
0x922Ad1f3f33003C713A29Be9E2F1F4493532aF0a,1
0x14B2EeC21164057031a03450aFCfB6d9619729BD,1
0x656E0b9825761BD578fe8Df8Fa86436c8D6f7D01,1
0xFF20f70c270E2C0Df037291F7636620C4a5B9bA1,1
0x3B583dAEF9917d8f96A2E60c30eD8e54A348cfD5,1
0xBe5a6cf938183A3302FB50955AEFF7026Dfdcc77,1
0x3353a62f15A4FB4a7a6bb2A818D730c58a4ED259,1
0x2e66de48870f8Aa2ee953628cF3dE2aeBB4448a7,1
0xE9a160052312714418ee612F270E8CC88feaA25f,1
0x629f0A0F60834E313E6f524e032D70450410AbAf,1
0x67ac0f5bD81377e940e74758C8625Ac0319d36Be,1
0x88e4ed76ab146ab4f9fe9bf1deb974aef83e9293,1
0xa5cf9535d8c963fddf8b4d2910688fd08e3d4fd5,1
0x01Ec877f3D0Ef3666c9b51804eF813f668b95D44,1
0xc017A841C76Ac317BE3773Df84Faf770D5097806,1
0x88e4ed76Ab146AB4F9fe9BF1DeB974AEF83e9293,1
0x97Fd469dbeE2C3649fD35E0C2530dC7D91D8993f,1
0x1351C7917e778Cc6aDDF57dEc0A85350E7040DcE,1
0x5bb284d60818b592CAb588cE9b58eb42366c8d27,1
0xe7184D38e439C2065F3b458f2a7ee18ee6E979C4,1
0xBDeD2929056380cbDAc076994D009c193e9152F9,1
0x19bbeBF1027DF2C356Bd5731cEcB5FE81836036c,1
0x25d7C11319cECde2877d0d0C3ED7ab605BB48eC0,1
0x6b1d89DE6442bE42129c3D408231E6031b0D39aD,1
0x597227b11e66c0E0B744cCae627Ff6fE868bD71D,1
0x700addA0f39B9f1aF1272937cC345431A04AA06E,1
0x0b770f824197b38EE41653B4dA09b7928C02DD77,1
0xAd9749792C76fA1644AE72fAB999651fDEC49201,1
0x92a36c61398B6eFcF436a8362dC95a84F685892e,1
0x5097FC1c202938f7Da4368a9DecAf08144C8D65d,1
0xc43f077eC79B76301cBf205d3899873Cd81704A9,1
0xf3df9Aaf2c0c19A50DC9F8521B17667a5729ad3F,1
0x8B492ca4E64243aFE2792BD9771870FB513A5b86,1
0x539a1cc51Fad7dB7Aa5d90C6Cb09E301433440d7,1
0x46409d690ECf0038a98b2e67b90b162c4AF28e58,1
0x8b62C32f10b069f0Fda65056F3B2c39147AAd108,1
0x683979D7c46feACE87c95A85C37066d17c3F0989,1
0xD6152aA20a59CBe20D15350468E2F1c91Ff4aA10,1
0x88EFc42Ec93400dCf5061991C1C3cf1626a0Eb47,1
0x3Ff6BC2E4c2fDaedFeA912503C648019cD86a55f,1
0x80Fc83bF4012CF14e7B0B44a73beCB04C6260949,1
0x425f8e399D7fFD07bd844144b14801eA12485eA9,1
0x6e434d9Bb64C5eb0cca823732706c6334D595C11,1
0x8141fb80457A1c07e4b3cE00dD6E1607E16A2bC4,1
0x2fB23F30F584094C94Fa61B7dc976B2ef91741C5,1
0xb68c5f5fB4d9b1421100E55F837F1D6E2FFa3D33,1
0xD47d4af23A5A1Bdb3E1b4F440B3bd0DF3E0D5039,1
0xF82DE931dA8202303F6174E8699317733c293EEf,1
0xa5cf9535d8c963fddf8b4d2910688fd08e3d4fd5,1
0x67ac0f5bD81377e940e74758C8625Ac0319d36Be,1
0xF82DE931dA8202303F6174E8699317733c293EEf,1
0x66062E8aaDd1d09788a2C35a2ef030a5D12B9Bc4,1
0xcd61231b3e78b623326f8dac6438034315870ffe,1
0xc553664ecD25C426aBDdAFF6CD92eeCAfE4A769d,1
0xae97B3C88e0568918fE4E065bedeCcE1177B1368,1
0x5252183c9777dddb806de0ba0e49fd708ebbe689,1
0xd4A1A43a9BDb8b264FCe120dC8bCEC794d5e4f1e,1
0x41aa80352facaa31a99dAf20C8100eE69f99b74c,1
0xeb7123FFf4f14C91a2884A840D67E6fa4A40628f,1
0x05756f326c539EB10A01e6F0cc7cD7f693A3bEB2,1
0x783249604218589F9f0835032D9a5e75De5c9F5F,1
0xfD26646704E8f13ee92961065eaD88Cee895E254,1
0x58C8409Fa7811Ccc21cb8549DD3de1b4A75e4C03,1
0xC2ef75B6121D28708f14fB8F44aE60Fc523491F4,1
0xF451e0Be8CEE49735487b1a7259FB4fE5a7AD32e,1
0x8399851D3D314f52E8B17b2eEb3A8F86C1956928,1
0xBcC5a9862976AC93ad5F8b918a9F8f155995D604,1
0xF1C2727A2fda694179EE7080aEaB318c3f4D2738,1
0xa1D84284888a2D75E5cAb09c4A4d7D51e295D9bB,1
0x13531bdb0d511b834153ee7a7c969af79906196d,1
0x3290C26B1BA62641f6c9f2015E794384eaCD9E55,1
0xe06ba01bc014637ea30F5A86f1A683fE4769B68D,1
0x1d7f3e67C0E877FfbFcb065b6e434b74b75cE665,1
0x292cB50E799cE056cFEa13843c06C3c99c761205,1
0x66cCD3422F99EF205E094c0f661f920ba0E07191,1
0x0d8055007edb8e16ab3af3e02bc836f885237a29,1
0x51dcb57b0842623f4e9f7e2d039bd2e1d43f5473,1
0x1f3fe86b8511d577aee46d269a856820e682ad57,1
0x27d824e25925c5f442e475c695842c55b0ad657b,1
0xbb416393e72540b273d076210f5741fd9e768a59,1
0x02240be3fAb9B3572874A5F3016E2BcBcb468958,1
0xD5b3811F7e120f71CD4F344C65b090e74AE4aCf5,1
0x5252183c9777dddb806de0ba0e49fd708ebbe689,1
0xe5ef5b239b94b2b5983df0be1b6a228284d6514c,1
0xc916eb0b3f5b5d9894f4c49ed583dfa490623e26,1
0x9e81ba73d137b5515129bfa6b4a57491461eb235,1
0x07d2e5a92c911655d4348d89950cfdf9c2081a32,1
0x27d4a91a76d9e227043015255cb710327ba32d86,1
0x8eD0db942e0b4a207FFA3956c8B1b767D8ca9f5B,1
0xA6eaDd06d3397154BE8A9Caf530Deeb550b388ea,1
0x145e910A8F66CA51C630478763E4E7cA3624779b,1
0x9580Ca0ddb6CdAf0402572086A9D232fd82F4746,1
0xeba9427b87EBD096Ea7D0286240d16fB2A8F7DE9,1
0x4CFB7BE7886223104090466Bc3F84CA826A89386,1
0xb0FC94b63feAF7727F20D137f82586ac001e3d8C,1
0x3b32C8724B327115640B9A6B67d06377AeBFE92a,1
0xd29b0F2783B2Fa447d6aA8c588e817FF19cb480d,1
0xBA66aBd3f9211f57aE14341468Adf079663574b7,1
0x412dba7C7E447dAcf746FfEa8889d6395079d1B8,1
0x8C71297f93455e04bDf49abB3081D63bdd296606,1
0xD55666657979e5546d64A57e8F71D649A071f010,1
0xB67F97A9DE91D8E34c35B5Ea369C34a955b6002F,1
0x1E34CC5890770D202FA0aa307E42a793f51Eb318,1
0xc424F4309a7dCD6506be4e26e46A5c63fc08bd1a,1
0x8A78C8D154D343c9B0657e3Ca0Bc5F94Ff4452E7,1
0xc0A9FF8e1eec172E2e5eF92B660eb061049b0E3E,1
0xB267cE0b23C93C0370C5a0F9fF8901f97F19F1af,1
0xE5c3453e15011c140EE78d239eDa5bFDE24ba3A1,1
0x319961a65BFc0a4B880A929CC70d6A481679F8fe,1
0xE41C16ed60eDd1A38d32672e3Af7975674d37B00,1
0x8511c5e8a93970Bee53AFDDCC22d5FDEFF3fbc41,1
0xFb65Ad313654E8863804f89F76A579B15924Df6D,1
0xF8C2affC1b10d0F129fc57c5d3500376eeA84E24,1
0x932dF233F365f3a3224f3716f2F5C1aB1f80B4E0,1
0xa41dee3f1663C5BD1778EF4892954E906e1A5F7F,1
0x815857c4Ccf0603318234A33F3650b73561a082f,1
0xf46dF4502fb2B308c684750bf2905E71B719815B,1
0x40a5F304DD7D3d31cf4ad2a210c532C0f9138E10,1
0xff395c768e71fd768C4BA14B9bF33518bE7C60D4,1
0x55b6E1A08aE094f010d095D3F6C5aa18C780Cd3e,1
0x4E9a5216e5a242E4518A2D05F0beA989135849a3,1
0x43167DC854E1296b4F7dC96fb190072B54eEa46d,1
0xE76b973400ad8Fd425852c54038E4797257525d1,1
0x9720631c329d0280EAD992834f0321a3c03e6108,1
0x7769455Bd3a6b1782b61893237CCb3e05a77C67C,1
0xeAb1A94a20c5AbD7E2f5bAC415b92f82e1Df0e73,1
0x392745949db5C0f0751aBdB8fb05dAc0770b9B59,1
0xeeE2f4049875b9CEEA86C55f2146d04251ef8c5b,1
0x90de332A117C2136D66c7813E1FDa5e32c273282,1
0x468d4d54F3cCA992eDE9E0b09D2180296710AA66,1
0x7bDa314BC085Ac9802Aaaa437929c442D3B040Ec,1
0x71212Ad4495BfC751284DA619DC3f6c405BF0958,1
0xa62272e6CD6327323432fe8a2d3cedEE65276697,1
0xa9C295B85c2b825db051F23c15F1D98C8637E2b9,1
0x9Ff86b78DDE0EaDcd1F6c023185Fa431c25492A9,1
0xB3dBB7F1bE00dec3e7B08090137B44F994AA0Dd4,1
0x2F7C5DAdEA5F5D680bcb4C536328d26918B7Acd0,1
0xabb9437385bd06D547439B492d06927bc0e95EB1,1
0x417F8c4af284B46287f6EC15C6DaBa4Bd333DfE4,1
0x136c4f9958F3c50Fb378439a0Cb54Baa07Be397d,1
0x8c9FeceC478E7C3a175f7d3039c6F4dE3318cec3,1
0xD5F415eF3790a61921494064383638723c3Ea9c2,1
0xBF787c726d6e9D5d7d1D42218778fa33C8Bd58a5,1
0xAB7854751DAE834770f10d596453b27f0cB2C33A,1
0x9C411bFCaCE4F8f854fD7F87eB1712c2ef43a8D1,1
0xF758bA85312A24D3c056bcbd5868614BD9B62b98,1
0x23CeF64bF197f7Ffd84571FEC4aB21576CA277c8,1