0x5b983Fd75A34f9fC12b959F66c067B5BaEB447Bc,1
0x0e1fa307740176358d5ce699D89AbfbfF9AdBd71,1
0xBc21e08722dfFbb9bA9Ed3E00167421E26858b56,1
0xea990498ccc32967bd3b6e1dbb184258ba5c7322,1
0x2c36a53Ae6Baa79C66f47077D04AadF9C1aBA319,1
0x0b01c6896eD9C8c0eD3F8e10F362b7a025C81B3F,1
0x8b14734170EAa47586D0Aa457038d0437e9ABd47,1
0x675B715995B8D42de7855c4B1d0FcE5b8430273D,1
0x1E2eB65AaE14fFDEEE37c2b23bbA78C473CBe789,1
0x89D5b82DE65fB7101Fb93BA21f4d91a81C76D4e9,1
0x714B7D73dD5171BcbA026FF7324945E0dDe1f09A,1
0x7D519180F901B056D9D1Fade9BF7C6900c1CB469,1
0xfD3FBcc429D397FAA99115eA9B5eDd229a2A9048,1
0xe5f9dDbD4d31213d2ff22f93f76AB432bA141231,1
0x4c2317Be9D0f3a9034db2fec8d4Fd4372a25bA8b,1
0x397c925c1194d172a10241465370fb3d26bfce6b,1
0xDe604cF1B0a2D9806a8bC4E9210AbB8E3F0E02b6,1
0x67aA5B0440cCbbd2aDd9C3Dd9fCAC084Fec3b4B2,1
0x7D78e9e03D7409D13971b4AdDF3Ee7CA3f1520C4,1
0x3b8228149af32491100fF36E765604f18eD61E96,1
0x026926f9ca5c1419b3aa9494726e0402c23596ec,1
0x09615990c45EC5Cc743B4Eab5b436E232612606D,1
0x434a7C70D711D11B6688F23D38502d953Ac53721,1
0x2ee9492627D96F0D647E774f9187c0fDe70b3407,1
0x6DaFa61685C525ed893b5571cD72D8b853ea1bb6,1
0xe5f4de9B8164ef6fcA5fe9b59782D69494D15b4F,1
0x13d3ab79b5dd8a303b7afc4ab952c5917b6b0be3,1
0x05808517258E814CD225524871335dC758C66a88,1
0x7915485fc59a7a3eCd4E6c538147254b0d49856B,1
0x36722DfF33935C4CC9E7692BC0f53c22948c3190,1
0xcd859825de93bbada3214d17631d6283b20c4ad3,1
0x503b0ff3381e1F2159E22cC05990bb9D81D64702,1
0x948deF9905793E5e678cB0c1405b304012aAd0BC,1
0xcDCbd1B02A9041D823E98B8E44eade782E36d2e9,1
0x2CBF3eC03c6197374154d32BB517fc1A551e6E68,1
0x5c00241cc81d7db6ff16f9C02A94Ef1ce9A148F5,1
0x306F3fB09C81d66Ee5a8c82CE2a21665944C79aA,1
0xE613fCb8a55A64AE07f109F1fB726B0f4D7839a4,1
0x5EC53a549466E6a7bfd3bB63a0bC23492E57793B,1
0xA6e1330f63E4946525FE096Bbb5B172701F33fC2,1
0x5c85F5CDEC6485A84e1ccEEE637490BCF5cf7E38,1
0xB7154B3d808E4550AEb57545FeF3518A9EE19035,1
0xc2523dED5Ed0bbBC0DC533F18719aAB5Da2CD6a2,1
0x005012B3ec1cD28345F1f27610B05b5bF561F498,1
0xB4B8A54799C24E1FbDfEFD0C1B916d4aC545fb63,1
0x6C4f36f449abe6e00866c20d245D602168c93401,1
0x5505f68e400A63Ec2a8f24C2eE2b98DAbad13e29,1
0x448C1d47826b9608ef2B43f8E5aEced3592CC04f,1
0x36061c4268138Eab81f889c0feeE2Ae6802f921d,1
0xC3A0178234BB7eb55F18eFB2de2d49E19567b30e,1
0x2c36a53Ae6Baa79C66f47077D04AadF9C1aBA319,1
0xb3bada9f462b274ac27879c1924e72ed020db208,1
0x051E81cAF12c85ab928a63a963F6ea17735542f6,1
0xf3cB66e637558B1dC2D2e9676beEe15aEdcB7D86,1
0x50415A59AB768b3b0a1fb21833B03Eb53DBe6928,1
0x397c925c1194d172a10241465370fb3d26bfce6b,1
0x980f5b2Ba5B116B8cD4810320732435c034c0d2e,1
0x6a5E940F5e84363fB80536aE87A48E8Df83Cc457,1
0x991B7Bf918744D3695E0AcfE0E833a2ec3274a0F,1
0xe91009D64DC371037944c7eF3a8Fb6e5c914094A,1
0xB340728e1a7De15C6c14B4A0Aa1aDEA94Edd772c,1
0x05aDF3093237D32d5cfB0a2F7C013197AE070545,1
0xaA1156A5E4c2BbC928c1fE2DB803B0DdbeB47D1B,1
0xa0749acfd434d17c90b86ac4676b5155ab8176df,1
0x5EE0BdA6b43e276fe1aa9151CdF52892c6bE8d05,1
0x8f1e4B2f640f65F5C9Ea49FEbd5813Bdd6D3C4bE,1
0xf5745dB66fFEDe31449A5DAA30fAbB9E855fA97d,1
0xB80F1b1e8E6e650553234719BB099ea8395D932f,1
0x66cCD3422F99EF205E094c0f661f920ba0E07191,1
0x9c861314cbB353723a11E9e624C5984667896858,1
0x554634BD6305532C040Ed0e72BC248C58D0a9326,1
0x8C4376edB725D9c0031C03CE02F6dD4733DB5B62,1
0x407060a47fB14bA0ABd40A657Ab9260588619489,1
0xcdD071D450d8ed69FeA32304ECEEFE8afaE73331,1
0x3eb6f5b656Ba91DBC0A6D5eD5c66B9cf4451EfeB,1
0x53b799f8124167BD60be2AFd8D727baCDf3ee3b1,1
0x0a0605e9A3c3a6735FdA4d9042F2bFb65f7BB629,1
0x784078ec2299599893A10De9F29Ad207E191B7CE,1
0xFE1B8e26E5dB602603EB95899d55748bB7cbAC04,1
0x75F24EEE35A16530e7FBf7472345721e4A1F01b0,1
0xe1d2acc5c8804d9aa9f71aaa33c341f86d3ed171,1
0x6a326e4686b951e69b5d7aa99b65ba32e0315327,1
0xD47d4af23A5A1Bdb3E1b4F440B3bd0DF3E0D5039,1
0x47AEF7ED7b0018B3AB46103577F4f768d4da8807,1
0x72a4428F28aa80f4AB3Ed9ac1C36BEbA5Fe2e69D,1
0xa55e0c95D5cCD7eAEdc6de1e58A88D57678ebC1d,1
0x898e4a1fCFD2C747321BFf89bb84F696a4a92A6E,1
0x7Cf783D41c1D7C5c2ae5fCc45A88189485a10bc7,1
0xA86f5324129c34312187CdE5B42Fe283FC493fD8,1
0xA283f84f26aa29F4311bFA4Ec1B45FdcaF00e31b,1
0x77d4F2b8129D1599D1958730Aaf8Ca9Af6eAa4C1,1
0x5d7F8d85A61BDD073721f40Cdf50dAe43747f173,1
0xbcda5D85198109188deC70a9e7C26ca1b41590B9,1
0xd3277bd250ac83a984d46d8c2b18e7ff81fb5323,1
0x9ffb6919035f614C40EdD87B479E389134709CD5,1
0xCDC8f2fecF60388E60A8536937131A41F0Fe8388,1
0x68bDfC34ceaBE09d50F333b03EbA2E06e0031BD9,1
0x77d6f5c54BBe2192281F7F49F673E786B0Fb88FC,1
0xc8f9Ac4FD685B13BacA94d5eb23F53a5dB713573,1
0xf853a80Da3eDFFFAea81429798d943a21795A36F,1
0x7156EDD9F3d345fDf4F362716BCbC7d8d587F70a,1
0xCb9A01FDbFaF65Bb96EDB3AD62c121ea7DE62c4B,1
0x210A90188AC40dDcC131aFb489FD81eCC169c32f,1
0x9bBac63EbBd5a5C8C712Ac468Be374f9E75B39eb,1
0xe4e4422dCDB9F8827111e3Db7c9a647D2efcbbFb,1
0xaAc52dA4977CC37F0917bC5b20C77d401863A152,1
0x2c36a53Ae6Baa79C66f47077D04AadF9C1aBA319,1
0xb620e9F63188245FCC3E737f77f811e8Aa5338FE,1
0xcaF56b72bc0C8Ca530aeAe69F0d16816f99C2240,1
0xd07376950Cd381FA0c53Be35fa7fbc6F2FeEa8a0,1
0xd939856EcEbEEA21e55E262ae64243d166eAa731,1
0x6Fb2Dd2242820aa42710b4A8dE7541D27045C875,1
0x99c0Fd5e1df87C27151c614710782530Dd3cb479,1
0x21489fC5732A189ff35FD037853Cf5DE88aeD2EB,1
0x00dd79d314c9ad5e944a46c55e37944fd382a79d,1
0x5B709B5B4Cce055211fc7554D98f9FF4Aaa60377,1
0x19ec83A0DaFc0cbF1e8446A26B122e069726D25d,1
0x25f28245A5b4e5000d58C675936d2766F9F37717,1
0xABC8c3042932Ec16CC8E969928e75A9C6C948b8A,1
0xAFc595BCfe4F66e6D44F198269B3176A5974B5E3,1
0xa097eee2330d4e7965b6e5b3447d70113ff9135e,1
0x54722FE77A67602EF4B1919FD2eD06e27673CD89,1
0xB4146F75e95e1640A9a9F0C084466E6A6e4f8aa3,1
0x188Dff400C498E62dA96ACE33c6330C1fd78e36A,1
0x8aBcB4A983fEd91625F51aFbA866912D06b6E2C4,1
0xd84623a9F1EE70e51d83cA9b10F823C56167bfD2,1
0x948F2f875Ba2E2D281723Ff90431090c61E11675,1
0x1c6800b111b803f0fafe6bc484a110c858837474,1
0x5c2260103ba960d23603a7b824c80a24eae159b9,1
0xC0D2cc7C6dBba837142aE4FD2c7C821c4eCBff58,1
0x07dcf49dB51b8E3E11d36065d0a1b09a09066680,1
0x8b69230AEFE98781c0dE0f4bEcE74d4997CCc41e,1
0x7aF6063d45DF25B1133e304F8249d631008c0B19,1
0x6E13a1EbF67D41a6f8c951D748C6a27771F6804B,1
0x82515393e544f0e97a40d2b002dbd2a1abf30a4f,1
0x7751bea0bb55519de80e6b152aca0b2f2c6ce2f9,1
0xd4206025a651e622e7e4679cc095ac183bd68dc4,1
0x41a30de01cf26f0bba6bafebbf70547ce7130d70,1
0x7c55f08b8f24ed245b93ecc8151c1b6e4c5eacc5,1
0x3ab71ff267b081515257db270bcea5dc2e9ee7cb,1
0x07ed26daE42D5124EBad04064Bc2cCa73ac5b064,1
0x5f7297326c596956f86e7de061d38614257eddd4,1
0x5670cef7bf020b58822ab19865fbf8fadeb47beb,1
0x2e24e5389ca764d134e6ae3183daee416ae2f8ea,1
0xed6f2bb3d47af502cb249d2638193a231a9fbd29,1
0x59ca3b53a7b74989260f8c6d9e145a07342833aa,1
0xb9d10bfbcC048aA49C520368e7835dA1444FEEf1,1
0xce70813b4c7d701a639eac27eebfa4d3c8669212,1
0x86cfb6a933291aac2a0eeee6f9e4b90d20125bcd,1
0xae8efe971a467e43c4c4e82b796a5f2d2aa6e187,1
0x4255fb2fbfedf13e06c87decbae4166c06a433d5,1
0x1608f283f97f9324030bb075e1c2cd7800001116,1
0x7751bea0bb55519de80e6b152aca0b2f2c6ce2f9,1
0xd4206025a651e622e7e4679cc095ac183bd68dc4,1
0xFad14B71Ad4Fc387ce7aC8b870697F06139BaD66,1
0x445B9820f161302b5827Fa8e618E5b9d0497590C,1
0x663d1a8eda066455bbb4e806b5e6c2f2d7268b6d,1
0x075bbeeE38d096359FE2EB0e4C87eEB6ded01e64,1
0x29ccb67a4665eaba0f86d9d3c2ca28e94b7d5ab4,1
0x9ffc2F9eC16c07c4Feac7c313D52259844D5F406,1
0x0738567348E9E00BC90B2ea211b3b083569DaeC1,1
0xe2652E75D48a88B74C1F37813Da99F72f2800666,1
0xAca4C72BA8Cf1864ECF37f215F3C9847Bd0Fb756,1
0xE1c3F5711E36eDe2760Bbe2CC233ac72053af88b,1
0xc0F3A21B7C51e9D035d98Ef5c94416Afb736D933,1
0x991B7Bf918744D3695E0AcfE0E833a2ec3274a0F,1
0x2458833541c6C636880C817573060735bE8196D5,1
0x33ee48aF70591FfFBc5E7407E5DB2522A41bB218,1
0x7633B4601B8dbBAe565E21C9DE68f1d7CADCaBa9,1
0x3DfAe1f728a795c09005500C25fD19a0781733Fb,1
0xcb07F07F0846C90AC91F924db70E3BB1dC60676F,1
0x68Ca2fa34D6B14b1c4629c8E7ce966c1c83Ab5aa,1
0x0c2FbDFEe221d980E5661f668fB3CeE73c841EDf,1
0x75d63b9c39f5FBFD9d746f4bc222293c10defd71,1
0x923d900b134562F541A61767C38d9C879398Ff92,1
0x02bEb93CceaBDC103fe0d2B9325A8B0AcdEE2c40,1
0x40B42e8039538FdE1295Fd4da415f7514a73d84c,1
0x1008D224a8bdBcCBCd8A5911E65214eE498DFeAA,1
0x3d5e1acc4dfa7cd7c2ddf8c8906c2bbe926b5e37,1
0x019B1bB29c7878Ee184f24808499116676f91B8E,1
0xB9ab088C02227E3c43805B3797cC140e89bECa46,1
0x97D872619d029F9A96dEEc0d777aFED3E3a7899c,1
0x6e9546bB05941fFeB070f4cd85aF28F491c17CAB,1
0x255cBa13c94045374b50D0EC9e39983A59022684,1
0xd8dB9c8fa8eFF37A6dD1bcCc3D7f8fdd34A1fE64,1
0x804F9295896A47dD3d117e252471a161D4Dac107,1
0x3198b92765542e2506063eff67a98B41fC75AAd6,1
0x65A2015c9a9f1188f5700783C47dcc3BBF8B99dd,1
0xF52771002e9C65Cd84a3CA8aaffB0E9585916547,1
0x15533Cbb29cf4e112fb9731eAFA80F23785830D6,1
0x3836e7Ec7298CD96322E8E30f6bb8cCc178717e4,1
0x28d94AeA11ADeb5DD3de117d1CeFeBd6107279E9,1
0x29Aca3710352248Ff3D8e08b99ea17a55D3ca9e9,1
0xc9cdee460C767cADC3318fb4DfDeB4F00Bb07a9F,1
0xDe9c18ef5E0e4f36Ad24b378feD2aa2Dd089Ba2E,1
0x18c4B335AfCfBD8c79A4e6062d5c279318aE8642,1
0x4a6ab4b1a44A0E956eBD9e2210dC9046083b5820,1
0xd1d388cc0Ba4FE8f57aead19bf2ed5ce28fd30d0,1
0x2b8855282Cf5FB65A84808238b2861ff62252D6F,1
0x0BF36805Ec787cE9b9014bF713b471554fa13B11,1
0x1c29346172B30eEFD64644546EB73e6d7e24e5c1,1
0x5997cb8227989e253f414aB4ed4e168355AdafC2,1
0x2Ecd68aC4c5C9AF7421352cd953Ad1122257E96b,1
0x3208F327217bD6A8b636A922518Ce01a989aD088,1
0x0B09A1547a2b8228d8d47FD214cf367243aB4111,1
0xD5799c9D9efE362894c033A9D69c366f84E0821a,1
0xdA34d750190bc5B92D4796f09447d0946c774800,1
0x2A804395B380aF4b83c9E66a89F6E82f071268A7,1
0x397c925c1194d172a10241465370fb3d26bfce6b,1
0xeA52B1BB93087147C8FA43443C18Ad067f60d9C1,1
0xE705aDb84D14Dbcd8454080818D939D32cF166d2,1
0x52809D973360f4a0C5C202f1Ba7aD5AACA00674b,1
0x51DaD8fAD78332694c53c203Fc7cA92D3B04A5D0,1
0x8eb6037c1D4f6B94486488BF71A5524cb18d8617,1
0x61F076010bb8eF9Ee757E5dfE89Be20B73ded3ba,1
0x912ac2862b7bcDb7301FeA94c9CF72F5998C1004,1
0x14EBaF417c1caFAf425d0B914590bf1FF40a9b38,1
0x2071946399641f3A845CDC1aB2397fD006d1642a,1
0x5e028718Bff8E20f0aD4C05eBf1270fdbD750a05,1
0x4D48E7d4FE5509A301dD43Fe7e8Ac11A60f03838,1
0x7550eeD13F6EDa18EE54aBee10CD98ee70e36a7f,1
0x9508541FB370986a978d3be2A099cA141ECd6073,1
0x6719438ef4ee9ae6153c34049dd1e360ddb557f1,1
0x0018C6b4816FB46D0A66dd1D0a1E509CE97ABF32,1
0x356Da5F1459CC05b69432F1D8F6cD0231870d8c7,1
0xe7e3190abcd1cec6b24f6f9f3771b784b94f1075,1
0xd14DA917FAF3E85863b2305D0d09D0e7F2531016,1
0xE00ebbdD872DEF388F0A818185d23b99e6d57be1,1
0xd11dbad5487db95fe91d6bbe97a214af307b460a,1
0x5B34d150274d5fbe088b276d1052AaeC77De9780,1
0x4FD625E02AE8C515ED734FF68AFf3585d8522050,1
0xb754e025c7d9e3904690a8403480e8f392eaa462,1
0x5424F413FC1e93f5394b26ED79c5b7E609a3BaDe,1
0x4FBFa5266219271C36e2218dd6D2952235A333A9,1
0x8de7a6e8e8fb9052852e242a88c95596672333ff,1
0xb1600e79624be268160739A00fdA84c0029a48A3,1
0x9cce247f14802b426b9fab74bc2aa3edf4e2d12b,1
0xD11dbAD5487Db95fe91d6BbE97a214AF307B460a,1
0x155ab8ea1e3a7f4a7dfd9afcfaef2c51137f6bac,1
0xA10053eE97DB440fb878E9b157E49E3d61244c68,1
0x37eb121cfccd1f6b56e2dffa2b5078a070776305,1
0x0507cad5fb435b0bf727bd09c2d216259c65b88c,1
0x3ac0f80a9C0ddEf81d557e239305a9fF300Eaf79,1
0x601a0812D86989C92bfFc8787d860572FC97d2b4,1
0x58bF09cD74F06f803f42692DC615231afF402eF6,1
0x906b1A4305b3Ea599B6E5A0d2A811E293f4e863b,1
0x059CF379C0D5d5DCee0498f2FAdE61928E87FF0b,1
0xf42B5F0e23DAa5e9E3563b96259fB3830Df76DB1,1
0xE5D5eF33AE5F83C6163faF817E9a40c860638aB9,1
0xae353b3Ee520938ec1f4BCFdF1C89811C85be189,1
0x6f819A4D81Ed3809c6979419363B3fE7f892251c,1
0xF1e85bF38acf23E38d653539f5B377a25Db59ED4,1
0xe8Dc16da1737C404eF992Ac7f5719E226c48cb7B,1
0x1874FF11B07BA4fc52A7b9F4afdf89769c9Ce17A,1
0x04339d9f833001a75A4F6Cd2d02e47cCf5A7F06A,1
0xb6418C1ba3c59657f9CA5c3f9322Bcc394c0E993,1
0xd5cE6b75692Ecb4367d5a34E9F7b9D76E0ab2418,1
0x0Bd699662d818ff5E1066ab2cC7302eC2FddB8d1,1
0xC2107bAc162be5A0aD889252b817dcBC70dcf27E,1
0x2c36a53Ae6Baa79C66f47077D04AadF9C1aBA319,1
0x991B7Bf918744D3695E0AcfE0E833a2ec3274a0F,1
0x34983A16e7B367f85e7170da397cF3C48bDB87a7,1
0x5e028718Bff8E20f0aD4C05eBf1270fdbD750a05,1
0xf68f9bfe40D1680482581Ba66348DEB0222Ae5Cf,1
0x6e4309ae0A8C8D140DDcDfB8f5C0F95155a7A8dB,1
0x4aDa8cEe70F483250EEF27b6A5EA6bF2835B6c2A,1
0xC56c6585a545C065A0dcd6Be3B6d317daF674e97,1
0x2c36a53Ae6Baa79C66f47077D04AadF9C1aBA319,1
0x269c0C89C94D2396c0Ae9c9b4CB9295dcC1bAEdf,1
0x9c906948F12857183B3bE5765930105915CDb8bd,1
0x991B7Bf918744D3695E0AcfE0E833a2ec3274a0F,1
0x8770345dBCa5f716ACC6a8fa04d1103eE2f3C829,1
0xe9BC628DC333c6671954684419b3be1ac317FA5c,1
0x31350b11B495760b7514Dd0a58058E9706E32EC3,1
0xF5C8B63E8EAB8DEFFF42b40128f4F6f20609734e,1
0x161B91217F33c89897750cE4f48b678A44DaB059,1
0x5e831b3075f89A629D01987cb53b60E717Bab122,1
0x5A7225267D848673A58E4a12a82fe2143D6689aa,1
0xdC890aFA4b1B3bedEFBd8E05F902355043B58e04,1
0x6Ea413888DcFd75A9e8cfB062F8DDB96AB3B7c78,1
0xc4DbF1410DD61d1Ea77A83e9cDCFe32925A726a2,1
0xE5D5eF33AE5F83C6163faF817E9a40c860638aB9,1
0xc22Dd9E1c0B86Da81772Ac4fe01CA73EbB11bBd2,1
0x8e3379b39db6b58bb06dc099c334a223daa9cf09,1
0xE455B4D1f77dea63f1645008b44515836850156c,1
0xfd7b472291e94a7d51ce25ae37d56375eaffe866,1
0x8285253cdcd7ac274a908c0f2e53af2afb96c7ea,1
0xd71344bCfBF15b202Cf435866a5c8B09b38aC09a,1
0xA92954685568bB764d6A23b8f49F2e9D4074B344,1
0xe55AA4b87C399DA5359b68Bd7d917eA72922E69b,1
0x005ad4a99a27230b0bea161e9dbe3c1b702d1dc9,1
0xa2fe857df8435dbfe38a09db74da876917cd9168,1
0x040a3551d934A626F11a957785aea0e33c261468,1
0x8ccCbEb1D14b1B5Eed7b45707e7E85121EF351dd,1
0x6dafa61685c525ed893b5571cd72d8b853ea1bb6,1
0x6a1fc38b91b5caf3551fe6df2465b4600200bf79,1
0x2b169135dffb6ca4284764f116073e458d37c6b3,1
0xaD35df106D07e6f10Dfd4C22abF7d674F8779b46,1
0xA050dB47160Cd522D8C72066eE9C162cB4d49cAc,1
0xa8532fF20F266C3539a22fd90f7085abdf816d8A,1
0x34ab4eE38746963eDEa24E690F3F94676fFa52fc,1
0x09600a01f7a5D72FD29565793365b98D0E5E8d34,1
0x40DB0276A8d3FbbBf236EaFdfb421f70Ce57612d,1
0x2ADdc054c9D65076f0cCbEe12C848c0B2602e910,1
0xbe946B44a2A775E2886b106cfcC0f6dF2D3bE135,1
0x85349b9830B07dAe1f490fd920dB404E76B671f6,1
0xf82483c6F225ab34aAfbF6Ff3E0D11360ea289d3,1
0x9b68C0Cbf88b45B0212B6B29eBC8966c41e3E7bd,1
0x852F299d41EE6A2b47ae7bAF8B876e39C18043DF,1
0x01a18B4ADbc7A0e19fCfbdf63E85EC6F3c9ce9e7,1
0x520c7792f2343c7a5c9f230bd39c565918fcf215,1
0x183fb62eaac849510Ba038Cc4BeEFcC6e59f33F4,1
0x10BBAd85b0d79F279EDBb10b3DB5444C2E222C80,1
0xe7f4C5ce87296bB8a6E92F411115F06d6D7124BD,1
0x65fD32033efB5E207dC1898c320B2407B6C8f962,1
0x6a18e6C35280C7f177e02654D9180Ad4B782f016,1
0x9d0e1a2fEf2FEea853d9b3A95652e190f38eff3B,1
0xe1Ff120124fd38fAB69b4D8Be66E6563783008Bd,1
0xbB9a016115ed3C82b4f4d4Ad9a599E4f1195e526,1
0x3757A6449dE48EF6a8c7DC9f5f064B6f3C019339,1
0xb08DcE4a9b41eDCf18bC3acc3Da1652Dc7aF9aB4,1
0x408417DA2a8f2215FB59D87068Ce9F8397dc4aB2,1
0xD7dC46151DD5EFAE7a3D11202029B4Ae88333725,1
0xA4476daB31d1d163F114a290613cdA1cC1284448,1
0xc734A7024B5F3Df700898C7149Ef9a3e6e5c0DE4,1
0x57184a11B7911054cB91b96acCd94e12Ccb6E842,1
0xF480Cb727BF5ab2F818e5D87D8f3E5f0BC90b448,1
0x09600a01f7a5D72FD29565793365b98D0E5E8d34,1
0x520c7792f2343c7a5c9f230bd39c565918fcf215,1
0xFaF258DEC2578a024cd04dC19D241f9F8EbD2491,1
0xFa2DbA0868e4B97033384368bE87507b8Bd96DAf,1
0xc5Da4Ba09f117121f1a9607125ed337Ad29071aA,1
0xEa3b87F55974FaBF28CaA6fE90Ee1751d6E276a3,1
0xD11dbAD5487Db95fe91d6BbE97a214AF307B460a,1
0xf5620e9Be943AA4ddDaf3f9B4eEc8be52c4D53ca,1
0x7c59e50e0940dfda8bf153b435ec4daa954bc7f6,1
0x334d3b19040dfa7613ace05fc2db9daf66268fad,1
0xB1841e8675b6eE74A1295719eAd4977a449a51E2,1
0xf0B81125710F4198e19b9015f1b4D86a47b7904c,1
0x397c925c1194d172a10241465370fb3d26bfce6b,1
0x533270199Dd375F662A05A3519E776476d00dA2e,1
0xe3399E3c1404dd1d3E8F3986392F424431631588,1
0x58c6076555bFf91Fdcb889bAd1244f90C8EA3FD6,1
0x34ee02E270492146C51D0062Eb4b1f89a89Fc517,1
0x2269B41EC73410ea175e7749f68ae9F2201faB8B,1
0x113db00fa12d2730ABfF514155d8E669d396FE29,1
0xcacB2bEd1259f8e3853b89bB4d407B6C3ffaAa69,1
0x62ea5c712778a432AFDe87F71AE664d89Ff5C556,1
0xD2117F6EC2776db2c14c3970c7E744F0fD5E0806,1
0x15b76b23Bd1E7c8D8d62715FbeE2FD73Be5108C3,1
0xb5603f52270F3DaD8D983c9E23eeE64186defF3F,1
0x05e3cfBac994317c5CF88C698F9875c6F315324F,1
0x24f4a595f1da0b720fb548fcff65c19dab6c5104,1
0x1ED3127f4345f0d6D3FB6d4c71A8Bb8A08a8f5f1,1
0xDC3F30f223AA526f9bB0879056FD9cD87369Aa07,1
0xF7d2E7B5D68e55C116D1C5e7e90a79bb8738E960,1
0x7861118FCB2370b13065D546e7fE3CAE4e1fb9c5,1
0x9335E6130EfEf0Cf8F78164eE7AB8bDB12c95e2e,1
0xF538e79a2265edBA137fa263C066f526cC08ae1c,1
0x01F04e8cE7D0EC382dfcc3FF24a4DfeF20fcdda3,1
0xBe5397737e3110d6D15620C5Cf7cE2e4900B8103,1
0xCEB70cD8B50D65c396815e299447C7eB481432BD,1
0x4Dc991Ad6B669a9b2EBebadcED8DC990ca9E2914,1
0x24C827f3552Bc4d4834Ef1D0F5183dFD9b2E1bDb,1
0xF7014b7E4BbE455896017dE9F8a3D7745FC63e9f,1
0x283C97339d0a2fb6794293461F677fA0aB69C30a,1
0x9303C181474B317793E167dCBdEDDd9816DbAAF3,1
0x6CfBe79897FDCCb5023DAFF2D66231692065dB47,1
0xa658908b3F6F9E2B6DeE6a07a25cb458150615Ba,1
0x35Ab8B59212f6Ef839B986cF2915eb17B240cF14,1
0xfDA5498583cBf5B9982a9d4563745e9b0cE74aBC,1
0x5a64ffab7b16e422f0d23046ef8c3e3359c8c6b3,1
0x61DfbE8C0a93D8d159EEc62dA3837897F670a526,1
0x373699953607a21109b717b9e2fac81b594d7b3e,1
0x49241f3585501f41b1d9a7524AA39dDd63f32001,1
0x4d3eecd10b597bbad638a423ea0420432c401151,1
0x13C49d473965b6b356041213814b3c26aFF7565e,1
0x83599b1811Fe8440bFe0E07F52D42d68e646B29c,1
0x4894b2A677fb97f4e54425D90270e98B7791a467,1
0xa9422D4735f2BE8Ce750B6008Be8A1F35F3Cc5f9,1
0x993DcD4611Ff64d71f771051D6DF49A2F82Be6Ed,1
0x3d5e1acc4dfa7cd7c2ddf8c8906c2bbe926b5e37,1
0xd9Dec6066d3C333c80621B95FE5658A04519b44d,1
0xe159994af6822aE5E1D6882F556721Da73666b31,1
0xa35F29893418C61AB675557ee5228E5225e78BA4,1
0x05FA1169671c3391B7D81a6585b30C8639126D68,1
0xBf0b94A6D0Ee664F7C0D399489720cEd12455854,1
0x3d609A3C65F59A7D5275D00724F6b63d151A007b,1
0xb5603f52270F3DaD8D983c9E23eeE64186defF3F,1
0x24F6cbA85893195Dc8456D325802C94Ed952E93B,1
0x3046788A7C9d3192797838eF2C981F8773eDFAa1,1
0x14C6905d458B87334575EDAa1928fCED17157C7b,1
0x18E84940dE8C7dCE8de55E800c3ceBf5D3681c0a,1
0x3d8a6ea120b9d52ef58f8877cd75f2fa16ab2de3,1
0x1ae5A7f5A3160c3A2C362da344541cb00E23aC47,1
0xE65c023a0F871bA541B6E93b6a6Dae829aE34df1,1
0x354fE4550E0059DBfc375083954B3c784425FB8f,1
0xa2cbdEAa5716bf99931f1C5c5596f103CDA3B8Cf,1
0x044e6313fEA1003C3b6a797954E9aD879043CD8D,1
0xC6a492735Da7c9aaB5e05fd877A01606Dd4a24bF,1
0xF7CB00cAe9aBa62a15d288B84410Fa135694A1e1,1
0x2571A4cb67dd579D026058efBd9eb14Ef281f324,1
0xde1278b874840183a238b9524f190223a2E0871E,1
0xe6ce3A0b6A6cdcB9d64dd347D52E061F3bC1F8e7,1
0xc9F0EfCaf772A5B1b0Fa3152d6FA2e0Aa45609Ea,1
0x507e9Bf86EE868B46192b5ce9955dC23727B396D,1
0x27ea993Ed0408FAd6180C5266E7678a622e679D9,1
0x173A84F629319938632DFc49337C2b8d762587B2,1
0x4F7669601931f3b8908BF73203E5d38e502E2fFc,1
0xfCb55CE61E065A86adEA382D3bb5a9239096e07d,1
0xbF2f5E28B3076c14d6F685270798B856fed2E797,1
0xDDf8a53155aA36Fd1B1eE0fE5608cA84795458a5,1
0x76Abf6C21C3F1798472dDe4f7BAf6403f5520535,1
0x639589aa295247A1EBdEd7b70bfbed0eCAA7ADd9,1
0xEd2cCEd3d1B6c771073c278bA800110F512e4621,1
0xcF99647B5Eef7E1a0Cce773959e54C2412f27e74,1
0x410Af4d2fD0c6Bca3385A42B8B7e687C482CAC1c,1
0x477079A5D42abbeFB4C71BFcB896cf175e1738dE,1
0x74843ddE440c82DABb2D18c4bB7B424548D36853,1
0xDBCf789BDEF163C53465Eb87163c82e099C01B00,1
0x6eBbF6AaCF9F5C76d48D8F84d62A29A83d19Ff48,1
0x326e0Fe157D392894cC5dAB6b5dCA18825385478,1
0xD4a7ECf793d7ECbF1eA947309110927BE6Fd827b,1
0x3f8153982ad1283E51c6e169cfE68d34D115A15d,1
0x3dCFa033d977ccd96516e4bf46d8729b8c63EFAE,1
0x767702020EAB80676484B570F34124fa61FE526E,1
0x1b962E5A9B4a33f6456C421efAEEeD237AcFAEA0,1
0x94431200eb4bCa7c73ECF6D870b55ebf7193Cb2b,1
0x33c2653263f5C0a5B11425731df1dCa62f5f0607,1
0x5119FC21EE243be63EBE3D4231dA53b9Ba0A8c40,1
0x4E438f69cde3a0509e0EE2fEa5dc468e2Cd308aC,1
0xed87631022d31dC2f1827FbF03057f153DBB91dC,1
0x96e3767bEbA8Efd5148432b29F4646F9859BF4A8,1
0xbA41E3F487F9CC3E8f2850Dda101bF1f9f38Fe3b,1
0x612EAA05d00D1f348994d062eF3dDcd092b30868,1
0xf5b7B7aDA73FB4CcBC2786ED6AA01985846b26cD,1
0x6109cb2A75E904078FF483CF6FcEF79267198736,1
0xF80c807d3dB8e691c851660E16025fCFEa28924E,1
0x9f65a8E37E025203c66212e34305607D3e6342CC,1
0x68be5ded492e719B055e4167682D2aF457B5D453,1
0xef2B0e7D5c819B8998092982f906B61dC4708Eef,1
0x1b3982A89618609FeD88cF79c034E42aa74D3C33,1
0x6C8B6CDf67FfD2fACF925401fB1734F44ee485f8,1
0x78Bb90f51F80f8380c6cE4464E1f3F0e0a0c30D7,1
0xe2cce0407f55B0a00db6b692a29F30aF408AEdFa,1
0x5F9ff7aaA3F664657873c2C4d6432c6796738c23,1
0x6C56fF2bA2Dd836D5504b6acBF68af4300E193Bf,1
0xD455337637E13Bb50553D5b23951a6CDb9eEfb1C,1
0x40f76d4161DF0b4C0E26CEb3ccCE36f02583C9b5,1
0x878387b4E005055A28e2Bfb7081Ee2930983338a,1
0x83cf2Ad7351B5C6A69319Bd8f6020641F1054199,1
0xFABE8F50AB85fc3Fb9b14489E9a612b16A5d5B78,1
0x78D703C2d65a1e7F2f33d810c76E8C1317D15026,1
0xdD62b9C02CA297d48B2f9d1B1041675943d5ee23,1
0x7dA5e8804F28c9107F3e1292187C6b4f46b19294,1
0x0DA07217E9644426620a72b2d423AE62d426F40A,1
0xA6eaDd06d3397154BE8A9Caf530Deeb550b388ea,1
0x145e910A8F66CA51C630478763E4E7cA3624779b,1
0x9580Ca0ddb6CdAf0402572086A9D232fd82F4746,1
0xeba9427b87EBD096Ea7D0286240d16fB2A8F7DE9,1
0x4CFB7BE7886223104090466Bc3F84CA826A89386,1
0xb0FC94b63feAF7727F20D137f82586ac001e3d8C,1
0x3b32C8724B327115640B9A6B67d06377AeBFE92a,1
0xd29b0F2783B2Fa447d6aA8c588e817FF19cb480d,1
0xBA66aBd3f9211f57aE14341468Adf079663574b7,1
0x412dba7C7E447dAcf746FfEa8889d6395079d1B8,1
0x8C71297f93455e04bDf49abB3081D63bdd296606,1
0xD55666657979e5546d64A57e8F71D649A071f010,1
0xB67F97A9DE91D8E34c35B5Ea369C34a955b6002F,1
0x1E34CC5890770D202FA0aa307E42a793f51Eb318,1
0xc424F4309a7dCD6506be4e26e46A5c63fc08bd1a,1
0x2e51E820A568619f38170097C2A0d604d2BAa707,1
0x6cFE01121b60A531b0d44CdF45503e2019eFbb38,1
0xF7240F2502De8f2D609a6b9E89C61D89bA022D70,1
0xa0dc8AdCcfBf27bD8E4ED1FB89e851D8c55397C6,1
0xe3C5D650B6471f8631239BF114A8AE55888f28C1,1
0x484c25bf3B872b06DAeE1865D397e0cB3465fc8D,1
0xC4DdF7B9bAbB9d7eDB9c05D2ED755A702Ff73016,1
0xc7083BFEaA6dD81a36DFecf1D4400B61acbaA749,1
0x14443d7CcEdcf8eA9fC607c6F013c128B2C650f9,1
0x0Ae115148d81355e410538435AfD4259f764562B,1
0xa1d08DddE2d55C4fA7Cd3b43F1Bbde20Efb895c8,1
0x62a2E52212D36849147c4957995d9094Fef3AFCE,1
0xb30491b9a331577eed6522BCCE4Dc822F223A240,1
0xf3a12757b12918fb726FB16A0589917096ef7259,1
0xe9afe68527f12F4A6098aDff058b2422436dA658,1
0xF66934387FEB14CEBB5fA1CF4F5162386098Cc7f,1
0x4632921911692dF9511bc03726deEC49B92C091B,1
0xC9CFF2E70Cf8534dFF47A6b9064D0B9B433E349E,1
0x283Bb5C69C19e79b18Ea23aAA69a51fe41604a2e,1
0x17d15a0364cF6cd4cD0B923A3419A0F5deF7fDDC,1
0xf8bda03f357e568b501fdf25813b4dcd9b9fe4de,1
0x7e0895c03e27a265a240783f404d59dbe5d9c740,1
0x1ed63ae5cf88277473068c317ecfb3e042c0e9c5,1
0xb9a36de192bf1a674136a0415c5a5550fbad9e76,1
0x48066cf856e245b527147e1a781eeb4a0efb4b82,1
0x4b67cDd92aC360FA9B251E8554981A30D4fB9AC5,1
0x826987F05CA7496b8cC50344D555DB6d26B5dE1a,1
0x0658b9176C53d5346177854717d38B3518Da0491,1
0x923d900b134562F541A61767C38d9C879398Ff92,1
0x826D3aA4115ce8EA287E7838A40F91aC8D46a166,1
0xfaA5c4b79a758856d7bfEEeF088154a546c3B65d,1
0x5D5337a057Bc1dBbf22d4d454f00aBF6dC48F901,1
0x62f4119552a9B6F18841184cDEE2AFfFBFb52624,1
0x28A97280875b16ea73a4e21f3e119Bcd77fA0E9a,1
0x761da974C8262ac362c17F278d8D23643BD4BA97,1
0x2db4BA3F4fc02Bc6a1a31D78e52c6ef4e79502a1,1
0xD1DFE66e35527865BbbC7D836F91E7D6703c382D,1
0x53D18bD145c985e85249C1326ADC35aCb876af2C,1
0x61C080A7B8487962766EF885a476C44217B3a698,1
0x963b44CD8A73877e95b39713D98018a6CbF1d445,1
0x75f795B898505896AA4c46DF691c0EA8208DDB75,1
0xC53998E6B9Dd157b5c9ba5970Fa0232ef5352C08,1
0x8a43626b6b009a926da3ea7236c7c9357bd88d4b,1
0x2F315966cf87d9752C60c8cACf7472d217BD7933,1
0xB1a2a65ABfc364aF102d10D98fB0eF2c6cD24A46,1
0xE00ebbdD872DEF388F0A818185d23b99e6d57be1,1
0xBe50218e7bbB851462b3F64367044E1a76A680bb,1
0x00f73f2116a23344b9806e1d208a1206e4bf93c7,1
0x1fAf7702d59a6eDC4e5bf460D3999E76783B9Bf5,1
0x2e3c9e4a68b8b28784cdcd82bb4b81e81c059111,1
0x4b1Da5809aC7E607E233F9D9fA0C770910049064,1
0xc18641f1e2901C157bd65bAeAAE14497b6d1Be69,1
0x288f68b16e73be57fd6daecedfb47447cfd53f7c,1
0xad39F96022bD8AfE46c253bba3C2597C5291069F,1
0xe2da1523be32a657e1b130cf62aff80d7f82914c,1
0x481b5377c23e2ee320b9c00e8ffdf0a9dd81a0a0,1
0x2dba36784ed850fe3ae79784b4e14c6505049384,1
0xc62c9334e3e746fd73abe7195c1507d48e3f859b,1
0x6c444b981952373a96c3899d34682c16446544ec,1
0xDDACdBa7d0B9e5e4b36719Fc191B0E000b58DF20,1
0x1e97cba1ac203beed4ecfd57b1529ec668d067fc,1
0x96297A07D78d651f27e31bd6337628d78D77486A,1
0xD0D35c002F4Dac2795909713107708EBd1a491B6,1
0xBd343201a30BAcCccf609F687dd0eFB2EA74C5b0,1
0x26a6055382Db9D715d179Ba7F147CB962b5c096c,1
0xe15aFE0AC84a5911Db1aaB4ED3353A4DB562c9B0,1
0xdbBF2D031AAFDA7BcD332365F590fC9a4a99C2E6,1
0x935fe1e682658058d7faf98a55c4d18131a7f037,1
0x1ad2EBF4DB86975F63f72907E41BB21bfd0B6890,1
0xBc8897E8635A7238463d777E77593A0534fBe0fF,1
0x91d41fB8A1C28C7EDF9aA3D31ef3C06D6176A65f,1
0x43045a9ff499a43bf76f47b1f42b31bbab5eb0cb,1
0xb05274bfaac689bb4cc570369f2b060b326f195e,1
0x30C054eC477501cf1Bc79a2fE54325C8b0a30Da9,1
0xee7fd057e77c99fa09fb3ff84fdc66bea38b1e2e,1
0xF52C4f0b44b82223d7D60e67C6DD4f91941e1889,1
0x675B715995B8D42de7855c4B1d0FcE5b8430273D,1
0x011470d6f69ec108c5fd721b3560ca2f13d5f7e8,1
0x99eA07A75953FA79f2F2bb460D3Bc05AFC5ED294,1
0x70D8420B524d7A77e49622E53513af4fDdE87A62,1
0x451F05CDdF6F803f8c01d80Da570D0cf7F959373,1
0xacA7396Af4f83ef85981Aaf0fD753F51980c8512,1
0xDC43089BF262394C3dA4291D45381253883E5510,1
0x868A13A9C9e308eDf09D42B8Fc18398FDFCEeaf6,1
0x243F967e99F9D571C56C421a90c77920f479548F,1
0x8588c52c95BC74bd9da80304Fabed97506717eF7,1
0xf6e2F31031826533dB3AA7d188A710aB682b8143,1
0xc9fd6318c923bdc75f0fb6e2125c819197dad715,1
0xFbC71A6BC05F50372B20E69E225efEE44C251a61,1
0x1b3C200c4b0b3Aa2F3861De28Bcb05626c71d981,1
0x83599b1811Fe8440bFe0E07F52D42d68e646B29c,1
0x3Cc8E7a9e31569725F9643916615ebF869759D02,1
0x738b6c539d2B920B73413C725556D4CD24c5f6Bb,1
0x7c392eB18c74fF7D2FebBfbAFB75F2849Bd14a07,1
0x8e6a3a63104664125931462C580Ea941fdfc404e,1
0x6d332cA336d3953DD8005389b36d15b703458B13,1
0x27f059742BB5b9A7A0D2f0a86de9967b0fe39DE4,1
0xAdf10B08fC0cBF681096aF4794be5837997C1a9a,1
0x7bd510FFBD3d39286135a0bE5d05a342746dEDB4,1
0xAc024b7fdF80C2A949619A2543F4eC8f1b48c7E0,1
0xB022568f0126559e345983069Bb79449A17c0197,1
0x4C44ebcBbf3fD5d5bF84bF0C226F68252195E27A,1
0x6bd6775Ac695e09f3fC3BcAe02D009b170B3B71b,1
0x9f330966309A254616a8BeFf60C332B1435a9496,1
0x2ae6c9914C7aA642471aFaea888F6377f86D8050,1
0x89D5b82DE65fB7101Fb93BA21f4d91a81C76D4e9,1
0x6E60628d12b4C9683Ec2Ec5e763B62b82a0915e6,1
0xa2Fe857df8435dBfe38A09db74DA876917Cd9168,1
0xF4adf7D11032C3EA471b56f8869c99b20Ab90a16,1
0xb9D7B448FE70c8EddbFb4cd6c783C3b73e28E752,1
0x1874FF11B07BA4fc52A7b9F4afdf89769c9Ce17A,1
0xaed564f7Eb8133813dfb49380444e9340B3e4B0f,1
0xb2f4d03ffef448abf05565f08e082f631f3932fd,1
0x28A97280875b16ea73a4e21f3e119Bcd77fA0E9a,1
0x719Ef348aFCeC5E6Ae31E0473BF970b743F0720B,1
0x7D600a45f0caE75DBdf9025f93e4F67E33010AF6,1
0x20f3Ffd9C2862992A67751175D27322720746fDe,1
0x80b0c4ce96fcad13281262ad8a71594ada55e34b,1
0x60dD675e9230cEE67acD4Aaee8704088F4e1d85f,1
0xa84A90aD1EF029F1E9dEABbaB03eD5011013f282,1
0xcC8D17D06f1Fea3B4373e5C22507244d2f38B047,1
0xC65d0a236757A7AE8D5b14F2BbB1Ac229cfAeFb3,1
0x668060e22ec7ad63909d0c7be0c3f5f05e7fb8a4,1
0x02C6821219491c6A39E36aDe4360D47C0263B4ba,1
0xce51D1fa776C2941d4155E8FfCc585c5a1213d50,1
0xA3C468d7ebc4c30Ba7E97cd451B41896a627d714,1
0x916113d9f046fF6F0f20d5c09610F6Db286E24DF,1
0x8dC5b6D33A21753799f8952c7c397845A0562A70,1
0x122043BA0D20d38E54c517Ab5b91C3A646aB0F57,1
0x5b58b59d4D8De2606C440b1d128787bC0C3dd1C2,1
0xf0172FAc77A738bF7EfD3932bc0BE82d329aA6cd,1
0x7c9CC4aD830530f6E0D98AEfbF2f27F1A92d1aAe,1
0xD09a2d8283a28ff6960A82C9215787e89Df5e69A,1
0x1DE4175B6B77efb74Dda921C31d21a07367B2d04,1
0xD7B6dDf030e72CfabeC687f05f160c240852d66d,1
0xb12D95a0bd29BB6A9Cb91c3e9C2E2Fcb060Fd123,1
0x62C57C01D77DbA35470362b4965e81c506d5495f,1
0x23f395f23BfcF49bb2B640fE7A3d6f7dd407801f,1
0xcf11D73f4A6a5C3630C9BF6C92F5904c521E8D7A,1
0x3CE6C3bdb8c8BeF2148BA25A1DdD8A137773a126,1
0x1c097fce6587244c138f83fd66d700d6b186b817,1
0x354bDD07F909Ac8d23c212116c00281De6Cc47b5,1
0x41514C7AfE073A339c79Df7d14C9F8fb5eADB6bF,1
0x37eC3BEfe46D1b3f7F2036D4d3B8f0ee50aeB787,1
0x4C81E60cB84443B9ebeC89465d6c8590019B517d,1
0xfde5d9565a0ec5e3ae934ec9e1c2513cb0d2c8cf,1
0xe5827C0D8E23079f8247E3db7f4E2A5aA680d130,1
0x3bbb6360efc9D2bFB1F4904C8d981fF9f6a27a4C,1
0xD1908dA667632fca40B497a06E86cAD9705cD2A6,1
0x574af07d64940ef4490a433711dad12c977386b3,1
0xc059d3f55f9c3219bd81fea56e071cc2ffe1b7e8,1
0x392E71F7fA02875060e90DD9A1332330A1891A04,1
0x3F3AD88A0dD7C178320AA0Bc0bF168388779dDEc,1
0xFf5469465ca85212123911585BCcC0ed7B51d01a,1
0x0ba9Bc5073b0a44eec82ba4192D9C030EadC3dd4,1
0x12709e94e67bC59F286508FBfbaB2B2EAc4d39B2,1
0x6690d5fa94a18ddb0c2d214ac3fc223ee6fa030e,1
0x648a77341ce922651efb0c8625972e672d96adf5,1
0x3D7592F2cE0eF3D0FFEb225139b31dBA87187b42,1
0xc3d7817f705c0bf468af8e43785087ad15f496cd,1
0x7860c8F083E9458e5D4c49FdAB5761F8D4637f5F,1
0xA1Fcfb53312e7A0199A557edC88FbF30C2E56ef9,1
0x4aFd23165a8F212971eC3e9435F7c208b8268103,1
0x76620077a426590Cceb5cd2Cfa0a3Cc4F7a12F60,1
0x996874300A2c2F123dEb9e0c5C9Ff5Df753714bA,1
0x6652EC94E645F59eaCf40C67Ba63aa4B3C1dD79D,1
0x7df8cd21b55e8adb6c2dee72bfe14eae3a37bc7e,1
0x86767baff4b887f9787214383930Bba684F887C3,1
0xF32E1cFc6F012F9104C50ca3F6fA552F5641f798,1
0x6917c1FD34eA562260c3bd48aE38EB91123aC195,1
0x18a00708974f0A7Df7082e0039C225a56A316B66,1
0x386EE6aA48C4C7F90cF538EdeD9a8d4B3C4D88B9,1
0x2D38B599D1513E75736D58a950f4f5Be8125Dd6E,1
0xd6302976E590b9b947DA8774b7f1246164e0ce98,1
0x21FE1Ba01922e2e64DC3E0E901B0c6BF28aC9599,1
0x3F29778Eb97FD7b742f0d02F3eaBDFF819349AC9,1
0xb7Dba0Fd36C9e9fEB944e8B538FE0F0048001FcE,1
0x945ee334FE0090233824A7f2EA1dF88186d79c31,1
0x4bD1E62c3BBc1bFCCBca67910D8B972329FBDaee,1
0x05C6b8373A5E264F62dCfA600465A373e71A2aC0,1
0x960847C0CFC75A1fBB1672Cb6F94bB549dEC067F,1
0x0b01c6896eD9C8c0eD3F8e10F362b7a025C81B3F,1
0x183cBe08249F4B841A57fCBBeE469332B46D1F2B,1
0xe41A07b2145C5ae6385FCc036e880e950f63a811,1
0x081d3E6bebBf15CBFc81707056Ce8aD32B9E5E7a,1
0x4CA09e5FD52caDFED0B3e7cBbE23FD44657be6Fd,1
0xadCE2A63565fb035bc9074692D1C2D085d08a1f4,1
0x42dfec4C62e4F02A8B762477BfC8329E32c31B96,1
0xCe983004834c64F3E7de72BdFDD4DAb0Dd81a7f5,1
0x540a684e5Ccc3dD20639590cc1750D8B5F3A3b66,1
0x12FC49D28c19Ca1697f7781Ceb07FDaBd5aCe365,1
0x731e10e3597F2380EC2B890FC4F28f518FB794f7,1
0x7CA95fB6ACd0eCe630f5446445876331Cc8FF44f,1
0x535DE59b91E9f4f1feD33b004B95C44C7c4F5e01,1
0x63d6E3926a80eEed06e34684EF5457a77d700b38,1
0x8482bb3d82a1aee7abA989903b0Fd687C5c17B3C,1
0x45B16404a634ac7BeA204e27558f3b715f2349e9,1
0x7aF6063d45DF25B1133e304F8249d631008c0B19,1
0x8B3b97b311f454D9b33ff87e3006667E87cB2fE4,1
0x425D7572e2De070A905Ec7bed4589442B517BFdF,1
0xaAd8E0E8e938DC76dc1005136d7fFc8Bb5501b19,1
0xFf32DC68e5ac8dd8783C0491b907409013E6c728,1
0xceb69859b6cfef2ef697f211d6c45f96a4fff287,1
0x56589a01e8c8df73d7acbaa66a446fc0b8d1e8dd,1
0x5F5cE410D233BEE8E46B05e465b293c92A0e9f3A,1
0xB0Bca4FDE325062fFF61aC8F0C0362247792068d,1
0x2269B41EC73410ea175e7749f68ae9F2201faB8B,1
0x469816ee2a7E7299819e5f02382769fB4DB6338e,1
0xadCE2A63565fb035bc9074692D1C2D085d08a1f4,1
0xE7fE4901CdBF7B9363aD5F1f033272b2ae3eB7aB,1
0xf16ca19A21df608b095B07893be68CD859E95239,1
0x993ACdFDf281108CD756e4443A50F1e3ca35B55f,1
0xc00fBA9d180fECE04bCf2bc8822Fb67C71a3f7ca,1
0x48d5e505914d4103644b28c5E3fcc16ec3A0e3c9,1
0x028546c43bb0Fa266643874849A7Fb715696BDff,1
0xe51c8f8de4dab4f9ffa0439cbb82209c8c93cf2c,1
0x28d2077f8da36eb6a47ea9e455070f89128031fb,1
0xf0f945564cb072b16c9c477e6d03d4d335cfeceb,1
0x92aee00b3912b5a094e8d5a4b0883ea4c4c75c50,1
0x3fd48E2bC74fE53E9E80386F000f842b058ff97d,1 
0x89fa09831c33a9651da38ac37b25e058b6409cc8,1
0x49fe404f68b8e9783ff5c8ae717493679fc32bc6,1
0xba447798214925d01c51e2418a28f6950bb61141,1
0x12ba163db9c33bf0fa7ace108abbd45f0658eb3d,1
0xf39f1451d738a871300c003ebb466aa67e41dd72,1
0x2d93c9b69c32b6a0694541be0b0b461bad64b475,1
0x198bd266b261a9148bf4a12c2f734a308cf800c3,1
0xEEB3A16280E0c1D94766067f4a9B77A89DDFF768,1
0xa593909229A229BF3d808Affe84ea6B77793E30b,1
0xa8F404118Eb4B7C0Aac97a54FFFd25dd9cbC6175,1
0x7B2C1B566a5842Bc5934c3bb20bF191286b18168,1
0x391018a054c9c55D534a153Be308711AC4b6C116,1
0x7261cB4DB40C175DC9944d66512B4E04e7BdA407,1
0x6268C51235787Ef9DD18c964f9F304b766a068c7,1
0x93f55c0edee527941e1d2cfe364710bC6589eC6d,1
0x5536207B8e2b3E9a8EE79D5eB4d19884BF0ffF19,1
0xde6e762fb1180fF720cAEC361a221cCF0e1b71Ae,1
0x096B405C3A81E68235d43fEc2B41c28cB7248f30,1
0x1Ab29e84e454878A6E8A8070434A21b658a28a6A,1
0x060a65a44E2B7c8605adaB7bD0a05c63FD2eaD6d,1
0x94f2a0ad0346371dCa7b5702670Ece5a95909f1f,1
0x0c1abEa67a72e94c167F63BF5220fAa08Ec0CDdE,1
0xa81D9Ae27cBe04a761d375Df8252f7AbB8F925Fe,1
0xF2E7387DB401513F306472db514ccA4e80AD0AD5,1
0x4bda40154726278A2E788d05938064083AC981D8,1
0x9C9575Bea7F25a3eCBAa962d1aafCFab1166c7B2,1
0x3718E5306c755Cfefc564F841E4294f8B3C056C1,1
0xaf86C1fAB6824b5D2735B43D3cE5bD76193327C2,1
0x668060e22ec7ad63909d0c7be0c3f5f05e7fb8a4,1
0x6729315700366F95991bC898c8718CD01c4219D2,1
0x918C48fa592CBa9D21B148E75e65948ce3a7F1A1,1
0x0C0ac41491968267f952eb7dFf803600d814d9E6,1
0xA194557E55254e6251986982E63A0C813ed18758,1
0x5e9d0dC472bC30B25D8266cc22DbB5C6472a9Fb2,1
0xcf9b5cb8AeC81d8aEab6CF4e62DE238E6a7f82d7,1
0x21f6736e4c6589b43266c2f89be754a37213aadd,1
0x333c87a1310E94ED6969Dc189367B7728cd930fE,1
0xA4Adc8AbE09cf3c06f353576c2E9886eef815ebE,1
0xe4eb1cbd1dc7fe36bdfbbdd0ce36de01352d7975,1
0x0256463a7741f12ebf9fce6230eb079913975157,1
0x830ADcDfC2006e9828c31fd176379b387B1E33fd,1
0xB08C12E0f482157e835fB85f0F46e27D45Fc8E23,1
0x702c515765277afd58912de4b796e4d3c4151aec,1
0xa20d4bd18bd1e46AF762FF1F9Bf485c76859AC22,1
0xc92D9A266e58363c809326333DbA986edA1406a3,1
0x7273E4517F15D2cEcA9bADd8669B2D6D0E187609,1
0xa608Dda26C05B9daBF4A44594aC9401414761ef6,1
0x709F86198b6FA1966fbAE5AAd4423fC50E626a39,1
0x07B984628a1D1b30D6e45cF565F211f80E2143f9,1
0x34d95a25b2215d3ee7e6d695e7eb6aafa37c1cc2,1
0x16Dcc6829F72fba29aea899f58E5Bd8971303F03,1
0x7a81ab6Cb6F322387126FBBbdDFD55EfAfCC003e,1
0x775101E5c159C8CF1FDFdd3fc473982A7ED713d0,1
0x6fe1629250bA10C3fCaDEdd4b6E778D2A774d64f,1
0x77c223f8FfCDa453919A7E56E8e143fa457215c8,1
0x5d319D775E11a90028b3218b0329915f1B233cf9,1
0xB5a30239d0D97c20E859e4D4ac351c5Aba495243,1
0x0528Bb04257729f633Cfe065D16686EB538c437c,1
0x0b01c6896eD9C8c0eD3F8e10F362b7a025C81B3F,1
0x4ea36CBD391915ADEe4f7e039402dD4127D440C2,1
0x3bbb6360efc9D2bFB1F4904C8d981fF9f6a27a4C,1
0x3CbfAF5E7c4EC8ce200d976Cc1aD948eC4aE90aE,1
0xC79952A9CA9AE618Fde09aEDB55e0380c1c0c993,1
0xf6065731e2fF43F1c589Bd0Aa6Cc970e256afCe3,1
0x9802eE252B56A24C1de670E606D1591737C3e411,1
0x280ca0eFAF9D88aB7e664B8a8927B209C5DeEF7b,1
0x645c99768464C859EEfb63C3a0b984409Db5284D,1
0xb0e437D4634fB99aA15Edd27a901C2b0dF57b18a,1
0xEa751437ced38098F0358B4324aaAfE1A99E7189,1
0x05001116B75658E96B9239EF9b11ED4C1Be5b59A,1
0xED5C33D49Dda72DBa0E45F3199b5ce039a1b3Bff,1
0x8bA91507B5CbAFb0048f771c200D5e7a2d553BC8,1
0x991B7Bf918744D3695E0AcfE0E833a2ec3274a0F,1
0x242a1F9bB7348936170B7125F2286f107E4C0729,1
0xf8B3f7526fb2F6467b4C1c1F7EbaC4977E181cc4,1
0xac41f92DD958f3D16d26Aa04DB90915520fECa0d,1
0x60aE9eF8644AEb20f007C95E95Fdd3D52e6CB946,1
0x925FA66A206D7525CC34628A239C756a8A6633c0,1
0x5d441B8ffFE538e1d0823E8A6d604bcd2e34f3ec,1
0xf73d65755501b4aF337952B2B2DCE1b0a7605aaB,1
0xa55e0c95D5cCD7eAEdc6de1e58A88D57678ebC1d,1
0xFfbEB11fb9B1ee3116d56bc27604DB4acE07E6cE,1
0x49731DB76C0D3559Cb565bDD46bD8FfCFc0Af000,1
0x34EEaB4837A5870762C8D1D985b4c01F75a87aab,1
0xa35F29893418C61AB675557ee5228E5225e78BA4,1
0x2741797CD797a1FE235F6cA68AcD82303DC65255,1
0xEC0c57227117b93a85E0764530CfFCe30856E5EA,1
0xb2CAEdF46709eBc6bd4DC2efA6F24cE99D778FC2,1
0xfef1a24044f0624A510DDb496C6afF9B04df5288,1
0xA9D2e147f9767CC0cEa0F4a7deBeB79ea1480b52,1
0x82244790F5Eab781B9DC30E54450cA089fE84211,1
0x8B6A828cA81536254d3515D848899D2c1a95593b,1
0x3290C26B1BA62641f6c9f2015E794384eaCD9E55,1
0xEDB15fCCd5D806114F66E22157b34b5528200E80,1
0x4C007fd1Ec2735b9236e9c26B8ad7B19b041dB1D,1
0xa474F6413B2251cD6B5D38D6FFabDe65D26FCD7f,1
0xda614BFD3B182C1822330cA670A0B25CAfd089D4,1
0x425f8e399D7fFD07bd844144b14801eA12485eA9,1
0x26BDc68c07EF21A79b3CBC9132e3b017c09f8A93,1
0xdf3a598630EDc8fF7f53E8F707e7a6a2A176F991,1
0x49C6F8cF82Ce2c4fb7E412ddD3a733FA7f41DD13,1
0x91408C35dA8Dc45A70c82216F3Ff660FD32b5119,1
0x887D5f569699a0AAce44F72e009249B955cfb9b6,1
0xcdcc2f3bf22eb3406315f610acbce0c7afdb8916,1
0x0a7262f26063bd42CeDcC4C7beDf934BF881Dd83,1
0x18527283f715e8d3e3116f45932b4a7621b69832,1
0x94d36475a471B0154EAAD104Eb3442b1B6CC76Fc,1
0xF696F97E6d9daFa3E7a5744aDe2eB028055C8c68,1
0x7Cf54Af1d39Ed2261419BCb1FD6AdbceC2B3b933,1 
0x72EaBd6c7d1285b03C9E365BBc26A636ee83Ef13,1
0xa37D180Deec68361194aba5400aC3A99B77AdB73,1
0x29B3BeB39cC9cd768b6Ab0Fe10DB92C248811dFE,1
0x9cE6FA93d8F604bF47Ff34dB3E61288ff57EA439,1
0x532b7b0B8DcCCa7464A48548cFf76557d8aBe4F2,1
0x942ECBb0B6CDd0E221D03751fdfDbCfa346Ee933,1
0x4DAA3261e3c4A5735A88e0a24a6224656b45edDb,1
0x96a4B3FA8B0212d9BC5F306945EdE00F7aE6062D,1
0x60C82f1629C990E0f843C3D137E5115a97Dc7865,1
0x69010fdA2F47e0Ea19f993F16c4998C83B3D0d88,1
0xB5e3b51bA0Cd44213b18b91Fd72E6C2330e49779,1
0x5caF8BCaDd5401a3875124D2F2c0e1886C1C027a,1
0x5C1269Eae2CB4Ac3d86d262dF3Dbc7F7431B203f,1
0xC184D2c0B2dFbeD1432a11054e451F1a469c5897,1
0xf88537F210222b1e79e94b4bE945Fe609947b402,1
0xD4C7a8356E700c094754D049F40a9151f123B982,1
0x2fed5e350EAE5B7ee63095682Be85c04B60822F7,1
0x29052611E8C04AdDA1DC0F8B8E6F77f36732Fb92,1
0x7d103bd582265a6d422F9Ce65AFceB2B74E2cc8c,1
0xe1f56fa5Ff527C02D6550Bde7399B419d4bEb27F,1
0xD791Db3A0cbc352221A09CDF26686C90bbb3a148,1
0x145D2eCDeBec62f959Da011726E5CB66F7cAA618,1
0xab58a0bCfAdBc5856de7cdd1f1e96b43d1dE71f2,1
0xF80E9353142Bd9f2f8457792BA1F8D274BAa242A,1
0xd9Dec6066d3C333c80621B95FE5658A04519b44d,1
0x9802eE252B56A24C1de670E606D1591737C3e411,1
0x305391e40d80B7A31Aec3d7A801c9266f0739D25,1
0x80Bd7beFfF3CA393Ab369125a4f7702E5B133242,1
0x714B7D73dD5171BcbA026FF7324945E0dDe1f09A,1
0x5f652Bad37E4f1417aA54C0bbB9028b6EF3f65dF,1
0xadC648450EaEe58a41bC82d86874A93bd731b2EF,1
0x24F6cbA85893195Dc8456D325802C94Ed952E93B,1
0x50a562cb0fF02b1e1ECe847D25e211CDAD8B1Fa2,1
0x70CDd03D55eCDb73A379A8b8CD508a78Bcd65464,1
0x9c906948F12857183B3bE5765930105915CDb8bd,1
0x9497f9678bEcF1240F6d22203d7637b71913f74D,1
0x0a7262f26063bd42CeDcC4C7beDf934BF881Dd83,1
0xc63256dFc31D623d9d5c7F81678a5Aabb0d41883,1
0x3eFbFEA3E9Ec92A206ab1AFc653B5A369a509E6C,1
0x9b930e250F54df7C7f4DD5DB82487a7Ad1A08972,1
0x3347F87c12c3d5d7b78bF2FD3A72176782d5d8eE,1
0xf6DD849a1C72E4FBd9c8c1d06de5660C0aF3e67E,1
0xAbd6B0EA5eb41d4E5780e56F4bE7d1aFe284Bcc7,1
0xcC3eD322F84aa52b4295Abfa8604332AE073e8aA,1
0x398022Bb297e60DF112d15698266573f9CAC4684,1
0x90E672fef24dD4278103030f627e7cf5Bd24C9e7,1
0xDbd01b3E4b7c2ae2b9179B99D764d4dEC11ed5B2,1
0x9C63740eD80E8386C93f5c2Ad9f3D6A3D9bb3b12,1
0x9e1289a3b373c201D029BEe6A6bc2B494fcC15BB,1
0x8dc2596FF09890675441509989d1906F793E510b,1
0x4c511405960E328CC724ACfF6AE5C2d9CA9f7bD5,1
0x95D9E25922C1208D932D765d807D2bC90b2BA403,1
0x1641652A26B6193CCD9F77c1b485D97cC2781B61,1
0xc97B6733e0d0935dbE7e566b19bD1ca8A928A9eF,1
0x7064d198b187C97dd5EaA856a8511F80A972FdA0,1
0x4cad692a3465626341eb4e270b4f9F4A16ad7b31,1
0xEA00e7FA5949564b4f2BBB251C666E0B8d63570d,1
0x7cE3F126aFaF53fE64aa0f88cc8e75Dc91ba28Bf,1
0xCef99194a5539522033fa6002f446832433feEF3,1
0x04CfD83A4858a9B974FF7CEEA9f8d8a9Cdb4adFA,1
0xB2a1b7f096bf5e1AB8612928919deCf90E165f2c,1
0x2318ce08D5517df6993Ef52dD35a2Ad177aF990E,1
0x05aa9bc963341981c75a954c044d05e7ccbf2e48,1
0x7a118ce4d8933b0747848f4ea4cedcaed0c9dddc,1
0xdbfa0e2fc74f0de93a70a93d0b0f90b634c3a625,1
0xed0ed492442c3115d0886af51affbda129b5aac9,1
0x6f4A70A392a3Dcb69c729374DC6366c7397Cacc8,1
0x2D15b15b1F8A9e53f4fA723d3140a2D67E3C376e,1
0xb0E3B86842841636a2d37a3d764C3C2a217ff142,1
0x0dAbab2841F659Ba0270Cf3392Da3c0495744ed3,1
0x680a18791CB24953206E7b84996062A9051CD550,1
0x917Be08Dcc988043aFdCA1c48477aac51055B01b,1
0xC9D15F4E6f1b37CbF0E8068Ff84B5282edEF9707,1
0x68a37b3b99b6a5E8e997BAD2D362DcCa2d64A427,1
0x67C77C910084237a12c3378A68D164Ec5917D6d1,1
0xc4735b87dFb6c7cC3651677651E4bF139B27Cc59,1
0x2be7ddC4A5563576aCe1F2Fc9EB4b071B0469192,1
0x484a8D073545CCB8efe711166b8b7A4faC46c3f1,1
0xCB4ab891742737A7CF4Aeb28913ea4aC98C0b700,1
0x13c2a9bD09858Dc078f66934Fb85dC96bE4bd668,1
0x6E3F91167208EB94C5092575cef436D8358C767b,1
0x9D911eD974FE8e28233A8e39e199b016b47625fe,1
0x5014FA8A46A418038bfe302791c00819Ace04Cd6,1
0x2880e457A71895396C53F273F8CBbbC5255B2e12,1
0x64e7462846ECf2E1577F899cc34B76fED6425960,1
0xD43eb3e2A19a274131F73Cf5FA139cBB3cD37e06,1
0x60fBc829A7E312AD1A953b3dfD48c7cCC8DEc015,1
0x09bd800c88c1b779c00c8c3044aab4fc306f7d91,1
0x7c624c4111d63564db0d74704917419a227a9310,1
0x3008bAE901C8608560314eC3Dab8f472f49428E2,1
0x9b22b5c2047320ebc9b76b6e8229f8dc1d06109a,1
0x19dfd5b0a82465E24dCA296BFb538307fA21C811,1
0xefec2e8a425fd604fa7fb0a514a6e80876f2a1df,1
0x3f201382f473ea39c3d0e06536215366a01a17cc,1
0x0f8523906b2758b70697c900639575e69caa41cf,1
0xad465ee7a12f267f5e0806383d698691dc7a59cd,1
0x3381d9ec51b3e7cf7dc99a13593f389affea92ef,1
0x90036e708Ad317964a41b0FF0347c0eb26DEccAf,1
0xb51fce1fd631b96814a6dffd6f19131d4a41ddf8,1
0x5bb6c81215e6120679533d7afaf7957536335e66,1
0x3Bbfae29874b4C2A5b56fB1996bA385A1296491b,1
0xeBA30865C3B6F79f9087DC35531de5CF462e375f,1 
0x67C720C52AB6125221dbec0DFe069d2E56cE681B,1
0xF8AC1dB7f645c44662d20E7f559D058ABa0BE80F,1
0xd731a3952028536f7f14a765d05898aef0f8bb91,1
0x7692af5cb4fc209f03c34a6ff235fd9f0ef8f828,1
0xaca9B2113Fd3B7a3A8c38EE48b62668cfCe735b5,1
0x582a3b5b0591ee5392a91dae03509a0b72f8d86b,1
0x2e4783dbb64b44d9edc046c76ea640d162085609,1
0xb4ee2ced13a109d218e0cb1667c6e5120c5bc465,1
0xbb08c025beba8fd429b0525bcc62c15f6dd2328a,1
0x33d4f601f4368c214210bacb890d51138323d43d,1
0x004881e73b1358a6838930115dd326ec8f0f4c32,1
0x398314166ea818553e0085619cc78728FEa545d1,1
0x1e2298ea5f1481e6a97c309d7252f5f7d601e86a,1
0xfb02da86d7ab530a7d90e0d1d32a18ab9b661609,1
0x5b5fe53b6c65b82e8501659d8e8f55b5616c0a81,1
0x6808ae2c4dd7e734847c2c16b97f11dd9978abfb,1
0xa82339369c0e6cf2d6758dc4e0a8484ea657f6cc,1
0xf9526cd119cfd2d8af3a8bfa7d06745c54c57455,1
0x7c9e3c0ee63246f90f29e503081fd3076bff8bea,1
0x256d2b99b0d6bb3c22eef0e533cbee9b22e4325f,1
0xfe664cb22fcd217abce33a66646ac431357df8d8,1
0x890f8e732dea684fb4b9de392ab2cfa64204413d,1
0xd7b3ca1dbd864302a286ee5a1c8651a23e5f37c1,1
0x36e45d3DFb55cb482Abfb248B6bEa56983D36b46,1
0xBCAF984c53B70204560a4bD8cFA48C5d719f30c3,1
0xB2Ea2e3f29C056ad2774e922824F663AaDE04084,1
0x9ab8bc6073bd91a34c2b2861344a46b15d447eb0,1
0x1AE55c0005758d43fB804F297921434Bb0D41545,1
0x7569B093d2D134b160eBeC59B01DEed94e36b15C,1
0xceb69859b6cfef2ef697f211d6c45f96a4fff287,1
0x9C6884EF9951Be3693294fC72cd056d9B78f72D3,1
0x7e30620edaf5263C855936f6f4651C00A85cde63,1
0xbF9C98E04AAf4D52aa6d2C8fC9Ea2e27faf9246C,1
0xA3a16cc35eAC85d2D5623D73959ca3757089Fb57,1
0x4287FCe85B1710F6186D2941259b3f1A1150B322,1
0x59e63eA2e3D834423DA14B242276883cF77512f9,1
0x2bD76EB4883bE5CC4EF9d59a46B45557cCcBd726,1
0xe0a60bFd188594505e66005bC1e16E94CfDD5e4C,1
0x56589a01e8c8df73d7acbaa66a446fc0b8d1e8dd,1
0x57fe2Fe9E7D639d7bf859E0bc10a60731d57DB92,1
0x3d4c303dd51e565d98673b79c3f72884a1e0cbf7,1
0x9C6884EF9951Be3693294fC72cd056d9B78f72D3,1
0x56589a01e8c8df73d7acbaa66a446fc0b8d1e8dd,1
0x912CB2758C6A149e598b2863819349495AEfD474,1
0x67CE1F25c9d12675346CB7F7d671B078d6441747,1
0x04453c4a56c9eaddf4141fb64365cc69c2438fc4,1
0x777c6e6ea563810e80e93b1a9c997e1d69abb749,1
0xad188f0d79a5a1ff9c2bf506a20494cd04976545,1
0x96d07052b26bdeff820c0fa2065e00db32b79b17,1
0xfe40a1e27a85c32a296dc2f7619c4e085fbf827d,1
0x7aa7601e95d40124e59e9e5c2430ebfe1eed74b2,1
0x4c73b8ceb63779d7c812a93265cc1f38965d8f24,1
0x70a25939f7c724b2cb8502c1128da0af372feac3,1
0xd867f024348958afa4394e4faac623aac7a978d5,1
0x39713511613d8399776d35b55dd60303f9c55553,1
0x24f194f9c8c182e3547baa225e38789501f6fcf9,1
0x038b99d435595a815196ece05f6a5191ab4dc115,1
0x7acd9fc765ef2970a181ccaafe05433ff085e4b9,1
0x78a99954a7becdb4bb301f6992258a1aae3b1b74,1
0x759e1ce0c4Ab778E6B0c77c45389CA0af00F1487,1
0x9e961963791b277e0D341B5315C18fc9d3050fF9,1
0x2b3fa068d57672f7a53bb5dc6f9819c98d171b30,1
0x9e7EcC111fBa21E1fbB1CD46AAE0A62B4e6427C0,1
0x85495cc16306430Fe978C9EdD298c762aCBA3d28,1
0xAca4C72BA8Cf1864ECF37f215F3C9847Bd0Fb756,1
0xAEf7459Ec0f86332dABd676AbB8BA8184e511D16,1
0xFAe01c7167347E31eD7BFe179052cf38C07fD528,1
0x0e915005d7C03A85685ABD84Ae1889983D43539D,1
0xb7eB664836b37d5E928092c7DdD555AE7D2535d5,1
0x1942b529eE05257e5D7630Ec463752fC6d4C1a7E,1
0x4e71A7108A118DAb1fD16C45a8D06347d3c1385D,1
0x11AF1dAf661d2fb64adde9EE3c554b486eF6bc09,1
0xf758FD6452578A26a4F6C122b625dC8D9ef0EDcd,1
0xD635b02F5784b020eaA275093eE042CfD6feF640,1
0x38d942810ADAb11EDc349288582f5b2B866b07E5,1
0xd53f5a4f9D30F98Ad81211b6F6a8eFbd00AfA5f9,1
0xe1f56fa5Ff527C02D6550Bde7399B419d4bEb27F,1
0x6E39FA212FB964Ac2387BE7Fe9B32D942dF004Da,1
0x87da09B1D09060f47d4a86f1604Bd9c1f0a67928,1
0x2Dc19da33c713152b5482F145025013996ec1119,1
0x1Aa0E554351bBBAB0991cDFd725658221cFf291d,1
0xb4a571c76793A117b779aDA555cd8c9C846d117D,1
0x4485F851dA7f5e960E0A7f1117A42757C8Ac7573,1
0x404674cE71306a152ec28fB3F6A1D9Be710361a9,1
0x0b770f824197b38EE41653B4dA09b7928C02DD77,1
0x714B7D73dD5171BcbA026FF7324945E0dDe1f09A,1
0x2d409beE19504F59a86642e3407FF7F3F5D315A8,1
0x2Fc73Fa85B2e4EbbF808Aee9233D18D1C636A2Ac,1
0x400991Aa1A342C4D8920DcDCeA1EE0e9353350fD,1
0x88B4f1605AaDFe7b1aDB4b5Ab81149808f4d1B64,1
0x728638672eA82fDD67D272261a1552Bbca9Dfa70,1
0x99728901a18Bf1244eddbD26737315f4732028B8,1
0x3c829485cbC7B154F6f39141734167de965B0665,1
0xdD0c3e0E200020817E68205F9AEEA2CE47626cB1,1
0xb751B1b5dbcc31B70373062b7Af8805eD9454cBC,1
0x6ff6AF2AEd4DB0264E578aad1740331d3A7C2B14,1
0x7D78e9e03D7409D13971b4AdDF3Ee7CA3f1520C4,1
0xD2A5Ab6D3faC75EeCA94dE73948E5Fc376B269A5,1
0xb41c2163e25a40f00dab213716c7a0354d49d617,1
0x92C2eC339f74EdbafeA90E4edAfd601B00B9aeCb,1
0x3483Ae77BeEbb17691dA10a0F9DaBcE9311Fd5ef,1
0x371E9C2015CeD79F0cADC6fa100FeF3d9CF7cfC1,1
0x45bd322c20035347f76ce95cb6534a71108ee54b,1
0x6B4031052Cb94Bf869193315f346fe901a6038db,1
0xA4476daB31d1d163F114a290613cdA1cC1284448,1
0xDa2780fc22c270c547F79B33fa99D489e50b7E80,1
0xce89C4146325A56038d03f4E2E0115375f665a73,1
0xE15C7ED5f08f90711Bb7963432672885979B8134,1
0xe386121Be40aFa18fd55013168C19c3366c83a00,1
0xCcb19B781F909597332c84514Ee9A93663c8f76b,1
0x551791BcA7aD39B62f2e2DA6ca31C178E0C0647B,1
0x12feD3915b986a0045057681833b8393985C45B3,1
0x391018a054c9c55D534a153Be308711AC4b6C116,1
0x336B6AD80A5615b4AFD5f01aa630ec24A3100a71,1
0x898e4a1fCFD2C747321BFf89bb84F696a4a92A6E,1
0xEEe271ED69CF628Cb1B457bB2fa52107b8DC1636,1
0x46193720321AC928a7b62157d97091A4381f0fa1,1
0x75cE876487f37c569aAedB5600bf4B7ae016d1B4,1
0x26aE2adb802715A60aDb68477A999EB8D701F812,1
0x8B492ca4E64243aFE2792BD9771870FB513A5b86,1
0x308D826A4F1DefE825a9A18d25a3e3353AD84497,1
0x3c3DaF0dA010A89D0c4544445d6baAcf15D8B132,1
0xae181C9b17407765cC9884ea4E8bde474d4ee674,1
0xEc3aA922a523b20be9C83A8EA4A4571F366b5130,1
0x50a562cb0fF02b1e1ECe847D25e211CDAD8B1Fa2,1
0x8a9f6F604B71D422a48aae65690973849a4b8fe7,1
0x0bC2A165885903192917Eed63E80c03eD588800a,1
0xcD204651Ea1977722D66dE58984774b39ae5c95E,1
0x4e71A7108A118DAb1fD16C45a8D06347d3c1385D,1
0x7860c8F083E9458e5D4c49FdAB5761F8D4637f5F,1
0x53D18bD145c985e85249C1326ADC35aCb876af2C,1
0x13337d0c2a0bcF6AB82723072EBed3E3937a6f48,1
0xFE8FAD4D181C2121a674aBAE91c4d81CD2152C6f,1
0x9d149f4EA6Fb32F3Bd53ce1cF250a8f2238E23A1,1
0x5916620dD1f625e300bbcE7026F3a62e25A9A1F6,1
0xe5f4de9B8164ef6fcA5fe9b59782D69494D15b4F,1
0x28981EDeF8EF8AA31ff5bb226308a4C35c6a504b,1
0x6fF42D47d8219b7C9a2E351140E131E914051939,1
0x01F461b5419f8b787A9f048409504aB9239FeE95,1
0x41d8B73af1A5697736422C0c956c112917E5F9A7,1
0xE189f246bdEe04eA83F81115E88cBE1B81d35370,1
0x9fbCBDD8c5266A70190EE5994902c5f0535E0891,1
0xE4E82f28f67c509aF82c1D16E970048CdA37EF7A,1
0x53a2F682B8450FDD3b6b10B36B8918B415c6b499,1
0xEa751437ced38098F0358B4324aaAfE1A99E7189,1
0x4dBD7c35c308DD31F9d29B341c16e6828C115164,1
0x91776075e7e71aa879647211ca7be2d766295084,1
0x7F3F2f1388Cf5E88ff9732dc76A2422e33850328,1
0x2cDb498FE6047206dd813b74b1F6D8038e572988,1
0x043c378DDB5Cf6dE51e5ef05dBF51bd57f48F1d3,1
0x834A5Bd03A38fCD7ab2E26d5D2111aB745a2Eb7a,1
0x65abeC2B7e72Ce38adEe6cdF2a3f0BE801199B49,1
0x2a51803E335EcE4023B782d83c8c774c140b4352,1
0x58384c8dd9902B3420d79078d7e0f4307B0fbB6B,1
0x70465c75182171805Ef81F17727a6CD62128B232,1
0x44443c838805A5f4394AC37b27884446c462d783,1
0xC818e3D47C06cd379cceED04E524961Cc5d6fBec,1
0x384e14fdFab822F8DcF9EC37eBE60bB98a123e8f,1
0x17149d73b8704cf7FC5116C7B7A0285fbBd5DE2B,1
0xfd317Dfc4Ff0D46A9c11D7B635B2B0113D31Fe95,1
0xc5dAbE8f2Aec494bB16083048Ba1D3Ac04c4E89b,1
0xEE12357e4363543581e8B44cFcb3b65Cd5122028,1
0x561A85F1675A2FCbd90e7f5231f4acD9467985F7,1
0x6Db781C417DC4b1d7e7c0727fb37774e46151dC4,1
0x5540924ad380586a12902Fc2691958CA3aCDA6F9,1
0xf78a7df4dD92F0a31D9845741AF4f137a4767dE6,1
0xf25eC59463525421ce0a627D76ccf62c22058A80,1
0xA4024ba5be3Fc2382B6f060D63F8DD422E059360,1
0x1504548902f7B8C2E286618729922C784d9Bb766,1                         
0x7983F4eaF629Ae2697f7702883bE8A6fDfF28D74,1
0xd00012BF1Dd21f395d71351fDA8B985176565b56,1
0x5ab06d3FD5a76b11D25D8413ba7d26C260443cE7,1
0x71E130E5FfC255bf71657573D30B936B324be0B8,1
0x13e25Bf6aE304b671d1Ff541Ac4331941bc149a6,1
0xE18Bf0d9bC0Af25e86345706A7d8F17fD1904b51,1
0xcC315f99A55c500344292c0427936DCe57557027,1
0xF8351B387109f8549F1ebd10e8c623acCa89Ce83,1
0x7CfdE7d687e0A348c63d3e8180476AdE0C8B9dB3,1
0xa9479107bF61731442E164253cbC320817359307,1                        
0x1EE3b742517AE3eEBf5C1eE7f8A0124907Faf62f,1
0x7a9730f32a5320e771D1801bA87d7976CEc3810A,1
0x4D2610FB8D2E4a2168f55361Df36d4010267136f,1
0xa523260e8497f24cb9aadC2A3bc8CD32224c36D3,1
0x8037ced82279C47752b211cd0f0FC279C6E9E754,1
0x4EDC077149cB7010D565B66B4535CA89F28b1881,1
0x8608Ff9063B6e8ABDE35498CfE9a9f2F45806e27,1
0xa09b19760aF1242d108a4a300DD70ED9eA962c44,1
0xf0Ce5540669ee324D16B8546124a8009E29397aA,1
0x05760Ba7FE3290A602E1672B61fBf54F15756f80,1                 
0x479Bf1838c1e9e01dd8d3c03Ceb414463bbEEe02,1
0x81EE7C1667f8C9343a8a143fEE38fb1A58c33375,1
0xD6cddb9B14506A3Ab305a6F358C186D9a05161A7,1
0x0000621BD0b26DA22a66037409615f5B3919D4cE,1
0xd81D1C944C20ed6fCa322e34C21C568A383aA757,1
0x2cf76670e6F4cEdD502848C99D84E8863F598df5,1
0xAfb2728022E40771F00436b0c7F76a2574b80366,1
0xbF8E82085994e68041bd15963f0D19e85D794A67,1
0xE00f5bA69D0dEb7fDcaF858D421426050d052450,1
0x7eC25ccFbf604383967e5529D52f01971f1003fC,1
0xEc20B949e2f99Fa95a5DCbaE083278e75be579aa,1
0x2053981AE9E3c06571f130817B3eBc5b68BA4C90,1
0x5C85F19049a3e0140027cb58fCC5b3777b6ec525,1
0xA0B916716C37F0Fa84CfB44361A2aE29DaeE4754,1
0x5B0FaD97283148Bf6D3850448270E8dBaE84FB7E,1
0x76Be6c9D15f65522533e48623Cc20C24eaFa36Bf,1
0x31370aBdD5a28e479d55f97f22a6384CAfa84ebA,1
0x6CfBe79897FDCCb5023DAFF2D66231692065dB47,1
0x23fB7137ACf373D1ea22c1afb78D8C6f8A6D57af,1
0x18cfFc4326eca9FeB6eAb1314ACf42ec40868Fb0,1
0x9fA6428fa92287a4BF1Cfd4649ae8616B60824FC,1
0x4f07185ab254B8B526294290700017D3740a2931,1
0xA050dB47160Cd522D8C72066eE9C162cB4d49cAc,1
0xD7b586Ebd1aAF06aF2eB8c150f1E4DE1D51eA2f8,1
0x6B0052f9aC66e2B68978Fbc7274Fb71d9E798712,1
0x5Edc64c28DDD7f1619053333ae980C8A316f85Bd,1
0x4caE50c6C2909bCad6BCF0939Bc6fe63aEb02ec5,1
0xB772788d60459B2575e1DA06fB6ce8FeFbc6E0f2,1
0x3B206B88b8c2E68e6BDEFcF5dD6B17a9c2C5f779,1
0x0a9EA27f444F5bD3E7221758a28a9529c4dA1FFd,1
0xcacB2bEd1259f8e3853b89bB4d407B6C3ffaAa69,1
0x8E7aE46B711dd29187cf8cA8489315f9c316410f,1
0xE17cC1380aFFC9880CDbAf190D86dA2D8BeAaf7B,1
0xe22715BeE02DB2632aAcE5CF13620CC3c40724C9,1
0xF1e85bF38acf23E38d653539f5B377a25Db59ED4,1
0x779f8ad1724adb4c239d3e112a7d336e8452262b,1
0x8079dbeBe1b3D7c3Db20aA0F1DaD043635578aFe,1
0x3A3d03F3d3F0799CFB83Ca8E68523A89dFaF1d73,1
0x89D5b82DE65fB7101Fb93BA21f4d91a81C76D4e9,1
0x63252Ab3720007035dB7E73Bf2E7258DC447F0Be,1
0x996874300A2c2F123dEb9e0c5C9Ff5Df753714bA,1
0xED675c714F1a9f5Cc36271370879cd7CEc89Af88,1
0x67Bbf5d937071BBA462b1cb526e28B9533004b46,1
0x9d6bB2e17b589377CB16ba7ad3De222850CAc264,1
0x2Fc73Fa85B2e4EbbF808Aee9233D18D1C636A2Ac,1
0x1843fE7cAE29d96C9F7F4166a83F86b70E1347E6,1
0xa5aeA8Ce75B0e1d24E43Ec1Ad17Db03d2F373C69,1
0xe7632B91bc43701ea05A0E602ce84d31A97145E0,1
0x8EDA969fd6519cE0dE0A63CC325e5B1005C3b772,1
0xfA69FC2bDFF6E9c87bD4fD72Dd6ec01db18ef9a2,1
0xE067136a5C615B11ebc16888c085563fb6aFb9f4,1
0x89e496b88E241831f750AaA8a111e03D6d36dB04,1
0xaC3870844E4A9a6be22c5d72A899d29959aBdef4,1
0xF32E1cFc6F012F9104C50ca3F6fA552F5641f798,1
0x1014528998B8D6c865632F73ceb0DE149Ef811a3,1
0x99F4e8D92DE5a42261B69f56C84f357E0F92e342,1
0x4dEBC127070fC8E55a7f684dD765B1a41d4a5f1a,1
0xad6E30463d5C95E31e2eb2BFb0Dd2317D7a2CF26,1
0x5f652Bad37E4f1417aA54C0bbB9028b6EF3f65dF,1
0x5EBC2Ef73Ee4Ec0CaF019aB1848C0F6F41806d90,1
0x892f7f6bc8aed2a04b539b7c997a83be2e0223d7,1
0x2219a20Ab5D75cC7705F5E08348691Da257b785e,1
0x57825aefC6231b3d9ae7CF2b4773d5E841084645,1
0xEc2B07E1e0a129Ab38b38E70B96e05e742635E55,1
0x4aFd23165a8F212971eC3e9435F7c208b8268103,1
0x00a16E4906B9b9946620aBd53D0B4B2118C0D9EE,1
0xEb69f7F36caf8D4D29686B2fc9B20D23B854f011,1
0x1684cD5F7Bb6F483F66a5CaE879bc545Ff2878b2,1
0xe09ee15f0b076fe6c2c67ff8ae133e1590a60f2c,1
0xdc3bd39f6dac600fc4d65636851b5927464e4e17,1
0x0318c3080fd8f13d68cd7eb14bea6843a7c9e88b,1
0xf026e5994ecf8f97e3516de2a76ae06e7dab93a5,1
0x8d0b6f73e07a9b2acedd81acb3de2f86cf97b5f8,1
0xd436ac5eed275a9e5bbccb1509249787b8b73faa,1
0x35C4fcc1d8041e90dEf2b5ab8D0559E5fd673F61,1
0xf85d61d1BC458D6eaA7d3a6C947E56542b2BA278,1
0x48E255577E25151ce166a2E24D6b4630D07FeBDa,1
0xf83052990fcd56ef68fa1bd2f9974eb81c118121,1
0xb1e40939d70829c4ad4c5d65e5437046dc3b6aa9,1
0x8C524909ad1B511677f406e773c2f6F4fA11Ba95,1
0x73bae7df2fe941059bdd2403d77b2189eb0dd195,1
0xB29b9f61442D011F6B0a02F29Dd6c6F473E8b35b,1
0x61f83345C35a3Cd60d418768b06e749b9B3cA907,1
0x594c84c13a459fbeb6cb22ed09aca7ca7fc3e5c8,1
0x4b6Fb14cC06F547E1fcAd782A9e4b25C52ae3b8F,1
0x61275ee3fc21b64119ca76408c511448a0d6c392,1
0x5a9cB47b9FCBAd7a3b811B079976Ca308833191B,1
0xB708E513204915dbf876F2B5d452c677BDea5147,1
0xC64AD7f988Dd0EB4BCC154Ee02A103FcEd67E041,1
0x07C4D59D70b00E06e55E771ae8F31C917Ca37E63,1
0x3344bc6bc06D1a631cDf627c885033612Dd532B8,1
0x17F1aa22FdFf5B716D0F639F759d7C435481f137,1
0x738b9086b90304D9cF9c9677495b82057D779cCa,1
0xEcAeed3d6Bc6bb8aAAa5C8772f62c2AA4F0b4cC5,1
0x23fE1DdA45A586e472F14e6DEB34133424cCe209,1
0x7A2406b444c48174FC4624E5d87fEd5289938ed8,1
0xC9b0b9f9a576183b5a368ba241Bf2Ae57fe041F8,1
0xf6F78237f48B541656e7c6312253F4743188861F,1
0x4d69F8393D6D1bA7f52b385e8f14C8feDADd3f52,1
0x541eDE3De3DE2c6f374475aB5C750771eb3454B6,1
0x286830bd90be263d4a27833137a99ab9adb5f995,1
0x86DD4FF679c16B7bc0198a5Cb0611f15F1c30eFc,1
0x586a4Ddc63C8b4235b734922Fc3Ec409766E6880,1
0xa63b833c4bb36bf5e9d1c981fb17a4ff37dd68f3,1
0xeB17b18D1C1503E6F090fc15C2318903d0A906f2,1
0x192a8d276277aa5f2bc861e51ceb0e4943a58bff,1
0x94f6A9982e8B25D23F0cC17FA93caFFE6D3afDCB,1
0x5B136c570057B8A24FbBfe4B9988e9F84a1df4c9,1
0x5E099087B5E1Fd5905742F39AFB5b398F082db85,1
0x611cD76e648158182F2961de805b72bA1d250CD9,1
0x63D7b630642a6337C04dec88A638EDbAD5FE7002,1
0x5911f2aaFb565Dfa1bcBcC02A42B0759b6BdF78B,1
0xc4735b87dFb6c7cC3651677651E4bF139B27Cc59,1
0x330088cC40d2099e834674EaC709090b48111803,1
0xa63b833c4bb36bf5e9d1c981fb17a4ff37dd68f3,1
0x7F12698Edb37F3647ece93B99Db0a0e95282f837,1
0x392D239ca864EA36F086196DD09D930EE3FC03ee,1
0x13c2a9bD09858Dc078f66934Fb85dC96bE4bd668,1
0x8651c59940e8F35373e52eF1c14363659817E404,1
0x33eea824159f933B45517495217b1057ADd9E256,1
0x053DbDCC6CC686F3EFeD62d3B729d05fd3aF4B5d,1
0x7f9d9715FC2e460c5895f99824A4AeCe18012953,1
0x9986300b458bda334d75e6335bf008d0bd093d81,1
0x70706423a8adEc28b11077ea508AaFd7D8c1b0a5,1
0x980f5b2Ba5B116B8cD4810320732435c034c0d2e,1
0xe05B1076d3249707c5a6E917ccF46fc4Fc746eE3,1
0x4f1D86d8e230538D08C54Af165d2380D95a6c8aC,1
0x0c05831Ba405bfE7519afd4D342aBE7C80AfBDd7,1
0x8D4769c4eC2Ac634d7376927511C2f12fFc0Aba6,1
0x3f81b1F238448743D031E6F6392687EB760E4982,1
0x929ae42BDe65B1bC5EAdE0D9DcE2fFAc64A8207C,1
0x33526DE5F4259A021e2a5ff2E6A429ae0A972Eca,1
0x24369bCE96ED96196694a69f76DE1832c669D422,1
0xCf52402AF809021BF4E485fc1bC9D97eDd148439,1
0x8BA7E34BE3E5601C14Ac5B75Bec2b24cB1BD37A5,1
0xd08A0E5c4faf114880A732C1E951D8fE56839118,1
0x6c2FC8Af12800975613bACdA5B6A5aCace629360,1
0xC359ccBA580a1FF0e3395Eb6D225AaeD96430b30,1
0xB0150d152BB7fBaD1b74B5D90Bb45dA92e838B8a,1
0x1F70854b6701DBb302B75EFf8772073d901980cf,1
0x490B829e1443D36f364977e01468D4FA2918500F,1
0x038Bb8341755027Ac48398373a1da737Eb94af3a,1
0x887E192F0D5E3fb98166b96B45120b79b532758f,1
0x2214e0842b4cD6D69E5aAc5af978CFA2884C6D40,1
0xbA8682C0Ed52B6C519783d10F7658939585CCEBA,1
0x7AEFf3B605e720E04C83d4B1c457d6ce719b5908,1
0x1a3f7B69aa65ecf053E52F11aAab5E1963729c63,1
0x1e85EeC8ba979F1347BA0aA8770E50bb06869Ba2,1
0x0A732051977002FD6Da99eEe5b2D0F7648b1a268,1
0xd4aC2B831915C9e8EFF63a02227bcE596951d87e,1
0x19D3f31EE47C8e4BdF7bC495c92c1244129f6375,1
0xA5FB58AeC46B3873F94fE858eB6D47D17b38219d,1
0x8ABA701668Ad3b34408Ce3bCF63345149Cf9FD9f,1
0xa1B1ec6eaD8CEfa028Df12609F38EEDAc356a697,1
0x36e007cCb09DBfD2bCb57cfe90e2fF82dB8D0407,1
0x03888204D601E27730a6a75C6151D18C4b309C7e,1
0x90E672fef24dD4278103030f627e7cf5Bd24C9e7,1
0x45d07eFB080D1e8D78CF47BddD70A38953C1d592,1
0xa375410c48BE9D97B84d25A216de5949e7C1F9a1,1
0x1C7F56139B0eE32fF233F43A6FBB69cE17E6a362,1
0xc90447Af7B34B9C45E65f766BC99f2787a32d1E3,1
0x7e02F656840e1C40fa9F60916d972c32bC9e388f,1
0x864e1b05edf8281eeb369b975b4977b48c0fbd0d,1
0x78181322aa484448afd2bc420fb3a1dc221d5c8d,1
0x4bdc7779066dea5cc9a3b5135a86ad1e703ad321,1
0x6677cd8c7eae4f9357a4311efd8f38447dddbe7e,1
0x0dd4368f56295a7fdc2a8164de066b5284818bae,1
0x025cc27c4a25159117f1a6745c7d5fc127c28188,1
0x6cb5ad22f4b6847f73e2b177d773b2ccf87a4d90,1
0xA6eaDd06d3397154BE8A9Caf530Deeb550b388ea,1
0x145e910A8F66CA51C630478763E4E7cA3624779b,1
0x9580Ca0ddb6CdAf0402572086A9D232fd82F4746,1
0xeba9427b87EBD096Ea7D0286240d16fB2A8F7DE9,1
0x4CFB7BE7886223104090466Bc3F84CA826A89386,1
0xb0FC94b63feAF7727F20D137f82586ac001e3d8C,1
0x3b32C8724B327115640B9A6B67d06377AeBFE92a,1
0xd29b0F2783B2Fa447d6aA8c588e817FF19cb480d,1
0xBA66aBd3f9211f57aE14341468Adf079663574b7,1
0x412dba7C7E447dAcf746FfEa8889d6395079d1B8,1
0x8C71297f93455e04bDf49abB3081D63bdd296606,1
0xD55666657979e5546d64A57e8F71D649A071f010,1
0xB67F97A9DE91D8E34c35B5Ea369C34a955b6002F,1
0x1E34CC5890770D202FA0aa307E42a793f51Eb318,1
0xc424F4309a7dCD6506be4e26e46A5c63fc08bd1a,1
0x8A78C8D154D343c9B0657e3Ca0Bc5F94Ff4452E7,1
0xc0A9FF8e1eec172E2e5eF92B660eb061049b0E3E,1
0xB267cE0b23C93C0370C5a0F9fF8901f97F19F1af,1
0xE5c3453e15011c140EE78d239eDa5bFDE24ba3A1,1
0x319961a65BFc0a4B880A929CC70d6A481679F8fe,1
0xE41C16ed60eDd1A38d32672e3Af7975674d37B00,1
0x8511c5e8a93970Bee53AFDDCC22d5FDEFF3fbc41,1
0xFb65Ad313654E8863804f89F76A579B15924Df6D,1
0xF8C2affC1b10d0F129fc57c5d3500376eeA84E24,1
0x932dF233F365f3a3224f3716f2F5C1aB1f80B4E0,1
0xa41dee3f1663C5BD1778EF4892954E906e1A5F7F,1
0x815857c4Ccf0603318234A33F3650b73561a082f,1
0xf46dF4502fb2B308c684750bf2905E71B719815B,1
0x40a5F304DD7D3d31cf4ad2a210c532C0f9138E10,1
0xff395c768e71fd768C4BA14B9bF33518bE7C60D4,1
0x55b6E1A08aE094f010d095D3F6C5aa18C780Cd3e,1
0x4E9a5216e5a242E4518A2D05F0beA989135849a3,1
0x43167DC854E1296b4F7dC96fb190072B54eEa46d,1
0xE76b973400ad8Fd425852c54038E4797257525d1,1
0x9720631c329d0280EAD992834f0321a3c03e6108,1
0x787982015fc5a8c336b17605878b86f5e0f83fdc,1
0xdCF8B5fA9b29e61ed13a89cA2f5c4cd7A000EE54,1
0x92d39f00171d25104d626b3bdcde8509e413027d,1
0x05aef011b0d9da735f50e6cf5820da42f517f74e,1
0x4591a156f41Ced79C368a6A9a61B13f41AbC6316,1
0x4058a59352a54bcd4b05e903c15aafa75853ff1b,1
0x9e5f88bf244667ca7fb93e3a321b4467500cd775,1
0x4b9791565CD6DDBa0d76e2642E3cb27AbFD0792C,1
0xAFE4CDb26DB0B05a670F577908c0625765F87d15,1
0xacf561a49a8ffd959879144beb5600d9623f3dda,1
0xC31969b0DCC8Cad83e77f0A2bF30300Cf64B7b3A,1
0x8b48013e8AbF90C6a82F9c3D35AC6E1eBef7F4E2,1
0xc3d4EE42999fC8D366Ac0a097c6Ea066B71Cb4dC,1
0x7990DDcBEB3Ca5d9956E5c6597b7f5A02e3E1c57,1
0xe6eF26FEdc071D7A0D1167363047213313cea4b0,1
0x57a551F85C60638C6Ef522f9f95ab38BCf14a829,1
0x717A52E75B86CEf514bd92f49dEF9aD830771649,1
0xCe53135B99A8Deeb4cbAd994Eb747ebE9685C405,1
0xFF8E98dAe2270314e93299c76F176b833eA462Bf,1
0x74c3c34c340Be22168eFc0029dd92E20f1Df1aBa,1
0x586a849e3f1e64fd3abc8162f567cb401e98dc39,1
0xed0b7c0527737798a692a1ead99d22c0fee1054f,1
0xf359e9b5143b31dc1cabca3dd837ea66390a7354,1
0xb3643a5803eb917ae0bb40c6d3932e17558eee39,1
0x54c7eb29c103e98426f0d473e78d2014af9395bc,1
0xa7176cd8f5cd4c8bb0922f2f1223def5677cbb84,1
0xc499cad689e4744bb52eb685bc68378aa19f4472,1
0x890a046f62391cdbe4b54c6b4416618131b5d431,1
0x877b4a19f7552b2ce1f3d9755d9876c1e0e8fa5f,1
0x18449d4337d5aff5fa2861057cf7d3260bf39bb8,1
0x4a273052bdd5d96db0e932ccb556e3038446e21b,1
0xc19d3b90ebdb6d2a586e1de1865483c02338fc50,1
0x4a273052bdd5d96db0e932ccb556e3038446e21b,1
0x932511c46f9df082b1e58543e7d8da29ee8fe987,1
0x87d20ea99c2a75ba65bc3e2974b263ed162d248e,1
0xCb2452Dccc7D5d86B20a7A5944be7D23E55A6Bf9,1
0x3c86fA0e653bF076EEAD58fB97bd597431f27D6E,1
0x2C3eD0211d5EA74Ce3dA545b7AF217e4284eA030,1
0x38da13F93B0CA2b2B771F569925511176836ABDC,1
0x8129FAF219fF14f3777e3847F82764E447C21Fa1,1
0xc7ec0d4D83651440cd4d5Cdd8c05AE9528567607,1
0x388000795CCCbA2FEF836f5dcD1ACb3F58a2E37c,1
0x0CAD623AA9B6a90F0947b0E90Fc37fA347761abB,1
0xd0C0322E55b8c0814E2378dF6b9C67E65796A1A8,1
0x5062643314417A88AE40BBDC8b15f21c4Abb288b,1
0x4d1e506A0E4E4fC28376ADCe3bB81e501850702C,1
0xd703aF2E74d07fE8fe7D0356Ed0504edBE7EAB7A,1
0xF96902fCD918bCC006673242Ae8757d3803f6476,1
0xA6259D6594f4e779C696aA609393041F6d0C783E,1
0x8bb9b5d417a7fff837c501ff87491047e1598104,1
0x3EFCb84842341af356fc5b32Fde4575E728098eC,1
0x1D301Ab97b74C8fCa32bADbb0cec2B31DE5AA0D6,1
0x63Ae22Fc1d8D97aB744a4438c9743f8B2A124343,1
0x657707F5b77B50Acd2c0dCED50963603F2734d47,1
0xF7C96Ba51D46225EE9D1a05bc46E0f896E1326ac,1
0x13598456afc123a0bc497cf9c49063203b15ab73,1
0x53df03759efedf398709e1399cf6930f168122f5,1
0x771b5c6538db9e49f007df0f809965aaa1451f0c,1
0x345672cb465e222aa4467e20d58bb607f3338c1e,1
0xdd13c7c4e84011b22230cd284cd0c48cbeb0b217,1
0x93fD36fdEd9BabFA3F48C513d3D76a43547246b1,1
0x7fd251799b885b6a8e1c0c3a13868179c02a696c,1
0x614ECFE546C8a6C783C03dBebEcda7bc2505AcC3,1
0x6195cF3d325b3B8D84d88C637C604F16b8a12493,1
0xaB9FcB219F0706A468485d3D41029a843A6dF05d,1
0x6cdC863DBc6b1F24F7557F3715f8a0787d0e72bd,1
0x5aA9f723eDd49191631930E7F76447459BE729B5,1
0x756C50ae55F23F3457905726cfF3f98b1dDc3bE4,1
0x6d885FE3d08B8BF83b8A1F42B0085D4392de7117,1
0x22f2887d54416461E196687410626591c6A4b1FA,1
0x0Ec3c7E0E35afe4044A82Dc864e5F00c2A548c53,1
0xB22dFA47B568951c58Ab411e2D399f1634a5AEfc,1
0xB3757c2E6bbcED5876f4b8f62EB23c28ef1E86B5,1
0x66747cD04d81f46997bd6662FAE236eA9a0D78Ee,1
0xa97abb7cFDE36A2ee14223BCb88520305649702A,1
0x63210737655071b9de5548dE69BBB4d0f8b633c1,1
0x0B2cD03aD4f1949cb95F248Fc05a8213420d3770,1
0x34970739D06d775de9E51a9ce5Cd9Dc36a8c2d8E,1
0x521F813BF51b86aD17c7bff716D8334FF26437b9,1
0x249Ef3c6395e0B73C5B5440EBba4D4B8810b61e2,1
0xb7f4e9d8a2bee1fd0a14d837c4217da9facb593a,1
0x01973b582de3fb9eafd41f0280eb81e10078c473,1
0x2364c15d3b8979b2078904a38c9713aa7bac3df4,1
0x989d4876da6f646b605f9d8a659cdf65cb055fab,1
0xb71590a6a7fcee374885c0da2da1b24d9cfcb619,1
0x91530bb8446ee27da0a01c7e921f19041a040e04,1
0x953f1d9b2ab7863e98184400ed7e2711047612e4,1
0xceb4464cc1fdcb5f68021e40760a98ba4ca56a7e,1
0xcff6e259b19a0cca2469e35db8fec8990b9152ba,1
0x361dfd78107754c833770db2d50a5f3e8c8ef102,1
0x24726bb1C7996dBE80dae1e87799034125577144,1
0x1Ed8AD256b5430E02e656f9AF84830db03Db8001,1
0x17edd2C1aC6Da3Ff89375C35Ea19301Be4E9a281,1
0x60644b5FFB9D6C832655bEa8ad0eBce9E7318640,1
0xAcD3F337262880F0DB0d92581322935D2d678Ca9,1
0x54d36a8616e2852151460D29a3f722Bd9d2cC0f6,1
0xb75c9369e137fac6C7726a036eA409bB6FdCD601,1
0xb29c40f18c8B2ea0E0477691113C1cdF7F700a74,1
0x0bE2e8dfCDfEd6B9126d8BB58A6fa60458AA8ba8,1
0xB4BfC7baffbFc8eF9bE0a5C4d5B562F8695187e6,1
0x57825aefC6231b3d9ae7CF2b4773d5E841084645,1
0x09891a812068760592AC821b15D65c8b11936E90,1
0x42fcF56538E8B437dfEEEF5FD375DdD7260faB9e,1
0x1758efA115f0DCD4e1a551251E38A1D41438C4a3,1
0x12595D697F354B290D09937f5Ab880495b2e7EBc,1
0xe1745b706626ab802944d3f0a8cb5f3b6263fe4a,1
0x5d7d30c4C793d3d0655c6550ec610203fD42EC3C,1
0x74364A654D380A8979ae81FDb69BE2b68eE73982,1
0xeb0939D7a8555106c187a17C9cFA8409d8Cc2cb8,1
0xA1873d3Be6CD321c61b8bBe0230ffC3673864458,1
0xA83f36b9a23D8C6aB9e603A7A4e1C8e2D9B00809,1
0xE3E7F9C0A43DB64d10Bb41bB2aDC5d4cE32AF173,1
0xF2fCdeeEed242876aC80109c51d7125858315e67,1
0x7D0C7905a34F715dD78995bAfe6F11c3D7ae6cE6,1
0x92377149AF2DA01E5a717fb99328A5AA0456035d,1
0x57BB95E64CBd688c2A58bf119e391fB580d5cd55,1
0x28A97280875b16ea73a4e21f3e119Bcd77fA0E9a,1
0xB97d49f76b6eeBe653cA1eC16bCe9EBc0B13F65f,1
0x67AEaEF40Ea5FF026E78AbE44a3B63a3C56c8F8c,1
0x4869c5cF3573E3BED1DF0Db892f4f9aBb8D688f4,1
0x328df19f7403aa77013eA7F90f7f887be02052E0,1
0xf61485e00df026CDc8938E19abeBa196c2a8Cf54,1
0xcA1295B72a3F5469e4e75B6c819024a4716700ba,1
0x6cf8285b2f6a81c6eA53d342D88cbFC2CC6F1430,1
0xF8c5fE54627322a3A5e152898373588745c2E0C0,1
0xC7b506206c2c2b7710C0999239ac34fC0c735ecf,1
0x6BE76dBF2b0F2a1E0466F510df7636Af8A12411B,1
0x2fab373a6344a34a183e30c3dfd6572d5a1df891,1
0xdc355bed6408bb2f8b403c3a2fa9ec53465a8345,1
0xf1050e79a006499f6b9a6100b85d00427a13e148,1
0x4ac88b900ed09ec99633dc368384dbc29a2cc1d1,1
0xfcae9057f152aaa7990cd24638d8d20087b74101,1
0x50d68ef0b3f83c6349e05dac49def8f367bbe4a5,1
0x7cc89bc934df84de611b7eaa894d54f1b1ccb51e,1
0xe836D140BbCa6aEDb055c09ACc860E771eCbEFb2,1
0xC6930336BeB586969ca7bC39344b52D9aa5E3E8E,1
0x33100Fed00011076173826FBE1805BB4DA2b351c,1
0x7bC78fEe4Bf7c65E545ed8718110dE850324a9Aa,1
0xda6FD4f2C1084453262DB6244d26DFaB82dF7762,1
0x2CCDeAfcaf950f526C2e6dAe54F9eA34259E8bc3,1
0x0E8b3C005c46666Dbca9bfCE46E1C3A9D008413A,1
0x7dc87d3ee905d4C5453B0a1b3b178916aFf61044,1
0x9f28c88aA07c9ad24D31Ed72697c39Aa65171942,1
0x26e62f4c8DE03d7261da65C58837b38E5e41D578,1
0xb4Bf50c040acFbfA656f30dbCb24136ED52E7074,1
0xaF651338308e5C267FEFb2530930Ee68FF9149C4,1
0x48C6e13D330fA13e174960871fC1fBB07c05899c,1
0xE52892Cd800287269d40c4B891e0bb560003D9Ad,1
0xCAe510264447d1cE4cc9F24D3C0e3b704c5F5613,1
0x51a468d316697379C96336795A9584C11703488a,1
0xBB20d654F656430580Eb0Dca10a80a53e0deEfff,1
0xDFaa00d9607DF30eCDE153C9EB2A5A004f68Aa6B,1
0xB3b1C34Db8F2B6fc56871d1c5818bfe34aa79838,1
0xe82d7f24095f5126076221124fedeee939678e62,1
0xb4f49796B0f6D8aE91Afbb35B6Cb99B92e83A5C1,1
0x82b2a89e6CBe122A721d59B8b7D42d001299eE78,1
0x470160be827A3DF02a9b917a404B05EdaEd5B0A1,1
0x49F68042700fa8B588613F652260ca51dccb797b,1
0xC577b8aB831E3AbF2FE6c15831A705DEbF43c735,1
0xC429d08C5C31d7Db01310ee13516E25E30CA0C3D,1
0x67A725D39ca9FF6bdF68dF399FF5929a34BAAAb2,1
0x2C2544Ba54D95d33A8db68f12E86d8BEBc3FB062,1
0x79fb32ee50f446be15cd0c45477daa71b33ea67d,1
0x2173Fb107AE03a4695c3Cd20694613CF6DA89fB8,1
0x7F756aC0B0E636DDDed2D74eCE94b7174E3f4212,1
0x6BE76dBF2b0F2a1E0466F510df7636Af8A12411B,1
0xff5403dDFf4e40aFbecE575933D2430B1b1c42f7,1
0x7cE79743b0a49AADFC0D791776A670faaf264B9c,1
0x61616123572a8edB2B5A321DA1abF97BaB7eF7A2,1
0x0fE0Aa5d2f3fD1Ec8c1dec8c58fa7dea8e0B41ae,1
0xd9FE721AdE4a538c61AB1b6703Dc7C7001081548,1
0x052039c13fE013E76fbA0049A8E375b08FF7eF76,1
0xA7B4AB2634d14cfA3d678FC1D5b06cAA95634ec0,1
0xC37F8E65F82A821a413152774B833b40DBC2b18e,1
0x21ec6Fe35e79Dcf05a3e34d77754F909Da721294,1
0xafC488A96Eb7C97c9bD8431DA957b5e0bd6A32B2,1
0x6FBE9952C96194f705B84D080b8ef844e3F377b0,1
0x4bfD2B1dEce92AD9bc8875F1ff88e4f9A8a1D93e,1
0x01472EBc4B054A2c02C3cc4b9D99587b20609aDb,1
0x564E5df8D3093191E75497a23247FF44D4037ccB,1
0xf1428FC4447d60de084e894bBE116a4B619e9983,1
0x167112C9c4AE02758Cd77Fd56DFfe1840473d694,1
0xA816a185105dDFCd6aa9ccfe9e7db9A77E73b734,1
0x3741256b205FcF0E1c40F1379dAEB84c517f52D8,1
0xCD5b486Ca95624727Fbd6DB0D134FC6304768D5D,1
0xd15a5b47BaB9f38015BBb820A7979e9b4a8ab303,1
0xC5780aFDD4B690438B1F02465E948DEBF30B1957,1
0x57645743ceFD6C52c605610f03049F3c24335A02,1
0xe1a3694628B113668ad2fB589B43058f92d63Ab8,1
0x61E84A33B927C8E590350267dafa029990ED379b,1
0xAD789872297Ba8a515aADE2326bf55a6140E08b0,1
0x53F378915a613530b67f3bEbf104317E2f83c095,1
0xF7Dc041599AA9A5486F5419DcC7f82B4e5d8dC1D,1
0x1ED8488ae45b85C78502C44EE6fa84c493d6b990,1
0xCA1B282393668614E688A57dC617451dEc5936A8,1
0x52a027F9289aeFBBaae67c4c1F31058013ABC699,1
0xD05773B26D34ceceE9E1375B89B270B21115aeEb,1
0x6f9A84CC28B865C9359efF11d86c2C082C4607Aa,1
0x02aA2e02DD66b8fDe3995F857c9cFfFc83e1D216,1
0xa3F91Fdb6d8d7112aFFE20B8Bb0252C0e20159cD,1
0xbb4703e17d0fba6d1f106c65116306cafd8d4138,1
0xE2759604BcD3EA488E211c16dc5C13aEF2B92f93,1
0x2003a546f3827F2861976351bd66ba6FB347769F,1
0x85E1BBc1f9B50DaA7fC9EE550d0aA51053057340,1
0x46661fbf7216bea3a0051db206786105356b05ba,1
0x62F4F27794d72622F3A5a1063184A346701de6F5,1
0xe0a60bFd188594505e66005bC1e16E94CfDD5e4C,1
0xAD0e520414605Cb402e8C79CD06760c21406DB4F,1
0x9DC6bc8614fa36A3B1F622Cae9cb6eC84Eb8Bf33,1
0xDb45CeCaF29D1A9C27E7F726781B820b1a36f592,1
0xceb69859b6cfef2ef697f211d6c45f96a4fff287,1
0xEba54D59Cbc6a7B54A5875769E9C343342099c88,1
0xc53b5611b998e1a31b2Fb3C0A3717c379dAC6053,1
0xC38fCea9Bd18D6cf299ab513bFe780386BB616De,1
0x5958871C52B98e53FA4c1637343142304743e0C5,1
0xEA3dD950e1c7Bd212AF03bF7f94Ab95e8ae21aeC,1
0xba8c69116B874B048cfB721D18e3df6415acF570,1
0x96B9F660106f3216E138e07910e81819b90e6968,1
0x695e8C5e78694e9b8E9B3dFd25AE5cc390344D04,1
0x6C028C925e09224b363Dd1fbA138C96E68125b20,1
0x7E28683c30eCB30C119D49020221A3Af3A4896F1,1
0x43B071EF58C6E7580FDEa5CD0A879FF35E4a74Bf,1
0x071E1C506D3bD28bEF05D8d4e83BE5b61EA26636,1
0x8A512EE3f0d46288Fd24846454752AbA6CF85864,1
0x0301C4E5091A8758A2BE546144fccC9c9dDD0D36,1
0x806a1226166Ddb39551b59ed952c56b6373A9D90,1
0xE7346254F696285efFF1CAfDE5E7d90bdD25D9C4,1
0xb720241781Cf64E99B39804970F9276Ee7520A23,1
0x1c03bfFc34fA55A5B08E85528C5Ba056301Ffc0f,1
0x369dEfC8D07B965B9cA887a90Ea0c75709f210B2,1
0x06acf907150411A44300df45C789E92549b57d65,1
0x137621829c4293Af4bda07aB0D8935c5798dEa0a,1
0x4cc0dB0e69da9C2d555785bd430ED5384ECdA4a6,1
0xb6696923D21A2AAe76381E492183f1976584c777,1
0x096552a06dd5B77142aE550499faC6f9F3Aea859,1
0x6A0491E095B61bD535FF634242a93C9E781c069e,1
0x5F74f112BaF0228D237b988830dC0B6aCa992b54,1
0x53ad21eF081DFb9536fE74c4Eb0ae7983f12226E,1
0xAe1a15Bf97799234AdfB8F512cD2FC50D24dBBD3,1
0x6246c4c3aa2e3087d8e7b8003bfe85e9db5ef1e8,1
0x73C8230F5E9e6291258cDa2f24d71261b1E4efF9,1
0x574a9a5D9f4d92B643Ecf41ED3B7086563426AE4,1
0xBb4289F360b395F4A427F994FCA094DA87149D8D,1
0x12760E838D91D0F3B38baAf1542F2D9B56537D44,1
0x7Cf783D41c1D7C5c2ae5fCc45A88189485a10bc7,1
0xaf3336131205A1757484a7fc918BFaEfFbeAfc80,1
0x3B17cD5b6853Bb87A0d8C8d7A70dC6C5FF19956a,1
0xa287b0820c78bb94084cEdcF447CA55D8FE7E8ad,1
0xD7dC46151DD5EFAE7a3D11202029B4Ae88333725,1
0xb83f380347Bc3B3173D50Eaa297f44fc378eC696,1
0x0201DF3025a3f824a9b63c85D86f7186BcB5d9A2,1
0x371E9C2015CeD79F0cADC6fa100FeF3d9CF7cfC1,1
0xe6143AFdd60db7e847C7f855b35593323eB83fE9,1
0x3736560752D6241c10cD49D8244B9012d79f9410,1
0xcd30E08017D123Ff23e447bD9956CcCD1968eB9b,1
0xC7a4b6E640BbD4dAf52F88BdfaeAf43DDE7371a5,1
0x0D1ac737F7cbFeB3b00EB73A404bf051DDf47B75,1
0xE7fd2F746F141AA11406eB47FeD170A61dF6501c,1
0x5704dD3ad02d0aBAB69D8a8b425bE63b78FA99e5,1
0xc3D39ADFbcb45fA1706Bb5866e4ED80842D28D4b,1
0x19d863dbAe31484307a83e7EbfD571956Ec12023,1
0x2c5202B0D3e5B246cFF198864c21bf08cc2b02F6,1
0x6a270242d787fe56b1Ff51E1B7fFDB1694eD12f6,1
0xE57855177A3fDfB6272B8Bc158Bf01f56d506429,1
0x1DF72Ea3306B8351522aa0C5E128825970cBE952,1
0x710A994D28c842cE3aD657ba704D41a85389BF4E,1
0xa7Fe28e5Ea0968F059aFBbE0CC0Ec4DC2C42186D,1
0xDc2e51f39D4202334755FeBf055a08bA74842Dd1,1
0x63f7547c9addEecb27b9CA612424DcbC373EB3bc,1
0x309c026660818cb899Aa5cb53D3162704db5F1D1,1
0x1c10826526abe2e75048991bd2c35129ea98c387,1
0xF3d6606C53F149BC28cFde869484ee36090D7ADe,1
0x5B6Dc7b982ca8B0EA54FE440849c6158a80a7D4b,1
0x884A0a45F025b4c7ec12DF583F2a68FC7F107B05,1
0xe75ab8b49e030128f0E3e63bAf8eAbee448e4Fd0,1
0xCA428d8d335be438F667470B43181Cc9E9784e7E,1
0x980E7a88dfD2d8e613B9808152AFcb389c82bD24,1
0x2362334348ae44ba473f694a0eB5726761710aC4,1
0xDc2e51f39D4202334755FeBf055a08bA74842Dd1,1
0x2004FA933a0dB81A303A044101699cB5fa2f9B7F,1
0x0ac9f6e6ff0ca842348f21efe3dfb9d4f407ac48,1
0xb940edc883add130eab439090ea47e9b3152e2df,1
0xae37426Dd0381E8EB9e2240Bd8ADc43b2b569399,1
0xf61a8957a45f534f59bfa9b0a461f6e43970fd9d,1
0xDd3B03e4261F3af63fe889E5680A2a2b54a5D326,1
0x8E4E3F75d0990Cc97E85EdDE623053a3088CE60a,1
0x76fB4BE763f18C3d40b1bD2A29eB28D4c5D8ED85,1
0xe0d1630e228055a4bf292433139e4af5e0fc9c43,1
0x86803C20c790C014F9B6F8106253f236cdE40e8c,1
0xDDE73f2315f09b61384A91F1Ef61549eBA226452,1
0x6C7c778338B72c58d70F0c31794b629f2D4c9750,1
0x5cDd5C3977074EaB15a14D742E69678EB78a4F12,1
0x915cEe8bB0C7a4Bc1c35D79DA4BE704D024F60B2,1
0x19b975014522813c1C1579c2dA9c0A25bf97eA3A,1
0x9a9908982d4030BD8725d20537401BF7F52833dd,1
0x7700946ddbcFd7D09FB9Db9D17CC32C2f3bd89CB,1
0xA007CCF234D7E5306615035BBA0D32b0F5D25BdE,1
0x1338d5a5a10726691AB38dE29b9376e55498c07C,1
0x66B3ed4AD3FCbec1e2f80c8A931a45c7a06E6D85,1
0x60E152C5d6903dc57EF61a9F995515204311650a,1
0x31Cd022Bc14a1A0C1E3a4D482382F63aDF4d4350,1
0x3351ecA19fce8708957283922A2fE9AED4857644,1
0x136F8b3663bFfBBaeb462B98Ef14bF7B26e4B6aE,1
0x4b06fe4205422faFf67D4227125D16134e080C78,1
0xb224Fc979F91F7034E957a7A47b14663A8778Ed7,1
0x901667047dd4f906e850f703538e380d219db655,1
0xf8b2BE8a746267479E1f1ffd6DD11D7Bc5faBAB0,1
0x64f4de6b7c5d2799007da5a6d1f56b2eb4603257,1
0x477A8aa15D4a9B64ef645548B5A5A572bad98e7A,1
0x085f01b29bf04d4506b2ba3ef40cfac35c37b4ba,1
0xBbd16e1fBe79956203cFb491447A7c753BaE0e23,1
0xf8b2BE8a746267479E1f1ffd6DD11D7Bc5faBAB0,1
0xC8fD732C44513B3B6fF3Bc9C9e7EE1DF6AfFffe0,1
0x41542e7443C9C4aD16Cc3BAfb52B4e8F8636e51A,1
0x31b7De61141dcE27df0057Deb7e225Ab6C457282,1
0x43fe1669E968a1D6335b1751F711760775D5B066,1
0x6207E62da3Ef0C0e32D82bD3d6f7aECa5FD4bC28,1
0x9899FAcA14335DfF53559A93b0b2c97aE91B91FA,1
0xE10c24B84640922704816e74BBB07ECf1d20a4d4,1
0x42AC164f3d6e5d7FFB1E4476FE11E6b66F170616,1
0xBE1f3634287478e9e48edd020ADde71894eAaA35,1
0x8c1dBAB490838910F4E402AaE2af3A9Ba53a2980,1
0x11dEc143a7020e492Abf1cA5121A8BC2bb01a8F3,1
0xc0Bd7FfAc106Dd634249A95a7b561B9f38fCCED1,1
0xE594cA4D04b4be8B4F9C5B6EAdC4BB18D95bd711,1
0xE7d356a2C20450eec62229590b4a22306b2CE5DC,1
0x023f5B749860964393ae1217BB5d9bB56fe5dF23,1
0x25062c30E879E0309888b5AAE87EFe12350B51Da,1
0xd305206532Ee4feF6718A1Bc0506b21CF237036E,1
0xbc49C444Ba90Fc67F399FAd45026A67Cd9Ba7Ee1,1
0xD6F6e84D47230D556502DddB4e7F13dE5439f263,1
0xaA6B62304c397DaddFc1e74BDD82fa8d89CA190e,1
0x06D762a6a54e1E518ada50190A2940D95f181750,1
0xae5183F15656b9747D50e9068bCC74758D4b1a4a,1
0x646c5E51eb2D9EBF6e875368e66c23D2882865e1,1
0x1eC159a69A7D2BEE4e10c87C26F97fED18CA830D,1
0x2D3515bbE514D5AbbB88FE595160dc4892969304,1
0xC7a2dffCa99554B9998522608696edb1823D1cE5,1
0x9a32e07BEF5E4E7bf16AD984f46146C40f9d2dbe,1
0x64781705cFEab230Bba043724AD1272a873E2F8D,1
0x91987047466c82D918856Ac17C8f00cBF14064E8,1
0xa0dba0f4c7ddab62a2e0dddd9159b7dade387e80,1
0x6D26505C90eA5022AC0b502aEFf4908F743f57f7,1
0x42e4e71135b8a02d193c7920e221f533f322592c,1
0x9559195BB0cFb15d54318f6685c5073dEd67F483,1
0x848A9e3D5a2A9517Df06b79625A1825c56ca2060,1
0x1764D7d3F56375aC4Ce15170D698d158277644A2,1
0xfa7b88361a36525049592319888Ff08f2c67dE83,1
0xFa441B9e18797a1a2112e02f65203174DA6Ce58f,1
0xf1F0EB8167Ca4BB4549d44ea907b10640e8CcFDe,1
0x6B4031052Cb94Bf869193315f346fe901a6038db,1
0x0a5dB0AFc97F755978Cee2C5EC6e92d2e1c545C2,1
0x8F3AcC46b1119Aef1f4afA8485B2A98C247503dB,1
0xe69FaDFA8A08E7673D8d67275ecEF2811B06986f,1
0xA294e48D60665aEc949E4Df9b4E1d08832a31096,1
0x0684518BFe8014a5A72E1695DF4cB6b3f7274bB1,1
0x0A6620FdEdE827abaF127551888816c61A53A9bA,1
0x0b1723f98d212994d65e85d6094d36968851e9b6,1
0xf05e615224fc46c72b402086a5988e016f6b0574,1
0x7d831dd9aae05de8a5a090d8ceaae1fd5d72919d,1
0x33a185a9b068000a3cb52bc0dd04d68734d66b4a,1
0x202b21047f07281045bcaaee1e3404d173badf46,1
0x615bc0de203bf2cb9718dbf0d69bf0bdd0eaaaab,1
0xdc2a8da8c73610ef3851206bedf3c5c8a07d89d1,1
0x09a0c74394c7e7244f18e09011b99e0b77c35c99,1
0x025cc27c4a25159117f1a6745c7d5fc127c28188,1
0x1e065e911a5d62e1065a2f269ee1799e9fd7c464,1
0xA80BC106Ee34c0303E0345bCc12eeC6a0099Bb7a,1
0xcB47F9F17121568c2CdB48FdC63ef51e0F398fa2,1
0x9d96a6D7dBC8c84c0046F08B0db0D0D9c2BA06f7,1
0xF1799315eE963083CbF9F4F2f6a9C917D263af76,1
0x5AFb66A626f7F37e50D230D5ed974F6B54eBaC04,1
0xa9F56382B217Bf393209c9F75652A4db91D6fD59,1
0x3C46331cc547E663Ef97C9182E6e51fAb21EcB3A,1
0xEad9D65e20929857193627e685cECc576901d8Ed,1
0x06b7d19109983e4e277fe138599867e98c4274b5,1
0x3ec4b265fc6fe216eda4b2819f3bf1ce02dd2f37,1
0x96029a432a92c7c4d9b3e8fe7b324c4940996597,1
0x8aae7fcea513f6914a6cde9dd0482bce9bd343a2,1
0xd0ccefb114368f4d17dea0ac0fcd7b5363548d46,1
0x86bd30e2f76fbc4ceda17a765df993a0a9c76daf,1
0x803f1d3e31acd198b43d8c5ff225aea3e87c0268,1
0xde9287f76cc47c4deda47f5be2b899745a870625,1
0xf68710e9c7a7d9f3282d74f2a2e76593cb1b5d07,1
0x385500b59aaadf61c47441aa288f8bc5980ac3ff,1
0xee4a22ccfbab3d017c8014247f9f30ecc3962221,1
0x74bd7e3d7ef210b801073d2dd6af9532937a750f,1
0x11f43be4e1df1cb5eab00554937e63cad7263f98,1
0x39dfce73cd6ca64597f61f4c52485d7dce6bed32,1
0x70fdb55677d713a2f46a5016c69b11ee381e5f3d,1
0x0d23c40d85da99bbb3204d85aefbf7b58e87cdb1,1
0x944d7c8a39a18aeee21df01779a134cf2ee2d05f,1
0x31b66d6892e575fed64ca9d59cdbcc2a80f5b493,1
0x13fa1de715103da423410b465c13be6d9ab0c205,1
0x20eb59da5e8f486396fa45cc92c3bbedb1a809b8,1
0xc568a8b60dbd836513d07214b47071652f93a763,1
0x4991ebb4f020b4f8b369252924fd5ba6ec01a85d,1
0x2b7cdbaab650f655853da7eea2e4d71646206bb2,1
0x5b5fe53b6c65b82e8501659d8e8f55b5616c0a81,1
0xc7f963c10ba6c200f34606616180e144b8ae00fc,1
0x1f26a7fa70bd1f33219ce244035ab9d0d1e5bc32,1
0x256d2b99b0d6bb3c22eef0e533cbee9b22e4325f,1
0x95d29527cd7925578e847f343ccdeeddb47cf2a8,1
0xe53eee89ab788005e07e32403a848dba40a224f6,1
0x547763af344297f765d809974418a76924c8320e,1
0x3dfd56c7b6d0f6263ebf5b0170c0b17b972dc422,1
0x6e5d4efaeb6a395bb37f9759347f4db71a6e9a97,1
0x96029a432a92c7c4d9b3e8fe7b324c4940996597,1
0x8aae7fcea513f6914a6cde9dd0482bce9bd343a2,1
0xd0ccefb114368f4d17dea0ac0fcd7b5363548d46,1
0x86bd30e2f76fbc4ceda17a765df993a0a9c76daf,1
0x803f1d3e31acd198b43d8c5ff225aea3e87c0268,1
0xde9287f76cc47c4deda47f5be2b899745a870625,1
0xf68710e9c7a7d9f3282d74f2a2e76593cb1b5d07,1
0x385500b59aaadf61c47441aa288f8bc5980ac3ff,1
0xee4a22ccfbab3d017c8014247f9f30ecc3962221,1
0x74bd7e3d7ef210b801073d2dd6af9532937a750f,1
0xcB47F9F17121568c2CdB48FdC63ef51e0F398fa2,1
0Xb120295A10B2B200205Fed1Ca462738680583E33,1
0xcB40629095eFe9f13201Ab9640CcD4CDd7FfF5E7,1
0xA27DE872CED85f7E22e1fb87f508004FD2A18Fec,1
0x73aE62114a0A7838710c83C3D8ea73d5Df976d38,1
0xC44a477BF1453D744414bC65D8a181a0F2630064,1
0x2c4F3d1C6B99bB99848EdFFE928b469BEE70aC71,1
0xd1dd31C1B3E024C1F509795A8eA53A4ea99e1355,1
0x12d9c531D8130B0e5FeDC4bcd2166f593ef87C47,1
0x59a7b5712ac209c3f54e47735c928bb12b935798,1
0xd7dabdae7d62412582e1ed4df5b69f473d51bc23,1
0x1f14ce80f10b5a244c2975961b7dfde5a13e619e,1
0xa6C5aC7365a10f1760bBa3C3B55e685Fd15969aD,1
0xDf4ecC7D8b5757edFaa3fFF81b12f0cD4D439DF7,1
0x7041bb20ef5a0b9291893bf23f9901b7f763b46b,1
0x779c7dE6dFB8D05462956329AbF0adD67B04896E,1
0x29627b485ED8c4b4C8349637aF445b709C0e2b3C,1
0xC6Dac05aF210EEeCE3fEd8C1cF68F4c1D1d24a23,1
0xc7d21c417288c90e3c106eb0774b822c5cfad3e1,1
0x3b4ee38507347ce812f925090a4a2948021d7f3a,1
0x6766ac919afd49578594a018c502f45f32201ed6,1
0x9f95b441d804a798224ca79e4f5e4a153530a167,1
0xe587576f179a9d825d1d2dc2f24d32d3198cb8ae,1
0x3908495ae4e8fcda6850f71099c18f378237ea0a,1
0x9228747458372b8d380a793332a92c19427ffa64,1
0xb712b347c90e9dfe14c3d808b021182ee6b0721c,1
0x22e4519c6703aa2430c71508949d6b529216561e,1
0x3551e623db63e27bf7c74f4e93261de10763f008,1
0x655d099335d70cbe4c20bf0016e42d26e574d4a0,1
0x615bc0de203bf2cb9718dbf0d69bf0bdd0eaaaab,1
0x0b1723f98d212994d65e85d6094d36968851e9b6,1
0xf05e615224fc46c72b402086a5988e016f6b0574,1
0x7d831dd9aae05de8a5a090d8ceaae1fd5d72919d,1
0x33a185a9b068000a3cb52bc0dd04d68734d66b4a,1
0x202b21047f07281045bcaaee1e3404d173badf46,1
0x615bc0de203bf2cb9718dbf0d69bf0bdd0eaaaab,1
0xdc2a8da8c73610ef3851206bedf3c5c8a07d89d1,1
0x09a0c74394c7e7244f18e09011b99e0b77c35c99,1
0x025cc27c4a25159117f1a6745c7d5fc127c28188,1
0x1e065e911a5d62e1065a2f269ee1799e9fd7c464,1
0xA80BC106Ee34c0303E0345bCc12eeC6a0099Bb7a,1
0xcB47F9F17121568c2CdB48FdC63ef51e0F398fa2,1
0x9d96a6D7dBC8c84c0046F08B0db0D0D9c2BA06f7,1
0xF1799315eE963083CbF9F4F2f6a9C917D263af76,1
0x5AFb66A626f7F37e50D230D5ed974F6B54eBaC04,1
0xa9F56382B217Bf393209c9F75652A4db91D6fD59,1
0x3C46331cc547E663Ef97C9182E6e51fAb21EcB3A,1
0xEad9D65e20929857193627e685cECc576901d8Ed,1
0x06b7d19109983e4e277fe138599867e98c4274b5,1
0x3ec4b265fc6fe216eda4b2819f3bf1ce02dd2f37,1
0x96029a432a92c7c4d9b3e8fe7b324c4940996597,1
0x8aae7fcea513f6914a6cde9dd0482bce9bd343a2,1
0xd0ccefb114368f4d17dea0ac0fcd7b5363548d46,1
0x86bd30e2f76fbc4ceda17a765df993a0a9c76daf,1
0x803f1d3e31acd198b43d8c5ff225aea3e87c0268,1
0xde9287f76cc47c4deda47f5be2b899745a870625,1
0xf68710e9c7a7d9f3282d74f2a2e76593cb1b5d07,1
0x385500b59aaadf61c47441aa288f8bc5980ac3ff,1
0xee4a22ccfbab3d017c8014247f9f30ecc3962221,1
0x74bd7e3d7ef210b801073d2dd6af9532937a750f,1
0x11f43be4e1df1cb5eab00554937e63cad7263f98,1
0x39dfce73cd6ca64597f61f4c52485d7dce6bed32,1
0x70fdb55677d713a2f46a5016c69b11ee381e5f3d,1
0x0d23c40d85da99bbb3204d85aefbf7b58e87cdb1,1
0x944d7c8a39a18aeee21df01779a134cf2ee2d05f,1
0x31b66d6892e575fed64ca9d59cdbcc2a80f5b493,1
0x13fa1de715103da423410b465c13be6d9ab0c205,1
0x20eb59da5e8f486396fa45cc92c3bbedb1a809b8,1
0xc568a8b60dbd836513d07214b47071652f93a763,1
0x4991ebb4f020b4f8b369252924fd5ba6ec01a85d,1
0xf5A0A1916eE2448cB4C570aC116Fba33242A1Cb4,1
0x471781f7Fe3877BA92265d6b535E796EFFed538b,1
0xb2f6c95b441D2D27F2F868B7af354c1dbC07742f,1
0xAA9013170a5f859f1237F99Bef7108e6243d6982,1
0xA9d73998CceE6Ef8C2d0Bc92A24c89828828711A,1
0xd26D7B48310985fA702314f091CFD84460d638a4,1
0xe11b3132f620f0Fb817d5803f99367578D89e1aF,1
0xfCF5E7ce37238b4270E953Bbfb611d2087b44A99,1
0xE42a6c980A3c9fB0e8945D699a27f9e471AcE4eB,1
0x9f16A82Fb1121C00fe525B60d71C7248A0c78C59,1
0x41631DAeFd18871d6b798AEAbF24ed4F41De1D56,1
0x9117a2798182F79CC9AAD4038858b3F8B5B2D6e9,1
0xE118300e84a38a6c5C92FC425D46b5ecf9d0b164,1
0x753149A63C89993778CD8D75660F8A43C08DA34D,1
0x24bdD41b992Db0Ba9fce19e938b2aEe317f54338,1
0xFC56343874ADc8aF22f7a77B75fdf68E31d6f01d,1
0x6Ef63bcAb3a3440E1998a4D84fd1e347312F33a9,1
0x1f4B39f7Fbd7A0b1ef7CB6443C5E08EEc1649625,1
0xfFA998F07EAF219ECff208EaB53452CC26f413E7,1
0x370D1aE9fd616b2F89Bbb4EadB3B904ed01DF460,1
0xaF00572e60765c0562F3fA36d4255C1a299000aA,1
0x6547e469765712C69728D603420F6B574ED05f17,1
0x3049cc77b44f530cfe9af05941b0Ba0D4f09422F,1
0xdB071273C7b9a9031D7E2Ef41F3827E46D07A0dE,1
0x33b540AA3Df9A1Be383cBD83dF989AE509d5577F,1
0xa649E73FEEBDCFfaE9709b2fc30D4467276826d6,1
0x3c86fA0e653bF076EEAD58fB97bd597431f27D6E,1
0x21Eae49799A4EBaB481B86A64EF9761e6E1723D5,1
0xd5260f6b9c8f7fb7c83aa650a30c42265462faf3,1
0x2E65f336Ab542Af241973950bf72043646d91812,1
0xA14397a9e269fC5B28608f8733EAaF0D380850E8,1
0x32e964613cecbd8fafc865fd58f96c962de6d21c,1
0xC164CbAE8cf837C8Cad47AFc79C1E07de1C55CD2,1
0xE16D761050049A10E009bA9d79A1939EbA58D971,1
0x354bDD07F909Ac8d23c212116c00281De6Cc47b5,1
0x05e3cfBac994317c5CF88C698F9875c6F315324F,1
0xED1794550d568A5f8e08bf986eaA97e2dAf7D5A8,1
0xB00826a8B73fCCEAdEe519FcA4A9ae342c405B27,1
0x538994DA4Ef59747357f789DE3597261DC0C556d,1
0x1efa92E5C8b6FeFD4c11eBC3E322eE5fb482f9B7,1
