0x48a5d9e70f5482b157e6d12d40396261f40b7f35,1
0xb3dc583658e50268519ba8d7ea4afa0dd7ecf573,1
0x7d1b503E2f5A7D0d6Cb16869C3035F2074D66F63,1
0x373041976325b97aae7E92f73D424cd693abFeD6,1
0x2fe972927d0740474a494F34C4FEd3feF3948b08,1
0x9F5913055dD2fbc3d6126828222964ECD0E49e56,1
0xC21851684fDC3B56e9Dd556B2dCf6FAAA726d6cF,1
0x5DC45BFFd9ce7e3798F08D8fe39ecF84a1ec80B1,1
0xB3199137008D0a4AB2097C8d956edC999d1FCDd0,1
0x370D1aE9fd616b2F89Bbb4EadB3B904ed01DF460,1
0x55E7144582B340e83D6612eB137440cbAdA04d48,1
0x5AD18cFA6b90988D1c823BDe23898b08951F7D22,1
0x163A81C7e62EFe047f8Cf1C626f0E653be7EE5c1,1
0xff16e238e492267e63ba97de49e74d7160abc9d8,1
0x81A042146b198B60B0C1f7738001c12266A2635F,1
0x85b8b7e00d6843c73d9f41e646bf7d0bc4bc238f,1
0x721900A0628940Fec02063b05E6ace7dDFdFfea4,1
0xB4Ba5fE9f02370879104CBED289B8B048a5973ce,1
0xe6F9B88b160D3Ee1B548F291cE108C008962E8E8,1
0x5A243d536702b99220e7573b7C51D5bE80b3221F,1
0x373041976325b97aae7E92f73D424cd693abFeD6,1
0x0A566270B3659dcdBA017309006B63Cbd3f4f50f,1
0x82d51CbC76e1640Baf4455f6A07D749295677CA1,1
0x535F73Fc4a4A5597eE0BD3574d5680d6CC1132cd,1
0x1c41078b25af77299f44A868FEd693211a647298,1
