0xd677e6458c75F3A875Aa98822cb6543f4ECf1177,1
0x9F5913055dD2fbc3d6126828222964ECD0E49e56,1
0xde71809abab5123aa17aa8999443d3df641b8dbd,1
0x5104789a1519d823c17149b3d311326ae93fa14b,1
0xaeead20e455f69b3eef4a7af17fc0dda8c15bb51,1
0xAeD6F1e4DB5ee58baFa0F7A7eBfE0661E737660A,1
0x5085015f67e031a8601fa1311f9cb8bd33ba56af,1
0x919973B4bDCABd65Bcf32b25719285406C451ef6,1
0x0af5838a1af2eb10a678ca6b8698d44c05a4bfbe,1
0xb00d912E0efe5C5D22f2E61B6bE6b2f4101D91df,1
0xe355bAb95bb9b76A428df7Ecd61e5E649CA65800,1
0x7c82a6A8d7C9601F6A2E04d71EAd60d7dc12c853,1
0x397Dbac914aD31A36FE60678A2FDA01E9AdD7FAf,1
0xaca6e37c9a5f388c0c93f15e24566aa37e52c277,1
0x225de4493364f8a6c28c1da75a42ed231439941a,1
0xd39372B49dDDD774D764764AB2dFE79E9B9Ef6A3,1
0xdAf242E53F5f2688aDfaA516318802A2ac27fC3C,1
0xe2b7d08f3f99a8a2068fc0cac6011206ed6bd962,1
0x550aa01af0b54fdea9c8f58163080daaadc2b9ce,1
0xe03c00bf3ed68B2bf602439062B68eed862D126B,1
0x41631DAeFd18871d6b798AEAbF24ed4F41De1D56,1
0x1C5E2d15A35DDb2730023922D13b8D1C5349a5eA,1
0x5C12AA0ab7BccB0A6049F1D6A6749939b6fcEf37,1
0x77E6Bf90Eb4059fF2153b445862D2060f7E4dF62,1
0x05ddc671dd5b2ec311af8a13e6572886e65e21bb,1
0x9F5913055dD2fbc3d6126828222964ECD0E49e56,1
0x277d976De6C9DB3f0DB3Ad2Fb9ECaF3581dF84Ff,1
0xedc5c453D846F11B8112D0aA3359eA29393b8C63,1
0x6cBA0EF97A26252aa63A8AE0529e3c66F72e84A8,1
0x6Ef63bcAb3a3440E1998a4D84fd1e347312F33a9,1
0x0d187213E66BF354daB7eB2dE63ED54F8EdF11f7,1
0x3b606b9eB0098F40b502346D160EBCbb8932e4B2,1
0x84479Dc3D01C1eD6587D612505Ab60FcdD8E375C,1
0xd677e6458c75F3A875Aa98822cb6543f4ECf1177,1
0x3777162DF24336155c264934E806f9D269fF9df6,1