address,count
0xa5cf9535d8c963fddf8b4d2910688fd08e3d4fd5,12
0x51e3161b8fbbe705564990cc63cceee63b6e372b,4
0x4ce9444ab98962ae1cea3cfd00460bea3d67a17b,3
0xee667a3c89c7ee6e5a9595f998d32642dfd0931f,3
0xa359c7bcda584bca4612161179bf36b6ba13e43a,2
0x410ec4517517eedbf1593f46519bf36af438c7d2,2
0x178d77951f4c00bb67254009ad36bb3b152a7926,2
0x397c925c1194d172a10241465370fb3d26bfce6b,2
0x05ddc671dd5b2ec311af8a13e6572886e65e21bb,2
0x04ae05dd74eac00161eb45aa4d48ca803e4bab3f,2
0x8eed6a455fc8bfde703ff097c1ddfc5318d497e4,2
0xe5d5ef33ae5f83c6163faf817e9a40c860638ab9,2
0x81c35ac5d1699884fe88a7812c6c8e4423d03d74,2
0x0d0cb0e747ef8c376eeba2903166e47d39cf0723,2
0xa45f1058bed58821846533441b5618ef5f00ca5f,2
0xd38f49ead69006d10769c5a6508f6e2a2554c5a6,2
0x6b4e5565ad4864e3c2c79d4a04e75aba5690e8d4,2
0xf123e2025e7790126045be0fce7107bf707275cf,2
0x564fc5027be63048121d54608cabf441e1f63473,2
0xfbd34b9d5b13199544d8e645ee1360cd5cf1e969,2
0xaf9556ae9572fbbe9d1bf7952340f794f9ffc135,2
0xa0bc9f544453061b18202a377854ae28f837cd24,2
0xca1295b72a3f5469e4e75b6c819024a4716700ba,2
0x01bb57dde333314a7614973c67c60c598f076e14,2
0x01973b582de3fb9eafd41f0280eb81e10078c473,2
0x832bca8f0a208eaf4b77c08f2d3593fc272f30db,2
0xbf68790df0a7f71c835aafce18696f499bc7d7a4,2
0xe02ae28eb98d5807379743ae2e6025401ee4a5b3,2
0x660d31b03f86543859ad8608fb09cfde81c45fea,2
0xf2a9ea275238a92a71711bc4281695dfcdfba602,2
0x7e9c268d38da976a1b371ec72cdc83c728177858,2
0x8021a0bb1ea7ed05dca909281621366181e7b9a7,2
0x5ec53a549466e6a7bfd3bb63a0bc23492e57793b,2
0x594c9ad8d38fd59daeae8520ab1e31b2a866c4f2,2
0x279344af33805d63edef97e1207bcbf46ed40be7,2
0x182581e76a98d8aeda1cd47637406305f4655954,2
0x2a88b62af6db9861b1859bff5427895d025e63b6,2
0x69d7dcffef87f243bfd72a5d6b0ef4a5385d4a0d,2
0x668060e22ec7ad63909d0c7be0c3f5f05e7fb8a4,1
0x39bb3c5bbf98d2a9a7e214b86c9a570e2dfe79c9,1
0x1a8e9daf5cc731cc9e0b304ddb0412b989752b8d,1
0x46661fbf7216bea3a0051db206786105356b05ba,1
0x0096c9517cae4b8c9cc031de98312a6f221942ec,1
0xf1f0eb8167ca4bb4549d44ea907b10640e8ccfde,1
0x7b1a1f732e26c91104914ce1e495f9612d9435d1,1
0x5d61c0f102e2938fcd1345948a05f06d234885c1,1
0xe1d2acc5c8804d9aa9f71aaa33c341f86d3ed171,1
0x8d785bba7e2b6e745e975f7db774f39432a8bf2e,1
0xdfec82535b7623408efe0729f51ac92dd04c7cda,1
0xdd1ced52b3dfa54d8248b07f7db56305705e3c74,1
0xacb3491fddfc8ab02eb49109eef89076052d9b54,1
0x49c1b2b92a7b8419b49393abc07a271b12279a85,1
0xa6157aaccac19c7450d3b4c0d9026cc669cdd916,1
0x2cecf610640f9e922363ce51d63244dba09a2111,1
0x24f6cba85893195dc8456d325802c94ed952e93b,1
0xf1d42dba62c6ab93bdddd91ef0e1e26e768800c0,1
0x3f16e8373abdafef411bd9d5b1e7e5e11261e23b,1
0x1fd40eae7af7ed2eb7fc536c357460063317ab9b,1
0xf89b33d8d1e77c654fc0a0b45f95dd67d93b96a7,1
0x5b6fd1d9c74186a9082e22ba9a8ea5b1f6a253a9,1
0x6bb4b6d7a6c69aea6c8d02ee93250066612539c2,1
0x4ae18cc98092d3103cb6f3d81d0d563a31db2bb9,1
0x5dc45bffd9ce7e3798f08d8fe39ecf84a1ec80b1,1
0x60492a421454a8b06c4a495d263cb7cb7b1c414b,1
0xc0583c1d2c9af167966faef99ce925ddddadcc14,1
0x511c4d6cce87f564d12cd36f91fc18692523673e,1
0x5678f92f425aba27f22781a37ae6e8a44804eea8,1
0x6d542969fe331aa068c687a07bd47442b418f184,1
0x82e2060a6872ea88608a1c5edf61e7b3a5c5eabc,1
0x15948209fb8f0946b9feb72ea509760a3ae23cb1,1
0x309f3266ce00b952fad075554e7666ca4425488b,1
0x603f885b5543d534f53474456c8f63cc114361f0,1
0xd8455ee2befda71bef72203654bbd4ff27a005f6,1
0xf14e74510bd67cba6a458245e771fdd0f9c38c4b,1
0x88823a64009daf7110d4bbc470fc8790ea8300ea,1
0x99db44a434089abf7d5238f9683394405119572e,1
0xfb5de75372e7b10e73463f71289c6276833296f8,1
0x408b37aa2f1eb5246aad4f1a06099fa44805f517,1
0xc8efc072f0002bc6ef6a61eead1a3301543bc00c,1
0xa2d16b36d9eeea50b59448e0c985a81d020c1e79,1
0x8fd5048e56c5f08322662cccce60adc5ead4dcde,1
0xad6e30463d5c95e31e2eb2bfb0dd2317d7a2cf26,1
0x7860c8f083e9458e5d4c49fdab5761f8d4637f5f,1
0xd2e43a7975986f0f47329026ddc6537a63bd2c9d,1
0x78d74e5d07f744fe14ea94879f3158df9d4549a8,1
0x1fd724da432736af3adf0a161466b09765df5951,1
0x6ef63bcab3a3440e1998a4d84fd1e347312f33a9,1
0x6e75ce1b6211a3aabcace63d99326dcd6a441095,1
0x172d03cedb7b835ea1c8962181f09b9f1aff4516,1
0xe68e5ad811cda389576a7346aa91e9d912394490,1
0xc88910c401ac093017dbd816a7810abe9f8cd13f,1
0x387fe86d6abfdc8c2c3a01fef3e6f8019cbffdf2,1
0x460a22df113168b0315b7a3e05040e48aca828b9,1
0x99b0ee8b91f0d1e7a32947df149ad07fdadfc8ca,1
0xeb14d159a7bba1651beec46589fef3b44f058010,1
0xc191a3dfa1fa0237305dae3f5dc1ef40b8d8b53f,1
0xcb7b8a1dbe163cb3ccff2fbc4e55bca30cda300a,1
0xfc120343310b71433bfd77d429033dad926e7742,1
0x034c41e64c66fe7f6679c6122342557fc6e2bf02,1
0xc0bafc6dd13319fddf3d721e99965b2f1fed512c,1
0xff5bd276090ead8dd16ec3b10746ae3e4bb1052c,1
0x25469dffe6d0d88819d089c218ca21d15154ad6f,1
0x33e4fba738b33436955bdb44b6cbc1bb1bacf5c1,1
0x9c9575bea7f25a3ecbaa962d1aafcfab1166c7b2,1
0xb975b192c6b9a01fe603778ae82c1cae86d6b3a1,1
0x5c1643e4caa7a6d2ecd37aca614c5b189b16e803,1
0x3fa80f754b007c9ea09eb26ce9d6721f50dcf637,1
0x074ae057b158f2656348f9cf19033dd72a597f3d,1
0xe98e723d37f122dde1b6c5484129e82bbe15592c,1
0xdae99c142b70e94c3f3db1084ee1569a09a0b1e3,1
0xe6dd2e2ab8ef62464f755326ef8673fa69f3d1a3,1
0x29351a592f8a865b9352485f5e07d7bbccb6d467,1
0x6912c167987545ea2a7b1e2738c05db13d11f162,1
0x601843925fcd6747a7bf4b6ffa5235ba7287be13,1
0x9f5913055dd2fbc3d6126828222964ecd0e49e56,1
0x30424b5e15ab4b6ebb406fc90e291a1f6af9349f,1
0xdb45cecaf29d1a9c27e7f726781b820b1a36f592,1
0xad423123bf6e2d70fc339eceee4b034a5341afa1,1
0x8c20ece464e9b19fa4106405874d610633ca3594,1
0x915da37f772f9d87f84a9e521f2354124b17e621,1
0x26a8b3af634d9a09f1fe18efda4def127c81f527,1
0xf0b81125710f4198e19b9015f1b4d86a47b7904c,1
0x687b322144ceb67675c9066d30b5717751ad56e0,1
0x3445bf5a46decdb46bf60334ff59c83d7aae9cb9,1
0xd5ce6b75692ecb4367d5a34e9f7b9d76e0ab2418,1
0xfffdf90844b8f1f8626cc46b7772fac86e3ff8e3,1
0x6cc3b02e6f54fe6b90948a10a776ec10539090ce,1
0xddbceaad8dfc60e3e3714f723065deb848cac2ef,1
0x709febcb352200c2d045445aae95f1abd479cca1,1
0x1ecc7a4159bd2eaf8ad3cb2cccba05a324c9b741,1
0x3973a9a447343325567405781f56306196461349,1
0xeaa06c64b56ea34e12d0eb31706d6bc987752e3c,1
0x01e7cf758c71db9b0e45dc875a7f65b25cab9dc1,1
0x06803c599f616c79d50da7184576bc89d7473dcd,1
0x98254e9005410c332d189987ecdf14705ccbfb36,1
0x3bd3ee9b23381e4a866c48ad819c2c728fa11f9b,1
0xe6143afdd60db7e847c7f855b35593323eb83fe9,1
0x277d976de6c9db3f0db3ad2fb9ecaf3581df84ff,1
0xc42ddb5b39e0a6161ccf35bbf54652f7709676ba,1
0xfceb2c2575dbbff5daaf7d05c6be477c0af29794,1
0x0f212a76157bd07b9b0efa1e6aacfcfd0111da4c,1
0xc143e085621af6b82ba18de3dd794b31179f4140,1
0xca12fa387652a35e8d35876784d4a364007ebcec,1
0x579c870343d855954328ff0dced56b6890099039,1
0x1a9df3d0ea5c834cf330524f653af3e5dbb56c27,1
0xe55f22b26253fc5a94e90d37732e0f94fe118660,1
0x95d9e25922c1208d932d765d807d2bc90b2ba403,1
0xd2530247dcbe1b42923912ecf1bfe1bda332bdbb,1
0x672f28a7c84528e277623a70c90600d6efca4362,1
0x0319ead10166fb9f9a907856e8c03bbdcee06ce5,1
0xa7c398cf84576a7550e06c24e7b2b9dab425ae77,1
0xa865c8cdfcd73b5c23371988c81daf7f364b395e,1
0x06fdd770e58b3b6bbe7cdea1865caf2ed98ce7ef,1
0x007489bb91cab23ebeeed0da5d5d106f0410dfed,1
0xd96ad7cf2de28e3984b7a52e02b6148e8b7e88d7,1
0x83599b1811fe8440bfe0e07f52d42d68e646b29c,1
0x2388273d0bea36b60d89f878336c22c2f62a86cf,1
0x998109067e57adc10003d1fa874e0b3945d3235b,1
0x400fca97aabdf333f89ea982c297e12842ce5659,1
0x1ac09be4e9504001ce07be0e178068f09a52efa0,1
0x361aa2f20133e11f7207bcf5b7e458e15ede4f82,1
0x01180f770161351e946f6665befa13beb56898fa,1
0xf9493be7ed679a7ef122fd9daf20b0360f90cb99,1
0x5404a4d869b31e1ce899b02c54a0c3556a21e4bd,1
0xbe7477f91cda5a3cfde46ca6e2d8fe8a1c51161c,1
0xf873e9fe95b1704c1b1b0de65adb68b3ac1a7d9c,1
0x916b601e00a4a369a0f02d0baa5e46aa04b0b818,1
0xf958add3619c72dadee9ed9d9dcf7af2a4656da0,1
0x957b49e01d8c0ecd5853de50daf2c0986248fc25,1
0xf04a00df890b69fb13ac4dad814f2c1c5213f75f,1
0xa6be3a39998fe41f999f1507ecc65863c8678ab5,1
0x345222ecc676db61a6ce5701931748d758aeda87,1
0xfaf5ba840a9971975ab9e7fd38634290956ba181,1
0x0a566270b3659dcdba017309006b63cbd3f4f50f,1
0x947d2f5870ef3d3c5dc086977f3435dbfcfda164,1
0x9117a2798182f79cc9aad4038858b3f8b5b2d6e9,1
0xf571dfa941c9b29735063e78ab0aa53971e3c045,1
0xc4b7a8038735de7d7ca6c2f9558a48b16f22ad9f,1
0xb8fd34be242f2917cd80f5cbc28abe5ee55203dd,1
0xea751437ced38098f0358b4324aaafe1a99e7189,1
0x48c5810c8271577a40d1f0bf5fc9f09990f0561f,1
0x284f6b7274f1099f312fe0dc1bd75a1f4bccb58a,1
0x9e8cee5b380cf6ddae9d2f747ae1035785c55fa4,1
0x320b5ceb70bac26d31d387b5741974e2a654a551,1
0x39a897d311373c1f66b474ffe955f04443887115,1
0x92cf1aec23a1faf66b294f68194dd442cf05764a,1
0x3098c5a36091e6373c328cc5985883bda5b2358c,1
0x923d0a52c6435e4a5fea38b9a6cfa6f24e6f2f6e,1
0xc05b1022947220473a4c7c7dee19286d68170f50,1
0xf2397b7789098dbb3d20ae3eb4c8e6247696b824,1
0x6dd36ad3e465fec6d7ad6147eb9042027ecd5b16,1
0x1dd5dc0747423c5092dc99840f7cf970ebb508fd,1
0x984776b3b3271d220db553b56672a3d1d5233533,1
0xa23bb686e63be3b662bac856a79c2574a7a916df,1
0x8f43e39667bfd6d571a7e4a69df2e5646e92319c,1
0x54927acc4191460dc2c4fcf028c9a1fb7d0d9d9e,1
0xd601559265035c1e4cc8b0c7e4f7877fc30224a9,1
0xd5d0813ea12172b793b13bc2b8131eeccc34c6e0,1
0xafb21637d4549008af6674b89ca17d85ee110ce2,1
0xabe99ab34b798bae75608498e172145bf836b15d,1
0x350e52a9bb35d017fafda37254363c5d24fbcbae,1
0xf4e696d1ce13488cae5549d5188d21253e429d65,1
0xd1262aec709e0a0be6ba3e738e71338f2691b4f2,1
0xbe3a2fc1e9a794090f9ee093189d21e501449717,1
0xf57cbab388285d67bc369399cdd8cb7a1fdf55e1,1
0x677610ca53d5413dc706e2fb6bcd62374b173255,1
0x144020e3428e17d3e32be937d3291ee90ad59880,1
0x31f297bff214d45f848cb16339c55d766ca1c840,1
0x48c6f64c91dc5eee124d2089433a55840199da5f,1
0x61478791f6422b35abf1ad0989cd0dba2e3d24ca,1
0x1c0258cc7e83480ca7f0156fa87df89e9f45827d,1
0x2315343f7debb59329076f55b97b3b3fa90d047e,1
0x25b0fde467be2380c6e3b193cdc04273be821e96,1
0xd50b0016b6b38f291e94d730f46e1e1903f07f79,1
0xd53f5a4f9d30f98ad81211b6f6a8efbd00afa5f9,1
0x98b19463b6b1e02f4efe443d445e434afb1794cb,1
0xc65d0a236757a7ae8d5b14f2bbb1ac229cfaefb3,1
0xcfa352baa635269275f8f9cba315ade6ae4ce270,1
0x3e21a68ffafaa6c6e7df7b7f06b075231deba27b,1
0xbbb82b40167b7150fbd864e1ce03d752e2056a06,1
0x5db6b0bc97f41ad4b160115b9429e26cdff99b52,1
0xc06eda246f0eb6d594540f79a6199b1fd3c7a3cf,1
0x2c167eb1fb6237c2526420c6c1a3814c4bf5b6b2,1
0x6e77ca0ae2b43999c40623b69aba33392ec9b332,1
0x10a1ba21a3b11f24f0aa93711c00cca2da382f3e,1
0x3eb6551198837257654344a70953792525a073ef,1
0xce6d560610b016bf112e18e80c1596d203e1db5d,1
0xe03c00bf3ed68b2bf602439062b68eed862d126b,1
0x028f9c4f131c8823ddd24b7d2e824e709856ac2f,1
0xb8ef5c01b9eef0a166a6eb1708d9b17351d7ce0b,1
0xc68950fad4d170bb45527e7e77c2df98e24bb397,1
0xf54f7df31fc02acc020710754f50b51dc740b77b,1
0x005ede4353980ee9c9f7e5d4d3be1c8fe4616b02,1
0xbfae2c5367265c3786ec8f9313a16ba6d863638a,1
0x7a353231179ac5792265a0f407bb7152b192f2ed,1
0xddcb09537241bfb222acf124f9b080590e60f6f0,1
0x1f903e2cbd886a73d1d4106295ed7fc3ebee517a,1
0xa29f58fa8db19f98bc630692de72a2a400052e24,1
0xb3557ba0d49bb21b43b2a5ac1db4b5258b8e6640,1
0x9d33b891804efe54de1bfc3a23db24ccc58a0dbd,1
0x1fbc0d7ffb99cee8724a3de350ee3e5439a30e64,1
0x87f468d81a43348013d7e7a43d6287d2be82204e,1
0xc3ddcd2167607c829ebfebd790a0bb7e731945d5,1
0x642261d3a3e52dd9cdd22608f742d5d1280d7b0d,1
0x87feb900b554a63a70fa7a6e2bc968c1e2521c82,1
0xd347f7b5fab42a04177be02c1f669aab83fae992,1
0x230ba15ac0c521f311d4e77548796fc59050735e,1
0xb3b615ab7916f12ef7b1c889660c2c8a3b361afe,1
0xfc04c3c5883ba9a80c4226c24b8472b61ccfd734,1
0x8faf2ada580bf03aa1d8bc89d5f4dac1716249a0,1
0x4c592ecd417d0eab1e03da091ecbf7bba61b9a3e,1
0xf3db654304e668536b1c4f62920f51cfe5a62a37,1
0x13095b1781137e73749cf8b14bc33c9fdcc7b97e,1
0x75ce876487f37c569aaedb5600bf4b7ae016d1b4,1
0x63f134562dfad5bc72f0f9c7101b2ef54b5444d5,1
0x665ae7a443e7635f204644a4b656211cebff3da5,1
0xeb419336c6578e3c620c3d35f3de38311025a174,1
0x80965bdc6356545e403ac5f871fdf98c2bf0078c,1
0x2fed5e350eae5b7ee63095682be85c04b60822f7,1
0x2ad4510f4febc4386e9732d79e08c4a15d5e1758,1
0x73872726a6aef2e647bf8bbb72239a23ea397dc2,1
0xd49e193a58cc30e1ea1182a8dd0a9aa516c1743d,1
0xadccd9e6d2d6b2080336aaf4cf8e16b3df29f057,1
0xa60869753da835e0397188634deac21a53fe3964,1
0xea5dfc19c7adfa4da1c92035647c94a11e162ce7,1
0xc1478fd24a822abe418f24276f3d68750b61d2d8,1
0x504c2fc7f7a145a84a68e517893545c59316991b,1
0xcd7c86312b0306e3afebcb2117515b93b65157a5,1
0xe07d37854cd1012459a7b625c36a3dcc6b2c8719,1
0x7d650b69edbc073e25581678145057cfbdee3d2a,1
0xa0008b45f9aff39613aa9b0b9e3b79cb25c0ae55,1
0x8b2cc9dc35e24b8485698723f513102df72295d6,1
0x3d4fbac05963165cd00aa4f500dc77638f29359c,1
0xc7a44510460b4a19000dc3c1d69d2d12d4d0a2ee,1
0x6a037b9b16a88bcae5614d5221991b423e90a315,1
0xbe84a735becbf554c53934fce9a28c4161c42709,1
0xa42e5373feb4f80ab230b7616d08601d4f11ac07,1
0xdc3ee71c9fcb0ebae518d69b9d4272c87666f733,1
0xf32e1cfc6f012f9104c50ca3f6fa552f5641f798,1
0xd23b96fd4152da3bba024a219e9f6df7d74eb012,1
0x5e7f3a0ae3e2639024973c80d8d807b56423cd1f,1
0x073125d7144f7778665d6f68e46d9638b6abd6e6,1
0x4ca09e5fd52cadfed0b3e7cbbe23fd44657be6fd,1
0x164ea73ed0efd4265885bfba7d2a2758fee0550b,1
0xd61fc0f7fc08ff7ddce705a47ebaec6bd481514e,1
0xe27425cd7e1ea9658ba3f7dcdcefac5df4aa6960,1
0xadc0f0be674f3e7b225cfb6d3cca984bc09ed5f4,1
0x07c4a65451fb02785790d5537a383cc52f8acdd4,1
0xcd4519c3f490e5a2df0ae024dbba55094ba54f69,1
0xabd6b0ea5eb41d4e5780e56f4be7d1afe284bcc7,1
0x9616ec45f3bb4c63fc2f8cf78be9b0335f82a168,1
0x721900a0628940fec02063b05e6ace7ddfdffea4,1
0x24d9fba9b2f10f903000a144594baf8dcfd8d7a2,1
0xdbd5f637389abd8b32eaec97c31387f44e72acbd,1
0xadb70d78ffc6d300f1698aec698272cd0f855308,1
0x6fcf79d627a530f435de9751a63c3826d59c9cfa,1
0x29d0b3a29fc3844c96c48b7d454ecd9c57835a65,1
0x74b6d6d3cafa4b0f7dc30d9eed10fb4f09dd3e88,1
0xcf53d5e1b89fe1709f919d84b794944b2464af42,1
0xeb77a2faf6b2ccf1a327926c9a34e339aa24dceb,1
0x3b606b9eb0098f40b502346d160ebcbb8932e4b2,1
0x22216c51b8aed7fd980753c7782a3eb194e8c822,1
0xc7d4867701778a299d976b4e0bd2f87188594bc1,1
0x7e9dc2ced72f968fb4a461854c9d7c50ac1ed962,1
0x9a7f36a5cb24d7fafddfb48eb89922e2c13c5d7a,1
0x942a8e999c899118c08bc13cf7c13487dbdf8f45,1
0x1152767880bc234d1e2874ee5535f4a166a1b151,1
0xc960517dee7a3fc8b1f28481fd82756023d3470d,1
0x0dde14a90aa50249dc9f4afa84a3be4321451341,1
0x26d81d7c4e62c9b65b56dc8f4cff3d7e1c3f69be,1
0x4a79807023ebae5e181756e378bd8ec695a06de6,1
0x3f19514d4e3405e975a335876819dbf651aae23d,1
0x79b4b1cabea754114c5c8d41c7f7cdbf5b18b193,1
0x62f9137c0f29570f43b746c1e0f8ae3f12be39b8,1
0x2ddb1f09c7028f2b198d40a55bb2d2bd9de24a2d,1
0x0c56b24080fa2b53d50e2990df39eb445b866300,1
0x2c4109e0f6aa46986c66ddcd66c6c7c80cebb4d7,1
0xf8c8b7a061d57e09e4fdc6e8e66054f08570eb31,1
0xbf7c8bc9ba70589bc459b6c6ba1a9ed28abd6c4a,1
0xdc5dd3c27bbecd5c65474dd567e4d9f35015cb4d,1
0x4afd23165a8f212971ec3e9435f7c208b8268103,1
0x140db20be7c5fc554df26a27ed73c4bbafcc85c5,1
0xaf290fec98754d82840536d358d73ddd988188ec,1
0xc9a530db65ba37d679734f5e0bd0e589e69b0b03,1
0x354bdd07f909ac8d23c212116c00281de6cc47b5,1
0x33bc7c3df539f0c5b7783a3009d46314c52dafe5,1
0x8bea0eee839a22c83626d57d11a3a15fce6d9adf,1
0xb9d7b448fe70c8eddbfb4cd6c783c3b73e28e752,1
0xc164cbae8cf837c8cad47afc79c1e07de1c55cd2,1
0x49e0f8ca2fbb57fd036a3b4eddb5e7a1cd620157,1
0xd971deadf3721c4e2477397ade7678c9aaa2ecf7,1
0x50415a59ab768b3b0a1fb21833b03eb53dbe6928,1
0x82e8c378f4d9555c9760a0a81fe2d9ea043a1c9e,1
0x04256ce5f980431ec51be1e64bffd17c8b966c91,1
0xe0c01d1526af9064284d772d4904539c0c28215c,1
0x796b9aa4e0dd9b891af2b61cca4e330256c26f62,1
0xe06ba01bc014637ea30f5a86f1a683fe4769b68d,1
0x25f18dbb584ee88d7274828ce47fd55930458ee5,1
0xb63d71b82cc12977ebe2ad15c3599613fff414f6,1
0x3f7388e9fe09bdc523b03530c85d79eaa52180e9,1
0x0b01c6896ed9c8c0ed3f8e10f362b7a025c81b3f,1
0x62ac1a6c8119503d50b5cc03119e82e83344ef9f,1
0x0b1096f61407f39b28df38f7d8b0c70a0280bf5b,1
0x77d6f5c54bbe2192281f7f49f673e786b0fb88fc,1
0x39786c76037037fa6ad759780e501b65fc8b5b66,1
0xdf059ff3bf98fa2a07ebcf86f6e97cdab28039fc,1
0x39cc23e4ba992673b8d8441db4b5048bcd3c6aea,1
0x24369bce96ed96196694a69f76de1832c669d422,1
0x2458833541c6c636880c817573060735be8196d5,1
0xab2f850f45f2060b7de1aa63b364f0dd831b1721,1
0x34cb543e441dff201d6e4c8f45faa6ae612bdd84,1
0x5d73986eea71a3bad8fd64f4a47d1b7fc4fceab1,1
0xc79674fde2b1055e63e2fcea701be7b5cfc31027,1
0xc8b54be2c04701ae9fadb915f08c481ea1847610,1
0x8abb8c633233aadd907eca2ed24d89c9d1a399f8,1
0x73e2c05993cea8ea798225c57ad8966ee757ddf1,1
0xf9d0f5b2a34224b8ee1b75c57715b92ebfc4a17c,1
0xb5b13b49b8602a64dacbbcdd54e2f0aaafa2c8d1,1
0x84d4d57634291f697131adacda1d26adf70b5c3a,1
0xe955d8acf262071fd03ff8fd67323fb6725887c4,1
0x63d6e3926a80eeed06e34684ef5457a77d700b38,1
0x05e3cfbac994317c5cf88c698f9875c6f315324f,1
0x1cb938b20fa7282c2c73d32fdc3b97f8f00af2df,1
0xd1908da667632fca40b497a06e86cad9705cd2a6,1
0xd4f6b38673aeb94debcfbe5c0ea94b2fb49b28d6,1
0x51fad0b7767c7a0f6d25a90f321a5173d389d6b2,1
0xf6a864e2ede7cd6e7f6a48af3ae739b07744a054,1
0x4c2317be9d0f3a9034db2fec8d4fd4372a25ba8b,1
0xf80e9353142bd9f2f8457792ba1f8d274baa242a,1
0xe47fbe833ec6bcd0c09946809680ec2a5e7f7892,1
0x080e40de156b2ace853671c2d1384f9c0d06b763,1
0xba748e1c2e97effc27a2f5c4e89041f98375ffea,1
0x40dffdc68175f175038c6fc3f33b27da48b9dbac,1
0xc1c8ffa1826e629959a65e9f0abc11d52926ef3e,1
0x6a5e686d935534cb68aa23362ddaed1d86b3e170,1
0x17f67d8fc5dc6f0b4442564af539edddc76aaf1d,1
0x134a0a137836b1be311b5678de0b553752ec5ba1,1
0xcacb2bed1259f8e3853b89bb4d407b6c3ffaaa69,1
0x8dfec901df249a0890fa3af6948e4c5fbe45a195,1
0xc95727466f89bbbda21e04e94e15b39e5fa68505,1
0xec7093d4ca67e28857e733901f78b87a85eb9b93,1
0x2e03cb00c7ca27baaf60c1bfc5dae8981967548a,1
0x9cbf45642acf39b23a0aed84c319c46b169a05f7,1
0x7f5268943a42939dc9c1bbf6f4ce040ab57a6aab,1
0xb63f2153e4af65aad0f10531f0a0545fd6cc0661,1
0x9fb3344c268b0ffa68245cf8494a3709457246cd,1
0x579c5dbd311ef0bf7bc244efb3af1fb7bf940542,1
0x99145d72fa336ef777f8fe5be7eeaf9beed98a0e,1
0x165991b210b452383777492fa8b03734e8fc4917,1
0x0e867af6e3aa2a0789bc250d5855addf320cf5c6,1
0x948121ed0c835fc4fdbfde37c400a1d0dabf69a5,1
0xe52892cd800287269d40c4b891e0bb560003d9ad,1
0xbc2e63611a6fb97150def512ebaf3f11ad082ae2,1
0xf383acc59426ceaff298070261124f6160e77e58,1
0xa50a10b7b12ee18851d1d89483c8abf1e0188532,1
0xf4f173cde0448e9ca100c40f669cf66b83949e5a,1
0xfa791b93bfc545aa8f5411dabcba1bd1195049e7,1
0x7c82a6a8d7c9601f6a2e04d71ead60d7dc12c853,1
0x49c4c1b51140e72c7a277a9efb01a13c68ec1ee9,1
0x0a8d4daed2f422f48454268a893092224b37fe15,1
0x971c8f17a213c1460037ba2b60b6ce2e5d416c0e,1
0x264fda69aae3e5458fae22810dea3760a99c4a7c,1
0x5806b8892f0a4eb308855bf6807426721b225f14,1
0x0cdc1245fc4fd2a7b011a5b5cb2053dee54e8357,1
0x37592de810f0c76608869980c15dc4132ebb90c7,1
0x927acd1990c125397845b1ccf27794f92e5e2d15,1
0x0ac9f6e6ff0ca842348f21efe3dfb9d4f407ac48,1
0xf1d1606def79544efeecb42ecd895fb2807b8337,1
0xb1e8102cd6b2e8ed7d7a355ce22b64e7629757de,1
0x98f278aa4c1f35c40197fca9a0a65225a3009246,1
0x791b6a586ff735252029fe3ff754c220875594fb,1
0x6400b131442ad17caf696b31f68cddb0737b2da9,1
0x2bd76eb4883be5cc4ef9d59a46b45557cccbd726,1
0xd217626d506193850982a80e2fba34cfbf7b4bda,1
0x89d8fb263106dbafe032690208733dbff241771d,1
0x4485f851da7f5e960e0a7f1117a42757c8ac7573,1
0x7864546b1037acb291c10d9bf59fb541b235c0b2,1
0xe9a160052312714418ee612f270e8cc88feaa25f,1
0x2853622b5c89884f5fe203673ce7f6d432d2e68b,1
0x2fd8d4ca69ff0d2405a553398b0c7a530120d46c,1
0x5954639e5cdf58a32a2f952007563eb52a882240,1
0xc783a2839f18da05309d0a7914d1544238132079,1
0x2fe972927d0740474a494f34c4fed3fef3948b08,1
0x672af046e9c811e89d32045cbaca9bea0b039748,1
0xf29da612bc83a6dbc08c2dc4f7922997f0c3958c,1
0xffaa2c5a9b88606cf11f12666d7527af0e68eb1e,1
0x46d31e9be752043017dda9ec58647e5239e4a633,1
0xf6065731e2ff43f1c589bd0aa6cc970e256afce3,1
0x78eab9f2f6aa9d3734d55fe650ef8505c168b8fe,1
0x4d2ff74501a13eba04e5206b5339dd7d4a238418,1
0x15dcc02ed780c95538b3684f7b05c5ce9b766ba0,1
0xba2d54853d7f5e832485c6ac0cd6aa52cc8ed2ab,1
0x3169b761a40b76044a999414c776cc536a7dc6a0,1
0xa7c9e2c4dcf2e876a5503f08ccc54f8b52c2943e,1
0x9c26e88eeb8abd26b68e54a6622eab6b60a98de4,1
0xdd13c7c4e84011b22230cd284cd0c48cbeb0b217,1
0xa1a0b54333f08e37ef1cffc1e41176c3e881f453,1
0x0d410619bcbdeddf44aae037b6f1a8f444d9c0ca,1
0xccb3693ac57548a3387b5069dc3967f33963eaa3,1
0xf6801babf1b3159663312e6ecf9c4cb484fe6d99,1
0xe7184d38e439c2065f3b458f2a7ee18ee6e979c4,1
0x749c8e178eaa24560ee401de9f3652e4b5be2cf6,1
0x1d2469fb093ece0fdd2534a5183911378ca1e3c2,1
0xa0dba0f4c7ddab62a2e0dddd9159b7dade387e80,1
0x3198b92765542e2506063eff67a98b41fc75aad6,1
0x492dcb90e02c1def4a3a855c1f356a264274494c,1
0x76ea501dd51113e84da0e0c569839390f000d651,1
0x67ac0f5bd81377e940e74758c8625ac0319d36be,1
0x351e92a1ed3ee774837f39eecd2a3c9b0fb8d458,1
0xd5b3811f7e120f71cd4f344c65b090e74ae4acf5,1
0x3a3d03f3d3f0799cfb83ca8e68523a89dfaf1d73,1
0x8767b0504daad0605ffa03448b286cf09a9f8e96,1
0xf8105ef3ea823fc6816e1ae1db53b1094c837841,1
0x9f330966309a254616a8beff60c332b1435a9496,1
0xfc5b382c3bbe13e6e24ef971d288054b12647899,1
0x0ed1e6ee8b17e4d11074a39affc8b78c40861b84,1
0xd03f2e1b2aec5c0c602003f5ba9da397d32fdc52,1
0x71cd576e86b6729f02b7e475f45f1bfc97af59e4,1
0xad1467cfca4eee70f2edf18b27c657e1bd7ebc19,1
0x5ef6a47fa3991669347ba40b400d3a8e036efeeb,1
0xe228404d03b8610baad77129400897de591ddd69,1
0x616e662d822f683b65a67b56ad19f0f4db87260a,1
0xae97b3c88e0568918fe4e065bedecce1177b1368,1
0x167c14263afd7fe4485bc38a1a4b11ddb099afdb,1
0xd37ebcfbbf4373df5380909ec970d83a2fb03626,1
0xb4fbe42cfd1705aeeb5772d654189267a8a3a2b2,1
0x04fe896673f62ff1641e2b0316fbb084f2c1913b,1
0x34ab159f35d68520d96b8eea8b9f084272391d18,1
0xb4ee4a60ef0d4ec2fa8d0d440520f17335f95d6e,1
0x2b0da807d9122659377af10adc1b69805cc6ebd8,1
0x9dad8ea99187494af7a4b60a33a03418ef20adfd,1
0x675b0eb3f4b69aee250b0939e1aaacb34c0c9faa,1
0xf362f7ea4a7e187b2297dd3851511459fe8a9079,1
0x0f7bb5e49fdaf1d177741659d292367ff78f7298,1
0x46409d690ecf0038a98b2e67b90b162c4af28e58,1
0x499a497c9433557f3372a18ee88e3f3730abceb8,1
0x605fbdd3d2e9ba4966222748332a4137ed2ddee9,1
0x8661a5b1ec96b031931e1a4244d10adc392ce9e3,1
0x164766e4108a3ddb326611b42705bbc7457ac3a4,1
0x7a6a8b846f01bd1b03716e2566ddd0bfdeced403,1
0x13531bdb0d511b834153ee7a7c969af79906196d,1
0xd34223ab64aefcc34c99e5ad9196582a9ccca3af,1
0x2e05dbf19147a060f3710884a9542de8073b8d58,1
0x2d7e2384507d1a5a567522c18430dceb81cc38f1,1
0xa021fda5105f6fc335c6ba06ebb973c9eb43e798,1
0x205b41068805f8289aed04c17a6b02438000d679,1
0xb4ba5fe9f02370879104cbed289b8b048a5973ce,1
0xd301d374b57dcce33af4c464d274f7ef74e648ee,1
0xe5f9aa5fc99aca3c25eb22838162a947578c16d1,1
0x1b95d96dd36d2d3fcdd462c88eee08d11b71d2d0,1
0xfc9551e1e5dd7cdb62c7ba5c55b42ddfd8826ab7,1
0xb2b996010336a859929194c133ea9e19fe8e011a,1
0xde209b9666aac9c1581fff0b19e7138e98743fc7,1
0x8f003783ee6788b5be8025ae3c45adfe8317b08a,1
0xf95add02599af4680ee9af9d4dca37c9945fc30b,1
0xf4b41d0052e969cdaa00067af38100e5023e62b3,1
0xc1638059fa98230590a09f82f8fe195f4100e97a,1
0x537b2671238dc3db1352668d0f4f4651da8ecc6d,1
0x5079d8a1160657cf20290e9a3a3cf0fd30b835a0,1
0x0ba9bc5073b0a44eec82ba4192d9c030eadc3dd4,1
0xc118f90f8b0a31f69e8e44160c5a23376617ba2d,1
0xf2d6e9d905beb82d977afbb31a889198690a1912,1
0x10c5348f86c387831272af8967632f4421ae49e2,1