0xa474F6413B2251cD6B5D38D6FFabDe65D26FCD7f,1
0xA92548f2D5205f5dd9a62897Fe4337De7AdA1Cd6,1
0x2bD76EB4883bE5CC4EF9d59a46B45557cCcBd726,1
0x604015E9D2553084fbF995e6DAEC8d37783b4FBA,1
0x67aA5B0440cCbbd2aDd9C3Dd9fCAC084Fec3b4B2,1
0x62A14DA1590cc4e97dAb59E7f880356eb9c905B6,1
0xC2Bd6606D7c03e772379a56663312a007F4b1514,1
0x279fCA4994c82293eE90EFd3312261C772976Aef,1
0x4Eb859Fc83977267fbb6aE1066A51FB4c9086C28,1
0xC3A0178234BB7eb55F18eFB2de2d49E19567b30e,1
0xce567342549D149e71CFce924303Af0e366c3c0C,1
0xd31C1a7F94e36ddf09E15f62e06d6dFa5398856E,1
0x06e736C392E46aC2cB69009B42Ee8DF2aF5c9Bbc,1
0x5516517D09e3429E837d1f80747401CaA8f65156,1
0x929ba1070f9a89a6d0BDFa142C94278E01f3b93A,1
0x0053C2E5E612969D8A62CFF1bDCd602F94F1f4C8,1
0x4325785869A053D78f29920b1976B9E447830dC4,1
0x00A26Ac6fA704A4d46ab507d182cC992cBFdb675,1
0x31d6BE6ab952645F517a34CBd6147A7E19319632,1
0xb8F4f86d8df42bA486FE4B226aEaA1d95f139a5F,1
0x4F28D8C3f54998b333C22FEB7CC868078aa7532E,1
0x90a633F3BA2950e356DD1eC3908A433C9Fba6C30,1
0x2eA280DA34b70a2134784aB1D2a1F29f1Da5Daa2,1
0xcF02e9813C68c6d616c36f72189AfCf979E13E41,1
0x86F91B254983e2fC6C0269460b1968c96A455E4C,1
0xe3EE076D4815ebEc2daf290F963526683Aae5061,1
0x9779608369D748E32ad3f80e9FC72D42Ea46b189,1
0x0e6609537D3cbe8991D310823aCa647eE8D83Be0,1
0x62d7B3F0f4561058eb14C1c9f92Cbf2Eb1D938C6,1
0xa5587F457B1972e83C80B77Ca40445074b6aB4cc,1
0xcacB2bEd1259f8e3853b89bB4d407B6C3ffaAa69,1
0xd1A7293d84B611D250Afe2e04C5283608960dcDF,1
0xBeD276fD07b2D36F3E9045D6569DA13F92381868,1
0x25f28245A5b4e5000d58C675936d2766F9F37717,1
0xABC8c3042932Ec16CC8E969928e75A9C6C948b8A,1
0xC50CEebc0Cf0db1A02ae46117C4cDde2D3fC4cB1,1
0xC3A0178234BB7eb55F18eFB2de2d49E19567b30e,1
0x2241DB85c1c42c851B96015165bf99cc4b1c52e3,1
0x59cdc9C838B10C66B07B4D35A1aBA2f8FAb90b06,1
0x0236fa417cac7857f0f06855c215bdd6a45d9542,1
0xc27841799fddbff8d08fbdbbe406c1312f552a65,1
0xd2232f3dbab45635cc688695a6c15d862e0dd1a8,1
0xed6f2bb3d47af502cb249d2638193a231a9fbd29,1
0xf71918BEf1DE36850Ca24aAf8b4FB5D3D2e78fab,1
0x884a0a45f025b4c7ec12df583f2a68fc7f107b05,1
0x885a6f5153762E1409d447632BB974392cEE58d9,1
0xa628c1d8334c91fd628f6febd96f89723be574e6,1
0x81509A662D96FFA1a2C63cfA2a3477A66521AB18,1
0x117238db562229fc9184ef41b66623A1317BB93f,1
0x73A83072cB101C07E3E2325B5233198bBD0152e6,1
0xA816a185105dDFCd6aa9ccfe9e7db9A77E73b734,1
0x51e500c30B98F77e6E4b08b07e3756807A7610CB,1
0xe69600e23759C375a5C3d4084E9cD2C357a9472a,1
0x00d1f36b44a397fa2eb83301F5d517F87410284C,1
0x29177264204413BEb8e8359a565c44523e1cb3C8,1
0x9ddf934c03a0cf420eb3ef57df970d80b0270384,1
0xE05C5CE262934236f4E630350036aa7807189B67,1
0xf4B41d0052E969cdaA00067aF38100E5023e62b3,1
0x32A27B2E448Ce5Ad7ec451fd6DCEbFa25B17b420,1
0x20E2B8eD11f5ecdeeC5D03c32611FFA6809202ce,1
0xc9cdee460C767cADC3318fb4DfDeB4F00Bb07a9F,1
0x5997cb8227989e253f414aB4ed4e168355AdafC2,1
0x2Ecd68aC4c5C9AF7421352cd953Ad1122257E96b,1
0xdA34d750190bc5B92D4796f09447d0946c774800,1
0x9ca73054BADeE6B9270faC11e1d87B323b6189b1,1
0xd1db5d62cc6ef79fe68243123b76729829db1f4e,1
0xc8b54BE2C04701Ae9fAdB915F08c481Ea1847610,1
0x21bc41E7d424503baB324371daed0808d26F3745,1
0xe562D1db0c42fd10e1D1aC24C59ca9D371C53899,1
0x0b01c6896eD9C8c0eD3F8e10F362b7a025C81B3F,1
0xef49cc2efBC4EC984590cCA7c5A0cD54Cbcc5805,1
0x6571026B1561763a3BB84eb32995F727E42F6156,1
0x6f1e765d9098b2654fa5821dceb5da090133745a,1
0x7ae2AAd8579B4955245F8d87309b4BBB66A6590D,1
0x3Af674bADBc9729eE6C34BcC9b966dFc2F98D7Be,1
0x45823462449d3eba73046ebb844bf17fd227bc09,1
0x3496bebf1555394f60a0fc27451474a867169031,1
0xe40298d3B0a50A645F9FE012191c02b2Fa1E1cfb,1
0x51d82318f6ff8e4d10e061767e8b657cc78eebfc,1
0x8747Ac659DBDE60E09596Ac0fd1bE75Fc287aAFE,1
0x2af3bc5d8fdf2d86a09c9b66761f285de05c4f2f,1
0x11e05c7d54b7de41e8d80e0791c0808246e1b448,1
0x56ba967e61ed54faa8f214a4f69295aef07c1309,1
0xE12f6bC440a250FAd9b60d07eA6E781278570349,1
0x170dC55021d5D207238d192559c4d47Ab25d6E80,1
0x2515fa8CD7a6456962a6dfd4c9d540B43A40deac,1
0x5fb7A33A04bfECA8B49e76A70737671367982064,1
0x617Ea197eFCb1170E517f2fC0C872499E28FcE02,1
0x2621ff52911029525833882312e5beb91e087d41,1
0x89D5b82DE65fB7101Fb93BA21f4d91a81C76D4e9,1
0x39877580793906a9197b6078C009bd6665f35a88,1
0x7d904f608B38a8913d094D108be3D6a87ab2eDd9,1
0xf61260a2465f1f6E1219A407C8e80E3FC85FDc88,1
0x9548F15c36C37Cc0e4ba90871CbbE80B9B86cafb,1
0xd2cde3a0e267b7f8cff979ee9dc5ae0a8304ec10,1
0x8418337D61d18757527eAF2228Ed5592220f5bA2,1
0x13d3ab79b5dd8a303b7afc4ab952c5917b6b0be3,1
0x63E2981cD1C80406484ab73892934Ca261F05624,1
0xC78aC86fD95CbC2c153c63e72cDe91FA8097f0aF,1
0x7111BAE5c3e3f2C3E0a847a28d6823115Be3713A,1
0xe8cf64f211cfaE63Bf55e6324Af38d4d4F7dACAC,1
0x3D0d491e9855cd0F8A43081B20caE019a416B782,1
0x0f34d9C4E01f9f350536780fd1fBc05Aa3E3403D,1
0xEDC0f30D965476921359c055821411fC3C3f3e75,1
0x3329eD9F649098B442Df3A397E949e226EF9FcdA,1
0xC115822E45cb075789e93b0b80b0987C3c60BC34,1
0xA0b1ff9E237d2D90Fa09E91fc118467cfBe8BA83,1
0xcd3da4D2f19f3696FE9ECe6C8647bEFbD7686F5e,1
0x6F96327541513BC4070Ec9CB88134dC1C6AD1ae8,1
0x42cc4533d68e08251e13a759bdb1f4a9a96f71dc,1
0xae8df2be289cc4672b11ad0f1a0e889825acb62d,1
0x888c1546006f545A6904b43F258362bC6ff35A63,1
0x8f1f92949214f16bB722b18Fd560056d68067392,1
0x70D8420B524d7A77e49622E53513af4fDdE87A62,1
0x4E264F7Bb3A78722721Fc337E466C16894956A79,1
0xce4531ca0Ccb498181Ef19C5f70CeC67822EEB36,1
0x4c2EE2896c48EA3A6d4e3037F0F67664fe1a22C0,1
0x78400185AdbF467CB6409621dFe73CA282d31fD2,1
0x691c6264522F15C156Fb05Cfc8553a4e9392fC9D,1
0xB60441aFebd73cc637Ece2a39160fAc7564D5a23,1
0x6387De1d25B01510f210aF30e430235b9Adb8715,1
0x7b64644a308ea7e6d3ee30f805cb1ebc783be9eb,1
0x6d24ee55cd05040cf3a2a01844a9490413145311,1
0x87996832d57dD740141EDa47D64D55429C5773a9,1
0x6DB874C864A434841B89036239B3b37C46C28559,1
0x65A54db24dFFf657a8aE2a1ef11F619FDd4c6d3b,1
0x1c5011CF7dAf00fF7c94dE86c13709bfCB64c04A,1
0x8B719aF23eb5A9d9844ebCF28903Fc3BDFDe54Ef,1
0x83C2B862eFD9d2D147A9e49A6cE9C0B914B8C862,1
0x885B0DC9774Ea8bc6E2B9b27F8e53175a8001E08,1
0xBb05a82D684569b0e83F981Cd37f3C3d98964b32,1
0x8195fCB431ec1c21Fa88AfB4523590eD5a843C0f,1
0xbeC8f9a57701aFe7034c62C03f0B6516e9c52917,1
0xdAbe796EAac85BCA33DD0a6793F6c3107d41F04B,1
0x80Fb9BB18fEA5FC9107Faed9C171C90c18717F72,1
0x659Ad5AdC1Ee9A26597605C54D8a7F413Fa3Be2b,1
0xDc39DB2575c4516e629457DA5aF3ba4B9D47EFFF,1
0xCaa7bba72C88C25392e32E91AFcFAB381D4dce8a,1
0x5e2b61716f7aE2Cc9A414671EA6AfF0880Be6560,1
0x136c4f9958F3c50Fb378439a0Cb54Baa07Be397d,1
0x8c9FeceC478E7C3a175f7d3039c6F4dE3318cec3,1
0xD5F415eF3790a61921494064383638723c3Ea9c2,1
0xBF787c726d6e9D5d7d1D42218778fa33C8Bd58a5,1
0xAB7854751DAE834770f10d596453b27f0cB2C33A,1
0x9C411bFCaCE4F8f854fD7F87eB1712c2ef43a8D1,1
0xF758bA85312A24D3c056bcbd5868614BD9B62b98,1
0x23CeF64bF197f7Ffd84571FEC4aB21576CA277c8,1
0xb4F8720b8614acD16880da41287A395065225224,1
0x79d7DE54E31d6E0c573B19D3d82f63Ac219B3f32,1
0x14443d7CcEdcf8eA9fC607c6F013c128B2C650f9,1
0xEa1D3EB394D291Bd80CC65D9cA628E3117357604,1
0xe3ab35673e361e6cbd5713f5799c909288bce6b8,1
0x4a147bb8249802a795e7f6dcd36925a7c55c80f2,1
0x9485B2719742eE2c6ad5c7BeE483C3Fe3A967dfE,1
0x169cEddf6854e02a9Cbc49592bdCacD7af4EC148,1
0x434a7C70D711D11B6688F23D38502d953Ac53721,1
0x42B926a2209aE9aa85e4Cbe75617b5AbC37CAdf0,1
0x3df79d1e1C536cE4b8D221C34796373f9c55670F,1
0x028427038C45F827c94754eAd2c696C1A764CB0b,1
0xfb5f1bad466cc65d7830dea2315eaa659169d19e,1
0x575c6086AfED2A0244E2B445D4241c3CDb40a1AD,1
0x5C7E9d2809576a2c72c9A3724AF7f912B39d7a9d,1
0x5E8bb171EfB4EF1DA79479C794d5B8ec550233f1,1
0x4e778f5b7223432707a4f1ccd1abefcbc7a16be2,1
0x87AF9bbAFd4630e6be4F48a865AF86cF9CFccDe0,1
0x945F49D4eB43DbA8774E61cae49412acDA3e6F18,1
0x2F23A8296aC49b949cacCFa65Ff4AAA3eD2b6A9a,1
0x749E26AbFd6Ef58651f45166a1e1f252160b6181,1
0x1C67667c0dc15e07d8e075dB61fc3974480cb9ef,1
0xa73CF18151C79710d2419c0b1B2271691c3112Ef,1
0x7cA4b2608eE8C09b9AB3B6E08D4c3aeFBf3dbD61,1
0xEa751437ced38098F0358B4324aaAfE1A99E7189,1
0xC179d9017Fa3A85926442e14cF053478A7D782B6,1
0x597d79C140590c64A29191f5beB40a3b24130Fda,1
0x1180e9b9C96282Ff97eb29B53C90Ee8678b7ae4e,1
0x0B36957a4C7038810f516CD7593a22941502A2B7,1
0x76Be6c9D15f65522533e48623Cc20C24eaFa36Bf,1
0xA1f0B873EDF189E4e57E089Afe2D99Bb4B070536,1
0xC50783f589C68E6E7A5A28e1384233D06e64F2c9,1
0xf200EB4c82386fb4f70A9c18dE438144932cb9f7,1
0xdf3934C6820b57eAE901A1E8eC95BCcB44473276,1
0x944D4D5f88a003c1a22ed4399331D08816b10211,1
0x25F18dBb584ee88d7274828Ce47Fd55930458eE5,1
0xB7a1d3e7Cf024d855af989F0E35031D3a424D5e5,1
0x36273E394900472897a4bb24a161326621444ED7,1
0xc812e634d5B5504461179b75a65798EE37F7B1DB,1
0x55C95E1e331447ef4c84BB815aF776563488Ac18,1
0xb12AF80a1A0cd276688d9ab62CE27D43C2a9F486,1
0x29921406E90fD5136DeD6b853049907630EA3210,1
0x60aE9eF8644AEb20f007C95E95Fdd3D52e6CB946,1
0x925FA66A206D7525CC34628A239C756a8A6633c0,1
0x0c58dF0337D3E9694CaffC76ad9e295797375086,1
0xe70AC2e2a69C69600933BEC822c2CD05F724DeeA,1
0x9a06B26304dD2361a0347b26C4D27791fE838704,1
0xac41f92DD958f3D16d26Aa04DB90915520fECa0d,1
0x03B22902A36eA97A2c38aEc70583588A7A05dE7E,1
0x043c378DDB5Cf6dE51e5ef05dBF51bd57f48F1d3,1
0xd8b516bb1c4658daa788a36b6ccec4874e9aa539,1
0x242a1F9bB7348936170B7125F2286f107E4C0729,1
0xb7E98f471862483410Da8Da52aE9597cF50B019A,1
0x42bBa826834916674Cc9D672D260512737bA88DC,1
0x42f3d7e255482642d7b51e7a37bce55de5d04999,1
0x983424440c3eb588fd82ee20b819bfba0ac2926b,1
0xf3e901c1865d2aedbba732d71b9d48ff993b597a,1
0x8dDF4C88fA593E939d3217AbC2f24FfA2837e83a,1
0xa593909229A229BF3d808Affe84ea6B77793E30b,1
0xdBA4c4C539D6cF06f587Cc4A80eCB11993A4e30B,1
0x7c25c1F1B28Ad08E40673c6E0D06F31BDBC56c09,1
0x95F95727D57F4Ec335cD7b58eD4B1d0Ab967d71C,1
0x9FEDe5c290CFEf0624c7666c3dcf0D043F16E7a5,1
0xca925b5ffca6d7ddb97bfdf4b3ee0abc48dc147f,1
0xe70f4c1EdA8955f7306c25Fe3fa1635297a7f95c,1
0xd478c62c2Ff94Cb8B49313077C4d73C4C1361bc0,1
0xFd63d9503e4F0D538b48c163C224d93e0Cc9537C,1
0xaf57e2f2259dc7cf92779e33bf4ca827f254cf22,1
0x7109813826de93697ead1725085a84886ae91b13,1
0x2136494bb64e1c4f738436f82c88df9d9863b581,1
0x82BAC937BF4849dee9731968cA867258ACEdd769,1
0x8EeD54fb7ba85807A200f41a27d5D806365FC92B,1
0x8F3Cb1AC71F13082444a3288FD0C89D0Cb8980Ab,1
0x707371F9589204d3C7d4e290222aF51818cC9b0f,1
0xe3aF8E77e92d0730199774673F68557C3Eb3DDe6,1
0x14475F3B886634dcD501EBc0Fd555660946F52B8,1
0x86c435eA168163759Abf1A1100Ab77C5A74FC39f,1
0x626765499B38750A3F213e7A0b2505A75b5495C4,1
0xF9621606bd1abC95741Bf5ACe533147466416433,1
0x1020d9b2Bd3c4c54496396647391a14C2dD812E4,1
0xfE6b7A5f7F7D6693AdaBE33B8E3F64863005eF43,1
0x8408EAcbfC6E4979d62Be7A0f8e92AFeE2035AEd,1
0x4458cB658d49d44F31C6a5D086801760557982B9,1
0xDDFcd2CEA3811Ec612C5a03681800F820EC57B3B,1
0x653F2baA33Ba73063700C0322a1C99AA00e27EC5,1
0xc99ac7717dE5DEfBb96BfC6bA7e761b589b03f9B,1
0x0fF73f2287d546Cc9a476B1f8e223585593be36d,1
0x1468E4993DdB875E38f1173c4Cdeee0b11456289,1
0x34917580e0794e66f87A9b757f197EaAD49e3Af0,1
0xFD88246f942fb2AeF973d27b10BD165E6C2f2923,1
0x09Ab7669c82C2dB6b6d896eFed62AbC2E5E06f9b,1
0x8CE2f79A329A3AB2beBD1f682E4E03129241657D,1
0xe5f4de9B8164ef6fcA5fe9b59782D69494D15b4F,1
0x2506E5326cFAc5061Bf85b48530558Fa17B02215,1
0xED4eBcd8D790824708E16ced47Aa508887a4328D,1
0x9b930e250F54df7C7f4DD5DB82487a7Ad1A08972,1
0xF51A8e9b96Dee25BC8a1D312a23d7e7A9A77E777,1
0x61840Fa938298A2Fa1d41Ad12842dC1ee401DA8a,1
0xDE1717aC63f48aaA6C240dFa2BCC13dAc3dE7Efb,1
0x7869C06Dac2142014643c4BD1a146be189d5Dd00,1
0xdbfa0e2fc74f0de93a70a93d0b0f90b634c3a625,1
0x83Baa01051103079cD885c92d8425E6F59b05188,1
0x371E9C2015CeD79F0cADC6fa100FeF3d9CF7cfC1,1
0x9750229b9c97d5ec8b65a1edf00922d42d080910,1
0x31716cb06b9d7130e03400447405bb850f99be48,1
0xf81Be768F587DA3C0c9f1FD9EB583e6c6Ad3B252,1
0x69c5669e9d4fe33a51d4ff31c1d5248d1a0d7cfb,1
0xB2263f74c12E04279e8D35A70A063Da3c4b77B77,1
0xadd25243006d1f67da64ecc76363b9d61a3484ca,1
0xa23d6f6be9c5db87d6405540212d0c18262455f0,1
0xae99445b5ee7ab30ebbe83ad4557ade9ee42fb60,1
0x7801BB640e1717F67502B81CE59c0691A5137675,1
0xd995afac38a00e1a90c5eb82a48d498eeae0cd67,1
0x3f8cded4a6b4a3ac45c5e13f183a9704951dac23,1
0xfc2577345fba4fa09c75d4fc2534d78338080814,1
0x2F315966cf87d9752C60c8cACf7472d217BD7933,1
0x1e2298ea5f1481e6a97c309d7252f5f7d601e86a,1
0x0f7c2b0be1e098c66057e75d53a53da75d13197e,1
0xA816a185105dDFCd6aa9ccfe9e7db9A77E73b734,1
0x137621829c4293Af4bda07aB0D8935c5798dEa0a,1
0x96DeC2287EE86392c8de6eC2D84b436AF8c69616,1
0xB6c7eED531e607bB3Aa0Ed742fEbee40F4eB9646,1
0x8cd0d1074012c078a93EC386562E8aD942589e8B,1
0xb75438d1914DD0d6F9d4F90ee259606ecCaFA2E2,1
0xf9DE78FfBc6b9507Bf3eA35C488223b66261a3e5,1
0xBEe111a1336Cc86fD8B143Ef79765b389AECC536,1
0x7769455Bd3a6b1782b61893237CCb3e05a77C67C,1
0xeAb1A94a20c5AbD7E2f5bAC415b92f82e1Df0e73,1
0x392745949db5C0f0751aBdB8fb05dAc0770b9B59,1
0xeeE2f4049875b9CEEA86C55f2146d04251ef8c5b,1
0x90de332A117C2136D66c7813E1FDa5e32c273282,1
0x8ff19817bB771D6EC28376fC5D872FC8727d7Ff1,1
0xB9FF39ceA81b7e778A83CeC442D4a74c823C4d30,1
0x525B35166DC5C0575beB4224576cE08b371D582B,1
0x4A555758D3496bE55BA5D92ab39e700A391efB4a,1
0x316808F098BF728570edB18e894A2e27c92F945F,1
0x5C7C69eBF9c8a2E48F082615AC59194F439098Eb,1
0xC3c88852871Ac3174F40E97bdFdc184FbBCcAe62,1
0xb7bEA02AbB871D85Dce8B75a9078C9e8Cd2A1B5A,1
0x549A2f9BeC0AE0D746A5e884C012A4bb79D9EBaF,1
0xa7B2e618728a192f1e596e74ACa0DF06a145B536,1
0xcE4f44649079eF323d1684427C4A8c64Beaab6B6,1
0xfcBc7a0ad3f4b5Db3fd8Fb767c0F49fFF76574D1,1
0xE87294Fc9395b18BafbB4635442E3fBac4006E51,1
0x7302a90Da7647e88D6AF35c4676EdA20F94e71d9,1
0x3d0b712e66433ce43E7683DA0B9586685ef91066,1
0x714B7D73dD5171BcbA026FF7324945E0dDe1f09A,1
0xe5f4de9B8164ef6fcA5fe9b59782D69494D15b4F,1
0xc4e97974972fb0b4Fa75CEb09e7a35408EAB0671,1
0x6Ab4662A4093Ae24D19a26ccD4C10c1807c6C7ff,1
0xaAd8E0E8e938DC76dc1005136d7fFc8Bb5501b19,1
0x03aC3B14Ac989671e2CeaB10A9D24e71381ce562,1
0xE4E82f28f67c509aF82c1D16E970048CdA37EF7A,1
0x53a2F682B8450FDD3b6b10B36B8918B415c6b499,1
0xe057Efb98F31bB9a39F0C85F5Cc6027510e4643A,1
0x329C43Bd672331C246D1F917bFAeC1b8315E21A7,1
0x1C063E85e3FED7C9d82517865E8cED5d4f756137,1
0x3FF2aab8b5c684BC52ACD274495fD688A8Fb7E11,1
0xfe0Ff9Beb4b084E60D569A2797f60A15033a97BF,1
0xC44CE12F327EeCDE95e95c5c7F175705D3ab9F11,1
0x9D4acE7152315FFA09E8cFce51EFe30d311C84e9,1
0x4bfdb9bdC4C8ED6E097ed55FB4F31C822e8c28C5,1
0x0d092A697A947e509DC3318e258d675cB48C684a,1
0xa12FaEaDD4933164c9c03431655200648aB402af,1
0x397c925c1194d172a10241465370fb3d26bfce6b,1
0x0941f8999F955d3b22fFc3A01323F4029bBAb541,1
0x9E7CfA2eaDCa5A46bC44aDf2D3e4Dc8BF5539874,1
0x3F0F20e86564D3c66252355f8d8ca7F329FE7A00,1
0xaf560dA8Fd665E5581AdFcbF2C0AeB3E7d741F77,1
0x59Cd13361ec72CC1739483Ff0194cf4E737faeF9,1
0x0b89A0E4c2E66e9CF9d9714027f10D2Aa5e7c6DF,1
0x0e65eac752e53c0b20702C7890a155400eCC8BB9,1
0x99F4e8D92DE5a42261B69f56C84f357E0F92e342,1
0x3763Eb7f135b61Cfb1487c6E3299515A4104116d,1
0x0093D6354842cd1938CB5CdBa36B5591549b5d4a,1
0xD4410ce02cB196a10DD822755d657afE0f179fC7,1
0x87AF9bbAFd4630e6be4F48a865AF86cF9CFccDe0,1
0x9935B1bFC40F8d8499f93321554313125aDaaFB3,1
0x53106d4a04c8d5dc714926caf7274a4c209dfb15,1
0x5729042B4b43d73F39C965364f2f1Aa22a1Df5CD,1
0x8d10B65b72c2da25Ea6AEFC51b49595568ae2c97,1
0x9Ce9CEb22d26962605dCF620ba4e3a402c61Ff92,1
0x4481f8BcDF79118a6cc69A9F2Cf4A319f2eebC5e,1
0x614DAAD6182607be0aEB181696aE19a9586171e2,1
0x5F74f112BaF0228D237b988830dC0B6aCa992b54,1
0xB8C6888407bcb54c6465f43f520deAcf425ccf73,1
0x8651c59940e8F35373e52eF1c14363659817E404,1
0x86DD4FF679c16B7bc0198a5Cb0611f15F1c30eFc,1
0x2954Ca7271775bcb60F542E9c4fBdDa24B5c87AD,1
0xE08c8Ecdce96A7DC2D3F1D779f8034584BA6c639,1
0x15829A676F66A41C62F39C2117046c2781203d92,1
0x4310029Bac75D9824253b2b115679b79757eca62,1
0x390d727c1Fa341f9933BB795e89a9D0376811842,1
0x484a8D073545CCB8efe711166b8b7A4faC46c3f1,1
0xd96B267df2560454b618B4601F1d58047d68E1cc,1
0x70706423a8adEc28b11077ea508AaFd7D8c1b0a5,1
0xf95ADD02599aF4680Ee9aF9D4DcA37C9945fc30b,1
0x45eCDB7CA79dD53eB339A3E9CFe5232891Ce7c66,1
0x7A6B7E4C0168e5a3F9D4Ad4Ad47557319cffF4FD,1
0xb78D8c71fEC1f7C2a3ebd9b41794441B2f189f29,1
0x6143B106A892FB4EB376BCF00Fc6bE69dfD4649C,1
0x0fD7e54a44146A4E42F325444C488F721E1BEc47,1
0xF82DE931dA8202303F6174E8699317733c293EEf,1
0xa3bBD113fBe5075b97391b578dF0b92Cdd93B4A4,1
0x710B1B09b625D767e62429108B9f7436169840e2,1
0xfbD4ec80F3d913185C6B69856F53c8C9eE5dC43C,1
0x8D2c446625826b26cc85CFEAbF500bb177c6d3C5,1
0x67aA5B0440cCbbd2aDd9C3Dd9fCAC084Fec3b4B2,1
0x8418337D61d18757527eAF2228Ed5592220f5bA2,1
0xDdE85cc4ec65375724707468Fe1786D613cC7860,1
0x5dD5Af3aC256A3913017D3645a491C2eF935887e,1
0x136c4f9958F3c50Fb378439a0Cb54Baa07Be397d,1
0x8c9FeceC478E7C3a175f7d3039c6F4dE3318cec3,1
0xD5F415eF3790a61921494064383638723c3Ea9c2,1
0xBF787c726d6e9D5d7d1D42218778fa33C8Bd58a5,1
0xAB7854751DAE834770f10d596453b27f0cB2C33A,1
0x9C411bFCaCE4F8f854fD7F87eB1712c2ef43a8D1,1
0xF758bA85312A24D3c056bcbd5868614BD9B62b98,1
0x23CeF64bF197f7Ffd84571FEC4aB21576CA277c8,1
0x468d4d54F3cCA992eDE9E0b09D2180296710AA66,1
0x7bDa314BC085Ac9802Aaaa437929c442D3B040Ec,1
0x71212Ad4495BfC751284DA619DC3f6c405BF0958,1
0xa62272e6CD6327323432fe8a2d3cedEE65276697,1
0xa9C295B85c2b825db051F23c15F1D98C8637E2b9,1
0x9Ff86b78DDE0EaDcd1F6c023185Fa431c25492A9,1
0xB3dBB7F1bE00dec3e7B08090137B44F994AA0Dd4,1
0x2F7C5DAdEA5F5D680bcb4C536328d26918B7Acd0,1
0xabb9437385bd06D547439B492d06927bc0e95EB1,1
0x417F8c4af284B46287f6EC15C6DaBa4Bd333DfE4,1
0x8Cd6555F2D22Ae19Df649cEEC549853025a47D92,1
0xe07c1d95d9a7518dcd5691efd45aeed6d73999c1,1
0xFAACF7BDaFe09359427e5be98cd54A880aB218fd,1
0x4d4e9389b3b15919b8ba5086e2a8dcad830fedc7,1
0xe07c1d95d9a7518dcd5691efd45aeed6d73999c1,1
0x6d3050fdd928a01accbcadfb0e2e91180e34f8dd,1
0x392436028b9f4dB58ab5E0EFe221AeDEEfB1Eb88,1
0xCb7C1f707167bED84E80D73D11022D55E0E34d79,1
0x951C21677bAbfb68456a9F82bCc654AC0D42B30e,1
0x82CcF965f79B5B0cDFA9DC6F7041B5B0D4C75dFb,1
0xE8f29E49FE2Af8c3dF5b90e78BCd0dfcC2fc4a5A,1
0x09286273954d1053a5e449d8733dfb492b1bafa9,1
0xc1d63bfa0e51a6e7dba89db43a312ec81fd0156f,1
0x96000e00ED499D2c8d530307b5B223333CF4eE87,1
0x5405e550115464acfae47eb0d00cc1c7dde33f61,1
0x272f0F56fc330715Ca42eb3c5b334c2A9443Ca02,1
0xf78f1e1a7126c6ece2fa26ba1e4af40995599319,1
0x68baEF621ABa0fbF93FE5050BFbd54532BD4df62,1
0x0bF72234c7CDE63b135a0Cc1B67433fD22cB021F,1
0xd247Ef7F5AE411778e23AFe1556AdBC1862174ca,1
0x12E17dae99C62b349B4EAd0E5d909790E445e8B2,1
0xa2Fe857df8435dBfe38A09db74DA876917Cd9168,1
0x3796cDD33a94950a914c01D86242bF8E23A95cE6,1
0x5371A09d14385CFeA8FBD77522b9ccB426FA260f,1
0x69C75b9E50066520706dC72e68f2c5D6d37D7A89,1
0xF802808bC0c9ebb1829048AedFdb00e1BB9E3425,1
0xE0401e383E4a646E4Af81DBF09987b7128962a38,1
0x7DfF09A660231c32b81762a537843650aB13c457,1
0x71839611456026C1950420B3b2f7Cf96eE539d71,1
0x9b3691b575E40cA5D95c93415Df4df184Db63F69,1
0x1ED8488ae45b85C78502C44EE6fa84c493d6b990,1
0x17829e71cde000133D1f049D99F7cdD5713B318A,1
0xCfc40977B9d7650EdC5a6eDe97DAFBE80Cad2a89,1
0xC38fCea9Bd18D6cf299ab513bFe780386BB616De,1
0x06CB30947e084A196f0AAb2A697Ed9d250BE2504,1
0x5E8Fb819AA379279fb171101C1f27f77eFb3ebE4,1
0xAb679A63FfC99a99Bd1e7f617e99fa1d84e89e7f,1
0xaCB3491FdDFc8aB02EB49109EeF89076052D9B54,1
0x6c1ae8A46B572CA6E28D88D9D7b76B76Efc7C42b,1
0xc64F933eF8362623C1b3e3C54D4a6B7C110359f7,1
0x35Ab8B59212f6Ef839B986cF2915eb17B240cF14,1
0x1DF72Ea3306B8351522aa0C5E128825970cBE952,1
0x8a622bc901de1fa2384d42ffa79606e446ed788f,1
0x3e7f1c082f91002f5d0c912670715b5ae2280636,1
0xe02d45b43f6b1f015094a1a9a08155616e068b9b,1
0xF3d6606C53F149BC28cFde869484ee36090D7ADe,1
0x0D1ac737F7cbFeB3b00EB73A404bf051DDf47B75,1
0x431a256a84b405a8d255b9f4a282e9e9d81251a3,1
0xCA428d8d335be438F667470B43181Cc9E9784e7E,1
0x980E7a88dfD2d8e613B9808152AFcb389c82bD24,1
0xeA57C931c398659406Af0cEf27b2d931d8F1f541,1
0x320b5ceb70bac26d31d387b5741974e2a654a551,1
0xC09347836bE1DcDE4E3a491b2e970b8016227656,1
0x2e9ca2d573b38b4177c17c74cee4c0ce243ead92,1
0x8834c6De04f8C5d25E08E96621780f109D38aF3B,1
0x6b483a80bc4e5f34ecedf9c758fc624a88cf9aba,1
0x30402e7FcCc4f34148b0D41a0Ea42e1fDA645F09,1
0xDDE73f2315f09b61384A91F1Ef61549eBA226452,1
0x31Cd022Bc14a1A0C1E3a4D482382F63aDF4d4350,1
0x131660c19E22094ABD181220c545fDE0de4DCfDD,1
0x54a3a5f13a82adae6858490dce6698aec002eff1,1
0x87B6BE30787C64032288a9c26Ed78299bE0F5ecB,1
0xC26b38C3013485aCfab6d39929E1D2b50F97Be58,1
0xf19fA3A4dD24427112E703d9cabE7c094515D034,1
0x25062c30E879E0309888b5AAE87EFe12350B51Da,1
0x3d678b344cd25b6CCDA5b4286e6f2A0709F37C39,1
0xF6BD664f8afa7FFf58b62261F6cd9884A23EA1E1,1
0x22E6A931B65c8dF9CB9C40537809707F6BD1fEEa,1
0xbd03d6929F3545fdCb33658f09D1EbA0D0f7F34E,1
0x0B0Bb7239F366fA75A7e283C53fa4d1128fCbe41,1
0x2741023a81A16790cA55e5a41c5c108eD7460aB0,1
0x418FB85387C4365a7A338b48BF6Ecaa6704e42d7,1
0xB6b11fB4f518228015DBCE47cbE51C51879548d3,1
0x8C77F81945c4D4B575766B07e7052396903F008D,1
0x88fED15C06d84820beB96a517Fc8F1F5e50d8E88,1
0x1Fe3d0ACc5E15Da88a5AE1Fc690e6308DAF10FEA,1
0x11cb91bf7acbfbc74ff72edd59edbdd78e2d82e6,1
0x4482b28fb9c1a3cc34de4b03c66efc835a80b461,1
0x8a97b34dcc3d2df959e99662f1c280a64e833769,1
0x04040f24ecf91d7081973aa160b348a7e66614b5,1
0xb9b8122ea0cd542ca5dc7a325bb07e4e5c205d99,1
0x62F872c9633743030A306F0c7f6C8F4973005430,1
0x5b537a59dA8b98196b12fCBb4B64725933FDcb8c,1
0x4Cd4eBc3d215035Ac0A1495F4Bb61d888ad25049,1
0xf3a41b054f79e3F556a18d6e0bedEAcAFC28660A,1
0x29565de1cf6981af0ec8f88ec992dfc3d0980798,1
0x14a4180fe3401165d8429f3c4866446951bae1d6,1
0xd7dabdae7d62412582e1ed4df5b69f473d51bc23,1
0x1f14ce80f10b5a244c2975961b7dfde5a13e619e,1
0x4b85047a37af3bD3A221c717D67A7828C2EED62b,1
0x7437bd3b82ce76e8c0754f6763bd71a01828a64f,1
0x305db874b3701773e995e5642dd895a2ec03673b,1
0x40c9fd0114795f9edbc294efbb6d63ec102bcee5,1
0x8858a5f3951ac4ff64347d70057995dbc49b7cec,1
0xf99634369C9905CbBd82d7B29612Bbab9367EDaC,1
0x78c144c522c7cdf046626a99fbc5d4d70879951c,1
0x1136df0695519c871e2e6895e13d2155ae94f20b,1
0x8edd1f1966aebc63ea6f72132b1824c92f58d784,1
0x727a4cb864305Ea00d03106c7297f0659090d520,1